43520;2
43521;3
43522;2
43523;1
43524;1
43525;1
43526;1
43527;7
43528;5
43529;5
43530;1
43531;1
43532;1
43533;1
43534;1
43535;1
43536;2
43537;1
43538;7
43539;4
43540;2
43541;1
43542;1
43543;1
43544;2
43545;1
43546;1
43547;1
43548;1
43549;1
43550;1
43551;1
43552;2
43553;2
43554;1
43555;2
43556;1
43557;1
43558;1
43559;2
43560;2
43561;1
43562;1
43563;1
43564;1
43565;1
43566;13
43567;12
43568;11
43569;11
43570;10
43571;10
43572;9
43573;9
43574;8
43575;8
43576;7
43577;7
43578;6
43579;6
43580;5
43581;5
43582;5
43583;4
43584;1
43585;1
43586;2
43587;1
43588;1
43589;1
43590;2
43591;1
43592;1
43593;1
43594;1
43595;1
43596;1
43597;1
43598;3
43599;2
43600;3
43601;3
43602;3
43603;2
43604;1
43605;2
43606;2
43607;1
43608;1
43609;2
43610;1
43611;1
43612;1
43613;2
43614;1
43615;2
43616;2
43617;1
43618;0
43619;1
43620;1
43621;1
43622;1
43623;1
43624;2
43625;1
43626;1
43627;1
43628;1
43629;1
43630;1
43631;1
43632;1
43633;1
43634;1
43635;1
43636;1
43637;1
43638;2
43639;1
43640;1
43641;1
43642;1
43643;1
43644;1
43645;1
43646;1
43647;1
43648;1
43649;1
43650;1
43651;2
43652;2
43653;30
43654;1
43655;1
43656;2
43657;1
43658;1
43659;1
43660;1
43661;1
43662;1
43663;1
43664;2
43665;2
43666;1
43667;1
43668;1
43669;1
43670;1
43671;2
43672;1
43673;1
43674;2
43675;1
43676;1
43677;2
43678;2
43679;2
43680;1
43681;2
43682;2
43683;1
43684;1
43685;2
43686;1
43687;1
43688;1
43689;1
43690;1
43691;1
43692;1
43693;1
43694;1
43695;1
43696;1
43697;1
43698;2
43699;1
43700;2
43701;1
43702;1
43703;1
43704;1
43705;2
43706;1
43707;10
43708;2
43709;1
43710;1
43711;1
43712;1
43713;1
43714;2
43715;1
43716;1
43717;1
43718;1
43719;1
43720;1
43721;1
43722;1
43723;1
43724;1
43725;2
43726;1
43727;0
43728;1
43729;2
43730;2
43731;2
43732;2
43733;1
43734;1
43735;1
43736;1
43737;1
43738;1
43739;1
43740;2
43741;2
43742;1
43743;1
43744;2
43745;1
43746;1
43747;1
43748;1
43749;1
43750;1
43751;1
43752;5
43753;5
43754;2
43755;1
43756;1
43757;1
43758;1
43759;1
43760;2
43761;1
43762;2
43763;1
43764;1
43765;1
43766;1
43767;1
43768;1
43769;1
43770;2
43771;1
43772;2
43773;1
43774;2
43775;1
43776;1
43777;0
43778;1
43779;1
43780;2
43781;1
43782;1
43783;1
43784;2
43785;1
43786;1
43787;33
43788;1
43789;2
43790;2
43791;1
43792;1
43793;1
43794;1
43795;2
43796;2
43797;2
43798;1
43799;1
43800;2
43801;1
43802;1
43803;2
43804;1
43805;1
43806;2
43807;4
43808;19
43809;20
43810;19
43811;19
43812;18
43813;18
43814;17
43815;17
43816;16
43817;16
43818;15
43819;15
43820;14
43821;14
43822;13
43823;13
43824;9
43825;10
43826;9
43827;9
43828;8
43829;8
43830;7
43831;7
43832;7
43833;7
43834;6
43835;6
43836;5
43837;5
43838;5
43839;4
43840;1
43841;1
43842;1
43843;1
43844;1
43845;1
43846;1
43847;2
43848;1
43849;1
43850;1
43851;2
43852;1
43853;1
43854;1
43855;1
43856;2
43857;1
43858;11
43859;11
43860;14
43861;17
43862;19
43863;18
43864;18
43865;20
43866;17
43867;17
43868;16
43869;18
43870;19
43871;18
43872;13
43873;12
43874;12
43875;11
43876;11
43877;10
43878;10
43879;10
43880;10
43881;9
43882;5
43883;4
43884;3
43885;3
43886;2
43887;1
43888;5
43889;4
43890;3
43891;3
43892;2
43893;2
43894;1
43895;1
43896;1
43897;1
43898;1
43899;2
43900;1
43901;1
43902;2
43903;1
43904;13
43905;21
43906;24
43907;24
43908;24
43909;23
43910;23
43911;23
43912;22
43913;22
43914;22
43915;22
43916;21
43917;21
43918;20
43919;21
43920;21
43921;20
43922;20
43923;19
43924;19
43925;18
43926;18
43927;18
43928;18
43929;18
43930;17
43931;17
43932;16
43933;16
43934;16
43935;16
43936;9
43937;10
43938;9
43939;9
43940;8
43941;7
43942;4
43943;5
43944;3
43945;1
43946;1
43947;1
43948;1
43949;1
43950;1
43951;1
43952;1
43953;1
43954;1
43955;1
43956;1
43957;2
43958;1
43959;1
43960;2
43961;1
43962;1
43963;1
43964;1
43965;1
43966;0
43967;1
43968;15
43969;19
43970;25
43971;24
43972;25
43973;26
43974;25
43975;25
43976;24
43977;24
43978;23
43979;23
43980;23
43981;22
43982;22
43983;21
43984;21
43985;20
43986;20
43987;19
43988;3
43989;4
43990;3
43991;2
43992;1
43993;2
43994;1
43995;1
43996;1
43997;1
43998;1
43999;1
44000;1
44001;1
44002;1
44003;1
44004;1
44005;1
44006;1
44007;1
44008;1
44009;1
44010;0
44011;1
44012;1
44013;1
44014;1
44015;1
44016;1
44017;1
44018;14
44019;17
44020;26
44021;26
44022;26
44023;26
44024;25
44025;25
44026;24
44027;24
44028;23
44029;23
44030;22
44031;22
44032;16
44033;15
44034;1
44035;1
44036;1
44037;0
44038;1
44039;0
44040;1
44041;2
44042;1
44043;2
44044;1
44045;1
44046;1
44047;1
44048;1
44049;1
44050;1
44051;1
44052;1
44053;1
44054;1
44055;1
44056;1
44057;1
44058;1
44059;1
44060;1
44061;1
44062;20
44063;14
44064;26
44065;27
44066;26
44067;26
44068;25
44069;25
44070;24
44071;24
44072;23
44073;24
44074;23
44075;23
44076;22
44077;22
44078;22
44079;21
44080;1
44081;1
44082;0
44083;2
44084;0
44085;1
44086;1
44087;1
44088;1
44089;1
44090;1
44091;1
44092;1
44093;11
44094;22
44095;22
44096;17
44097;16
44098;17
44099;17
44100;16
44101;16
44102;15
44103;15
44104;16
44105;15
44106;15
44107;14
44108;13
44109;13
44110;12
44111;12
44112;11
44113;12
44114;11
44115;11
44116;10
44117;10
44118;9
44119;9
44120;9
44121;8
44122;7
44123;7
44124;6
44125;6
44126;2
44127;1
44128;25
44129;26
44130;25
44131;25
44132;25
44133;24
44134;23
44135;23
44136;23
44137;22
44138;22
44139;21
44140;21
44141;21
44142;20
44143;20
44144;19
44145;23
44146;22
44147;22
44148;22
44149;21
44150;21
44151;20
44152;20
44153;19
44154;19
44155;18
44156;18
44157;17
44158;17
44159;17
44160;12
44161;11
44162;11
44163;10
44164;10
44165;11
44166;10
44167;10
44168;9
44169;10
44170;9
44171;9
44172;8
44173;12
44174;13
44175;15
44176;27
44177;32
44178;34
44179;34
44180;33
44181;33
44182;33
44183;33
44184;33
44185;32
44186;32
44187;31
44188;30
44189;30
44190;30
44191;29
44192;24
44193;23
44194;23
44195;22
44196;22
44197;21
44198;21
44199;20
44200;20
44201;19
44202;19
44203;18
44204;18
44205;17
44206;67
44207;17
44208;16
44209;16
44210;15
44211;15
44212;14
44213;15
44214;15
44215;14
44216;14
44217;13
44218;13
44219;5
44220;14
44221;14
44222;14
44223;16
44224;18
44225;17
44226;17
44227;16
44228;17
44229;16
44230;16
44231;16
44232;15
44233;15
44234;14
44235;14
44236;14
44237;13
44238;13
44239;12
44240;11
44241;11
44242;10
44243;11
44244;10
44245;10
44246;9
44247;8
44248;8
44249;8
44250;7
44251;6
44252;6
44253;5
44254;5
44255;4
44256;1
44257;1
44258;1
44259;1
44260;1
44261;1
44262;1
44263;1
44264;1
44265;7
44266;8
44267;8
44268;8
44269;7
44270;7
44271;7
44272;6
44273;6
44274;5
44275;5
44276;4
44277;4
44278;4
44279;5
44280;4
44281;5
44282;3
44283;1
44284;1
44285;1
44286;1
44287;1
44288;1
44289;1
44290;1
44291;1
44292;1
44293;0
44294;2
44295;1
44296;1
44297;1
44298;0
44299;1
44300;2
44301;1
44302;1
44303;1
44304;2
44305;1
44306;1
44307;1
44308;1
44309;1
44310;1
44311;6
44312;7
44313;7
44314;6
44315;6
44316;5
44317;5
44318;5
44319;5
44320;1
44321;1
44322;1
44323;1
44324;1
44325;1
44326;1
44327;1
44328;1
44329;1
44330;1
44331;1
44332;1
44333;1
44334;1
44335;1
44336;1
44337;1
44338;1
44339;1
44340;1
44341;1
44342;1
44343;1
44344;1
44345;1
44346;2
44347;1
44348;9
44349;13
44350;13
44351;16
44352;24
44353;23
44354;24
44355;23
44356;22
44357;1
44358;1
44359;1
44360;1
44361;2
44362;1
44363;1
44364;1
44365;1
44366;30
44367;1
44368;1
44369;1
44370;1
44371;1
44372;1
44373;1
44374;1
44375;1
44376;2
44377;2
44378;1
44379;1
44380;1
44381;1
44382;1
44383;1
44384;25
44385;24
44386;25
44387;24
44388;24
44389;23
44390;23
44391;22
44392;22
44393;21
44394;21
44395;20
44396;20
44397;19
44398;19
44399;20
44400;19
44401;19
44402;18
44403;2
44404;1
44405;1
44406;1
44407;1
44408;1
44409;1
44410;1
44411;1
44412;1
44413;1
44414;2
44415;1
44416;1
44417;1
44418;0
44419;2
44420;1
44421;2
44422;1
44423;16
44424;17
44425;22
44426;22
44427;27
44428;28
44429;27
44430;27
44431;28
44432;27
44433;27
44434;28
44435;26
44436;26
44437;25
44438;25
44439;25
44440;25
44441;25
44442;24
44443;24
44444;23
44445;23
44446;23
44447;22
44448;17
44449;1
44450;1
44451;1
44452;1
44453;1
44454;0
44455;1
44456;1
44457;1
44458;1
44459;1
44460;1
44461;1
44462;0
44463;1
44464;1
44465;1
44466;2
44467;8
44468;16
44469;21
44470;29
44471;28
44472;28
44473;27
44474;27
44475;27
44476;27
44477;26
44478;26
44479;25
44480;20
44481;20
44482;19
44483;18
44484;18
44485;18
44486;17
44487;1
44488;0
44489;1
44490;2
44491;2
44492;1
44493;1
44494;1
44495;1
44496;1
44497;2
44498;1
44499;19
44500;18
44501;25
44502;26
44503;26
44504;25
44505;25
44506;25
44507;25
44508;24
44509;24
44510;24
44511;23
44512;18
44513;18
44514;17
44515;18
44516;17
44517;17
44518;16
44519;16
44520;16
44521;15
44522;15
44523;14
44524;7
44525;191
44526;191
44527;191
44528;191
44529;191
44530;190
44531;190
44532;189
44533;189
44534;189
44535;188
44536;188
44537;188
44538;188
44539;188
44540;187
44541;186
44542;186
44543;186
44544;181
44545;181
44546;180
44547;180
44548;180
44549;179
44550;179
44551;178
44552;178
44553;177
44554;178
44555;177
44556;177
44557;177
44558;176
44559;176
44560;175
44561;175
44562;174
44563;174
44564;126
44565;126
44566;126
44567;125
44568;125
44569;124
44570;124
44571;124
44572;123
44573;124
44574;123
44575;123
44576;119
44577;118
44578;118
44579;118
44580;117
44581;117
44582;116
44583;116
44584;115
44585;115
44586;116
44587;115
44588;115
44589;114
44590;113
44591;67
44592;66
44593;67
44594;67
44595;66
44596;66
44597;65
44598;64
44599;64
44600;63
44601;63
44602;62
44603;62
44604;62
44605;61
44606;62
44607;61
44608;52
44609;53
44610;52
44611;52
44612;52
44613;51
44614;51
44615;50
44616;50
44617;49
44618;49
44619;49
44620;49
44621;48
44622;48
44623;47
44624;47
44625;61
44626;60
44627;60
44628;60
44629;5
44630;4
44631;2
44632;1
44633;1
44634;1
44635;1
44636;1
44637;1
44638;1
44639;2
44640;1
44641;2
44642;1
44643;2
44644;2
44645;3
44646;2
44647;1
44648;1
44649;2
44650;1
44651;1
44652;1
44653;1
44654;1
44655;1
44656;1
44657;1
44658;1
44659;1
44660;1
44661;1
44662;2
44663;1
44664;1
44665;2
44666;1
44667;7
44668;11
44669;10
44670;10
44671;11
44672;6
44673;5
44674;6
44675;5
44676;4
44677;4
44678;3
44679;2
44680;1
44681;1
44682;1
44683;1
44684;1
44685;1
44686;1
44687;1
44688;1
44689;1
44690;1
44691;1
44692;1
44693;1
44694;1
44695;1
44696;1
44697;1
44698;1
44699;1
44700;1
44701;1
44702;1
44703;1
44704;1
44705;5
44706;4
44707;4
44708;3
44709;3
44710;3
44711;3
44712;3
44713;2
44714;2
44715;1
44716;1
44717;1
44718;1
44719;1
44720;1
44721;1
44722;1
44723;1
44724;1
44725;1
44726;1
44727;2
44728;2
44729;1
44730;1
44731;2
44732;1
44733;1
44734;1
44735;0
44736;1
44737;1
44738;1
44739;1
44740;1
44741;2
44742;1
44743;1
44744;2
44745;0
44746;2
44747;1
44748;1
44749;2
44750;1
44751;1
44752;1
44753;1
44754;1
44755;0
44756;1
44757;1
44758;1
44759;1
44760;0
44761;6
44762;5
44763;4
44764;4
44765;3
44766;3
44767;2
44768;1
44769;1
44770;3
44771;2
44772;1
44773;1
44774;1
44775;1
44776;1
44777;1
44778;1
44779;1
44780;1
44781;1
44782;1
44783;1
44784;1
44785;1
44786;1
44787;1
44788;1
44789;2
44790;2
44791;1
44792;12
44793;15
44794;19
44795;25
44796;30
44797;30
44798;32
44799;32
44800;27
44801;28
44802;27
44803;2
44804;2
44805;1
44806;1
44807;2
44808;1
44809;1
44810;1
44811;26
44812;5
44813;5
44814;4
44815;5
44816;4
44817;4
44818;4
44819;3
44820;3
44821;7
44822;1
44823;1
44824;1
44825;0
44826;1
44827;1
44828;1
44829;2
44830;0
44831;1
44832;19
44833;19
44834;18
44835;18
44836;17
44837;60
44838;17
44839;16
44840;1
44841;1
44842;1
44843;1
44844;1
44845;1
44846;1
44847;1
44848;1
44849;1
44850;1
44851;1
44852;1
44853;0
44854;1
44855;1
44856;1
44857;1
44858;2
44859;1
44860;2
44861;2
44862;1
44863;1
44864;22
44865;22
44866;22
44867;22
44868;21
44869;21
44870;20
44871;20
44872;20
44873;19
44874;19
44875;18
44876;18
44877;17
44878;2
44879;1
44880;1
44881;2
44882;1
44883;1
44884;1
44885;1
44886;1
44887;1
44888;1
44889;1
44890;1
44891;1
44892;15
44893;18
44894;22
44895;23
44896;30
44897;29
44898;29
44899;28
44900;29
44901;28
44902;28
44903;27
44904;27
44905;27
44906;27
44907;26
44908;26
44909;25
44910;25
44911;24
44912;25
44913;24
44914;24
44915;23
44916;1
44917;1
44918;1
44919;1
44920;1
44921;1
44922;1
44923;1
44924;11
44925;15
44926;26
44927;26
44928;22
44929;22
44930;21
44931;21
44932;22
44933;21
44934;21
44935;20
44936;20
44937;19
44938;19
44939;18
44940;18
44941;20
44942;20
44943;19
44944;19
44945;19
44946;19
44947;18
44948;18
44949;17
44950;17
44951;16
44952;17
44953;16
44954;1
44955;1
44956;1
44957;2
44958;2
44959;11
44960;21
44961;21
44962;21
44963;20
44964;20
44965;19
44966;20
44967;19
44968;19
44969;18
44970;18
44971;17
44972;17
44973;16
44974;16
44975;16
44976;15
44977;15
44978;15
44979;14
44980;13
44981;13
44982;12
44983;12
44984;12
44985;11
44986;11
44987;11
44988;11
44989;10
44990;10
44991;9
44992;15
44993;17
44994;21
44995;25
44996;28
44997;30
44998;30
44999;30
45000;30
45001;29
45002;29
45003;28
45004;28
45005;28
45006;27
45007;26
45008;26
45009;25
45010;25
45011;24
45012;26
45013;24
45014;25
45015;24
45016;24
45017;23
45018;23
45019;22
45020;22
45021;22
45022;21
45023;21
45024;68
45025;14
45026;15
45027;14
45028;13
45029;12
45030;18
45031;20
45032;19
45033;19
45034;19
45035;19
45036;18
45037;18
45038;18
45039;17
45040;17
45041;16
45042;16
45043;15
45044;15
45045;15
45046;14
45047;14
45048;14
45049;13
45050;13
45051;13
45052;12
45053;12
45054;11
45055;11
45056;5
45057;6
45058;5
45059;4
45060;3
45061;2
45062;1
45063;1
45064;1
45065;4
45066;25
45067;10
45068;17
45069;21
45070;22
45071;21
45072;21
45073;20
45074;20
45075;19
45076;18
45077;18
45078;19
45079;18
45080;18
45081;17
45082;17
45083;16
45084;16
45085;16
45086;16
45087;15
45088;9
45089;10
45090;9
45091;9
45092;9
45093;8
45094;8
45095;7
45096;6
45097;6
45098;5
45099;5
45100;4
45101;4
45102;2
45103;9
45104;13
45105;15
45106;15
45107;17
45108;14
45109;13
45110;13
45111;13
45112;12
45113;12
45114;12
45115;12
45116;11
45117;11
45118;10
45119;10
45120;6
45121;5
45122;4
45123;4
45124;4
45125;3
45126;2
45127;2
45128;1
45129;1
45130;1
45131;1
45132;1
45133;1
45134;1
45135;53
45136;1
45137;0
45138;3
45139;5
45140;13
45141;12
45142;12
45143;12
45144;12
45145;12
45146;11
45147;10
45148;10
45149;10
45150;9
45151;9
45152;5
45153;5
45154;5
45155;4
45156;3
45157;2
45158;2
45159;1
45160;1
45161;1
45162;1
45163;1
45164;1
45165;1
45166;1
45167;1
45168;1
45169;1
45170;1
45171;2
45172;1
45173;1
45174;5
45175;11
45176;12
45177;14
45178;15
45179;14
45180;14
45181;13
45182;13
45183;12
45184;7
45185;6
45186;6
45187;5
45188;5
45189;4
45190;4
45191;3
45192;4
45193;3
45194;3
45195;2
45196;1
45197;1
45198;2
45199;1
45200;1
45201;1
45202;2
45203;1
45204;1
45205;1
45206;1
45207;1
45208;1
45209;1
45210;1
45211;9
45212;8
45213;9
45214;8
45215;13
45216;8
45217;7
45218;7
45219;7
45220;6
45221;5
45222;5
45223;5
45224;4
45225;4
45226;3
45227;3
45228;2
45229;2
45230;2
45231;1
45232;2
45233;1
45234;1
45235;1
45236;1
45237;1
45238;1
45239;1
45240;1
45241;1
45242;1
45243;1
45244;1
45245;1
45246;1
45247;1
45248;1
45249;1
45250;2
45251;1
45252;1
45253;1
45254;1
45255;1
45256;1
45257;2
45258;1
45259;2
45260;2
45261;1
45262;1
45263;1
45264;1
45265;0
45266;1
45267;1
45268;1
45269;1
45270;1
45271;1
45272;1
45273;1
45274;1
45275;1
45276;2
45277;1
45278;1
45279;14
45280;28
45281;28
45282;27
45283;27
45284;10
45285;13
45286;13
45287;12
45288;12
45289;11
45290;11
45291;10
45292;10
45293;10
45294;9
45295;10
45296;9
45297;9
45298;9
45299;8
45300;8
45301;7
45302;7
45303;6
45304;5
45305;4
45306;3
45307;3
45308;2
45309;2
45310;2
45311;1
45312;1
45313;1
45314;2
45315;2
45316;1
45317;1
45318;1
45319;1
45320;1
45321;1
45322;1
45323;1
45324;2
45325;2
45326;1
45327;1
45328;1
45329;1
45330;1
45331;2
45332;1
45333;1
45334;1
45335;1
45336;1
45337;10
45338;1
45339;1
45340;2
45341;1
45342;1
45343;1
45344;1
45345;1
45346;1
45347;3
45348;7
45349;8
45350;9
45351;8
45352;8
45353;7
45354;7
45355;6
45356;6
45357;5
45358;5
45359;5
45360;5
45361;4
45362;4
45363;3
45364;2
45365;2
45366;5
45367;8
45368;7
45369;7
45370;7
45371;6
45372;6
45373;5
45374;5
45375;4
45376;1
45377;0
45378;1
45379;1
45380;1
45381;1
45382;1
45383;1
45384;1
45385;1
45386;1
45387;1
45388;1
45389;2
45390;1
45391;2
45392;1
45393;1
45394;1
45395;1
45396;1
45397;1
45398;0
45399;1
45400;1
45401;1
45402;1
45403;0
45404;1
45405;1
45406;1
45407;1
45408;1
45409;8
45410;61
45411;13
45412;19
45413;26
45414;26
45415;33
45416;32
45417;33
45418;1
45419;1
45420;1
45421;1
45422;1
45423;1
45424;1
45425;1
45426;1
45427;2
45428;1
45429;1
45430;1
45431;1
45432;1
45433;10
45434;1
45435;1
45436;1
45437;1
45438;1
45439;1
45440;1
45441;1
45442;1
45443;1
45444;1
45445;1
45446;1
45447;1
45448;1
45449;2
45450;1
45451;1
45452;2
45453;1
45454;1
45455;10
45456;1
45457;1
45458;1
45459;1
45460;1
45461;1
45462;1
45463;1
45464;1
45465;1
45466;0
45467;7
45468;1
45469;1
45470;1
45471;1
45472;27
45473;27
45474;26
45475;26
45476;25
45477;25
45478;24
45479;24
45480;25
45481;24
45482;24
45483;23
45484;23
45485;22
45486;22
45487;21
45488;21
45489;20
45490;20
45491;19
45492;19
45493;18
45494;1
45495;1
45496;1
45497;1
45498;1
45499;2
45500;1
45501;1
45502;1
45503;1
45504;1
45505;1
45506;1
45507;1
45508;1
45509;1
45510;0
45511;1
45512;1
45513;1
45514;1
45515;1
45516;1
45517;1
45518;10
45519;9
45520;8
45521;1
45522;1
45523;1
45524;2
45525;17
45526;16
45527;22
45528;22
45529;21
45530;21
45531;21
45532;20
45533;20
45534;20
45535;20
45536;14
45537;14
45538;14
45539;13
45540;13
45541;13
45542;12
45543;12
45544;11
45545;11
45546;10
45547;10
45548;11
45549;10
45550;10
45551;8
45552;8
45553;7
45554;7
45555;6
45556;5
45557;5
45558;5
45559;5
45560;5
45561;4
45562;4
45563;4
45564;3
45565;3
45566;2
45567;2
45568;2
45569;1
45570;1
45571;1
45572;62
45573;1
45574;1
45575;1
45576;1
45577;1
45578;1
45579;1
45580;2
45581;2
45582;1
45583;1
45584;1
45585;1
45586;1
45587;1
45588;2
45589;1
45590;1
45591;1
45592;1
45593;1
45594;1
45595;1
45596;1
45597;1
45598;1
45599;1
45600;1
45601;1
45602;1
45603;1
45604;1
45605;1
45606;17
45607;17
45608;23
45609;23
45610;22
45611;22
45612;21
45613;21
45614;21
45615;21
45616;20
45617;20
45618;19
45619;23
45620;23
45621;23
45622;23
45623;22
45624;77
45625;22
45626;21
45627;21
45628;1
45629;1
45630;8
45631;12
45632;20
45633;19
45634;20
45635;19
45636;18
45637;18
45638;17
45639;17
45640;17
45641;17
45642;17
45643;16
45644;16
45645;15
45646;14
45647;15
45648;15
45649;14
45650;14
45651;13
45652;13
45653;12
45654;12
45655;11
45656;11
45657;11
45658;10
45659;10
45660;9
45661;9
45662;8
45663;7
45664;1
45665;6
45666;8
45667;12
45668;14
45669;13
45670;13
45671;12
45672;12
45673;13
45674;12
45675;11
45676;11
45677;10
45678;10
45679;10
45680;10
45681;9
45682;9
45683;8
45684;7
45685;7
45686;7
45687;6
45688;7
45689;6
45690;6
45691;5
45692;5
45693;4
45694;4
45695;3
45696;1
45697;1
45698;1
45699;0
45700;1
45701;2
45702;1
45703;1
45704;1
45705;1
45706;1
45707;2
45708;1
45709;0
45710;1
45711;1
45712;1
45713;1
45714;1
45715;1
45716;1
45717;1
45718;1
45719;2
45720;0
45721;1
45722;1
45723;2
45724;1
45725;1
45726;1
45727;1
45728;5
45729;5
45730;4
45731;4
45732;4
45733;3
45734;3
45735;2
45736;2
45737;1
45738;1
45739;11
45740;12
45741;21
45742;21
45743;23
45744;23
45745;22
45746;22
45747;21
45748;22
45749;21
45750;21
45751;21
45752;20
45753;20
45754;19
45755;19
45756;18
45757;17
45758;18
45759;17
45760;12
45761;12
45762;9
45763;9
45764;8
45765;8
45766;7
45767;7
45768;8
45769;7
45770;7
45771;6
45772;5
45773;4
45774;4
45775;3
45776;1
45777;1
45778;1
45779;1
45780;1
45781;1
45782;1
45783;1
45784;1
45785;1
45786;1
45787;1
45788;1
45789;1
45790;1
45791;1
45792;1
45793;1
45794;1
45795;2
45796;1
45797;1
45798;1
45799;1
45800;1
45801;1
45802;1
45803;2
45804;1
45805;1
45806;12
45807;19
45808;22
45809;26
45810;25
45811;25
45812;25
45813;25
45814;24
45815;24
45816;24
45817;23
45818;21
45819;22
45820;21
45821;21
45822;21
45823;20
45824;15
45825;14
45826;14
45827;14
45828;13
45829;13
45830;12
45831;12
45832;11
45833;11
45834;10
45835;10
45836;10
45837;10
45838;9
45839;9
45840;9
45841;9
45842;8
45843;7
45844;7
45845;6
45846;6
45847;6
45848;5
45849;4
45850;2
45851;2
45852;1
45853;0
45854;4
45855;5
45856;1
45857;1
45858;1
45859;1
45860;1
45861;1
45862;1
45863;2
45864;1
45865;2
45866;1
45867;1
45868;1
45869;1
45870;0
45871;1
45872;1
45873;1
45874;1
45875;1
45876;1
45877;1
45878;12
45879;1
45880;1
45881;1
45882;1
45883;0
45884;1
45885;1
45886;6
45887;1
45888;1
45889;1
45890;1
45891;1
45892;1
45893;1
45894;1
45895;1
45896;1
45897;1
45898;1
45899;1
45900;3
45901;2
45902;2
45903;2
45904;1
45905;1
45906;1
45907;10
45908;21
45909;26
45910;25
45911;25
45912;24
45913;24
45914;23
45915;23
45916;23
45917;22
45918;22
45919;22
45920;16
45921;15
45922;15
45923;14
45924;14
45925;1
45926;1
45927;0
45928;2
45929;1
45930;6
45931;24
45932;25
45933;28
45934;35
45935;36
45936;36
45937;35
45938;28
45939;28
45940;27
45941;27
45942;27
45943;26
45944;26
45945;25
45946;25
45947;25
45948;25
45949;25
45950;24
45951;11
45952;22
45953;22
45954;22
45955;21
45956;21
45957;20
45958;20
45959;19
45960;83
45961;19
45962;19
45963;19
45964;18
45965;18
45966;17
45967;17
45968;17
45969;17
45970;16
45971;16
45972;15
45973;15
45974;14
45975;14
45976;14
45977;13
45978;4
45979;11
45980;17
45981;18
45982;18
45983;20
45984;15
45985;15
45986;14
45987;14
45988;14
45989;14
45990;13
45991;13
45992;12
45993;12
45994;11
45995;11
45996;11
45997;11
45998;11
45999;10
46000;10
46001;10
46002;9
46003;10
46004;16
46005;16
46006;15
46007;15
46008;15
46009;14
46010;13
46011;13
46012;13
46013;12
46014;12
46015;12
46016;5
46017;5
46018;4
46019;4
46020;3
46021;3
46022;4
46023;3
46024;2
46025;2
46026;1
46027;2
46028;1
46029;1
46030;1
46031;1
46032;2
46033;1
46034;1
46035;1
46036;1
46037;1
46038;1
46039;2
46040;9
46041;12
46042;1
46043;1
46044;1
46045;1
46046;1
46047;1
46048;1
46049;1
46050;2
46051;1
46052;1
46053;0
46054;1
46055;1
46056;1
46057;1
46058;1
46059;1
46060;2
46061;1
46062;16
46063;16
46064;24
46065;25
46066;26
46067;25
46068;25
46069;24
46070;24
46071;23
46072;23
46073;22
46074;22
46075;22
46076;22
46077;1
46078;1
46079;1
46080;1
46081;1
46082;2
46083;2
46084;0
46085;1
46086;2
46087;1
46088;1
46089;1
46090;2
46091;0
46092;9
46093;12
46094;20
46095;21
46096;21
46097;20
46098;20
46099;20
46100;19
46101;19
46102;18
46103;18
46104;20
46105;19
46106;19
46107;19
46108;18
46109;18
46110;17
46111;17
46112;9
46113;9
46114;1
46115;1
46116;1
46117;1
46118;1
46119;1
46120;1
46121;1
46122;1
46123;1
46124;8
46125;1
46126;2
46127;1
46128;8
46129;1
46130;1
46131;2
46132;1
46133;1
46134;1
46135;1
46136;34
46137;2
46138;1
46139;1
46140;11
46141;14
46142;18
46143;24
46144;22
46145;21
46146;21
46147;20
46148;19
46149;19
46150;19
46151;19
46152;4
46153;3
46154;3
46155;2
46156;2
46157;1
46158;2
46159;1
46160;1
46161;2
46162;1
46163;2
46164;1
46165;1
46166;2
46167;5
46168;4
46169;5
46170;5
46171;4
46172;3
46173;3
46174;2
46175;2
46176;1
46177;1
46178;1
46179;1
46180;2
46181;6
46182;5
46183;5
46184;8
46185;9
46186;8
46187;7
46188;7
46189;6
46190;6
46191;5
46192;5
46193;3
46194;3
46195;2
46196;2
46197;1
46198;1
46199;1
46200;1
46201;1
46202;1
46203;1
46204;1
46205;1
46206;1
46207;1
46208;1
46209;1
46210;1
46211;1
46212;2
46213;1
46214;1
46215;1
46216;1
46217;4
46218;9
46219;9
46220;9
46221;8
46222;9
46223;8
46224;8
46225;7
46226;7
46227;6
46228;5
46229;5
46230;5
46231;5
46232;4
46233;4
46234;3
46235;2
46236;2
46237;1
46238;1
46239;1
46240;1
46241;1
46242;1
46243;1
46244;1
46245;3
46246;2
46247;1
46248;1
46249;1
46250;1
46251;1
46252;1
46253;11
46254;12
46255;16
46256;15
46257;15
46258;15
46259;15
46260;14
46261;14
46262;13
46263;13
46264;12
46265;12
46266;11
46267;12
46268;11
46269;10
46270;10
46271;9
46272;3
46273;2
46274;2
46275;1
46276;2
46277;1
46278;1
46279;1
46280;1
46281;1
46282;2
46283;1
46284;1
46285;1
46286;1
46287;3
46288;1
46289;1
46290;1
46291;1
46292;2
46293;1
46294;1
46295;1
46296;2
46297;3
46298;2
46299;1
46300;1
46301;2
46302;4
46303;3
46304;21
46305;20
46306;20
46307;19
46308;19
46309;18
46310;17
46311;17
46312;17
46313;16
46314;17
46315;16
46316;16
46317;15
46318;15
46319;15
46320;15
46321;14
46322;14
46323;1
46324;0
46325;1
46326;1
46327;1
46328;1
46329;1
46330;1
46331;1
46332;1
46333;1
46334;1
46335;3
46336;1
46337;1
46338;2
46339;1
46340;1
46341;1
46342;1
46343;1
46344;1
46345;1
46346;1
46347;1
46348;1
46349;1
46350;1
46351;1
46352;1
46353;1
46354;1
46355;1
46356;1
46357;2
46358;1
46359;2
46360;1
46361;2
46362;1
46363;2
46364;2
46365;1
46366;1
46367;1
46368;75
46369;2
46370;2
46371;2
46372;3
46373;73
46374;2
46375;1
46376;1
46377;2
46378;1
46379;8
46380;19
46381;19
46382;19
46383;18
46384;18
46385;18
46386;18
46387;17
46388;17
46389;16
46390;16
46391;16
46392;16
46393;15
46394;15
46395;14
46396;9
46397;12
46398;20
46399;23
46400;17
46401;17
46402;17
46403;16
46404;15
46405;15
46406;14
46407;13
46408;13
46409;12
46410;12
46411;11
46412;11
46413;10
46414;10
46415;9
46416;9
46417;9
46418;9
46419;9
46420;8
46421;8
46422;7
46423;8
46424;7
46425;7
46426;6
46427;5
46428;4
46429;5
46430;4
46431;3
46432;1
46433;1
46434;33
46435;1
46436;1
46437;1
46438;12
46439;15
46440;25
46441;27
46442;26
46443;27
46444;26
46445;26
46446;25
46447;25
46448;24
46449;24
46450;23
46451;23
46452;22
46453;22
46454;21
46455;21
46456;20
46457;20
46458;21
46459;20
46460;20
46461;19
46462;19
46463;18
46464;10
46465;9
46466;9
46467;8
46468;8
46469;8
46470;12
46471;11
46472;11
46473;11
46474;10
46475;10
46476;9
46477;9
46478;9
46479;9
46480;8
46481;8
46482;7
46483;7
46484;7
46485;6
46486;5
46487;5
46488;4
46489;3
46490;3
46491;2
46492;2
46493;1
46494;1
46495;1
46496;2
46497;1
46498;1
46499;1
46500;1
46501;0
46502;1
46503;1
46504;1
46505;6
46506;12
46507;13
46508;13
46509;13
46510;12
46511;11
46512;11
46513;10
46514;10
46515;9
46516;9
46517;9
46518;8
46519;8
46520;7
46521;7
46522;6
46523;6
46524;5
46525;5
46526;4
46527;4
46528;1
46529;1
46530;2
46531;1
46532;1
46533;0
46534;1
46535;1
46536;1
46537;1
46538;6
46539;5
46540;9
46541;12
46542;12
46543;11
46544;12
46545;11
46546;11
46547;11
46548;10
46549;10
46550;9
46551;9
46552;8
46553;8
46554;8
46555;7
46556;7
46557;6
46558;6
46559;5
46560;2
46561;7
46562;10
46563;18
46564;17
46565;17
46566;16
46567;17
46568;62
46569;16
46570;16
46571;15
46572;15
46573;14
46574;13
46575;1
46576;1
46577;1
46578;1
46579;1
46580;1
46581;1
46582;2
46583;9
46584;21
46585;21
46586;23
46587;25
46588;25
46589;24
46590;25
46591;24
46592;18
46593;18
46594;17
46595;17
46596;16
46597;16
46598;15
46599;15
46600;14
46601;14
46602;13
46603;13
46604;13
46605;13
46606;12
46607;12
46608;11
46609;1
46610;1
46611;1
46612;1
46613;1
46614;2
46615;1
46616;1
46617;2
46618;1
46619;1
46620;4
46621;4
46622;4
46623;3
46624;17
46625;16
46626;16
46627;15
46628;15
46629;15
46630;15
46631;14
46632;14
46633;13
46634;13
46635;12
46636;12
46637;11
46638;11
46639;10
46640;10
46641;9
46642;10
46643;10
46644;9
46645;1
46646;1
46647;0
46648;1
46649;1
46650;1
46651;2
46652;1
46653;1
46654;2
46655;1
46656;1
46657;1
46658;1
46659;2
46660;1
46661;1
46662;3
46663;3
46664;2
46665;1
46666;1
46667;2
46668;1
46669;8
46670;17
46671;17
46672;17
46673;16
46674;16
46675;15
46676;15
46677;15
46678;14
46679;15
46680;14
46681;1
46682;2
46683;9
46684;16
46685;17
46686;17
46687;17
46688;10
46689;9
46690;10
46691;9
46692;9
46693;8
46694;8
46695;7
46696;7
46697;6
46698;6
46699;6
46700;5
46701;5
46702;4
46703;5
46704;4
46705;3
46706;3
46707;3
46708;1
46709;1
46710;61
46711;1
46712;1
46713;1
46714;1
46715;1
46716;1
46717;2
46718;1
46719;1
46720;3
46721;4
46722;16
46723;15
46724;21
46725;23
46726;22
46727;22
46728;22
46729;22
46730;21
46731;20
46732;20
46733;19
46734;19
46735;18
46736;19
46737;18
46738;18
46739;17
46740;17
46741;17
46742;16
46743;15
46744;15
46745;14
46746;14
46747;13
46748;13
46749;13
46750;13
46751;12
46752;7
46753;14
46754;19
46755;20
46756;19
46757;19
46758;19
46759;19
46760;18
46761;18
46762;17
46763;17
46764;16
46765;17
46766;16
46767;16
46768;15
46769;14
46770;14
46771;13
46772;13
46773;12
46774;12
46775;11
46776;11
46777;10
46778;10
46779;9
46780;1
46781;1
46782;1
46783;1
46784;1
46785;1
46786;1
46787;1
46788;7
46789;15
46790;21
46791;25
46792;26
46793;26
46794;25
46795;25
46796;25
46797;25
46798;25
46799;24
46800;24
46801;23
46802;23
46803;22
46804;23
46805;22
46806;21
46807;21
46808;21
46809;21
46810;20
46811;20
46812;19
46813;19
46814;18
46815;18
46816;11
46817;10
46818;65
46819;10
46820;9
46821;8
46822;8
46823;6
46824;6
46825;5
46826;5
46827;5
46828;4
46829;4
46830;3
46831;3
46832;2
46833;2
46834;1
46835;1
46836;1
46837;1
46838;1
46839;1
46840;1
46841;1
46842;1
46843;1
46844;1
46845;2
46846;1
46847;1
46848;17
46849;16
46850;23
46851;22
46852;22
46853;22
46854;23
46855;22
46856;22
46857;21
46858;10
46859;13
46860;21
46861;20
46862;21
46863;20
46864;20
46865;19
46866;19
46867;19
46868;19
46869;19
46870;18
46871;18
46872;17
46873;16
46874;16
46875;15
46876;15
46877;14
46878;25
46879;25
46880;29
46881;29
46882;28
46883;28
46884;27
46885;27
46886;26
46887;26
46888;25
46889;25
46890;24
46891;24
46892;23
46893;23
46894;22
46895;23
46896;22
46897;22
46898;22
46899;22
46900;21
46901;21
46902;20
46903;20
46904;19
46905;19
46906;18
46907;18
46908;17
46909;17
46910;27
46911;27
46912;20
46913;19
46914;10
46915;10
46916;11
46917;16
46918;17
46919;17
46920;16
46921;17
46922;17
46923;16
46924;16
46925;15
46926;14
46927;14
46928;15
46929;14
46930;13
46931;13
46932;12
46933;12
46934;11
46935;10
46936;9
46937;9
46938;9
46939;8
46940;8
46941;8
46942;7
46943;6
46944;1
46945;1
46946;2
46947;1
46948;7
46949;17
46950;26
46951;26
46952;26
46953;25
46954;25
46955;24
46956;24
46957;23
46958;23
46959;22
46960;22
46961;23
46962;22
46963;21
46964;21
46965;20
46966;19
46967;19
46968;18
46969;18
46970;17
46971;17
46972;16
46973;16
46974;15
46975;15
46976;7
46977;7
46978;7
46979;6
46980;6
46981;5
46982;5
46983;1
46984;1
46985;1
46986;1
46987;1
46988;5
46989;8
46990;14
46991;13
46992;13
46993;12
46994;12
46995;11
46996;11
46997;11
46998;10
46999;9
47000;9
47001;9
47002;9
47003;9
47004;8
47005;7
47006;7
47007;6
47008;1
47009;1
47010;1
47011;2
47012;1
47013;1
47014;1
47015;1
47016;1
47017;4
47018;6
47019;6
47020;7
47021;6
47022;6
47023;5
47024;5
47025;4
47026;4
47027;3
47028;3
47029;2
47030;2
47031;2
47032;2
47033;1
47034;1
47035;1
47036;1
47037;1
47038;1
47039;1
47040;2
47041;1
47042;0
47043;3
47044;1
47045;10
47046;20
47047;20
47048;19
47049;19
47050;18
47051;19
47052;18
47053;18
47054;2
47055;2
47056;1
47057;1
47058;0
47059;1
47060;1
47061;2
47062;1
47063;1
47064;1
47065;1
47066;0
47067;1
47068;1
47069;1
47070;1
47071;1
47072;1
47073;1
47074;1
47075;2
47076;10
47077;9
47078;9
47079;54
47080;8
47081;8
47082;8
47083;7
47084;7
47085;6
47086;51
47087;6
47088;5
47089;5
47090;1
47091;1
47092;1
47093;1
47094;1
47095;2
47096;1
47097;1
47098;1
47099;3
47100;2
47101;1
47102;1
47103;1
47104;1
47105;1
47106;1
47107;1
47108;1
47109;1
47110;1
47111;1
47112;1
47113;1
47114;1
47115;1
47116;2
47117;1
47118;5
47119;4
47120;4
47121;3
47122;3
47123;2
47124;3
47125;2
47126;1
47127;1
47128;1
47129;1
47130;1
47131;1
47132;2
47133;1
47134;1
47135;1
47136;4
47137;14
47138;18
47139;23
47140;23
47141;22
47142;22
47143;21
47144;21
47145;21
47146;20
47147;20
47148;19
47149;19
47150;18
47151;18
47152;17
47153;17
47154;16
47155;15
47156;15
47157;14
47158;15
47159;14
47160;14
47161;13
47162;9
47163;15
47164;21
47165;20
47166;20
47167;19
47168;13
47169;13
47170;13
47171;12
47172;12
47173;12
47174;11
47175;10
47176;11
47177;10
47178;10
47179;10
47180;9
47181;8
47182;8
47183;7
47184;7
47185;6
47186;6
47187;1
47188;1
47189;1
47190;2
47191;2
47192;2
47193;9
47194;12
47195;16
47196;17
47197;16
47198;1
47199;1
47200;1
47201;1
47202;1
47203;1
47204;1
47205;1
47206;1
47207;1
47208;1
47209;1
47210;2
47211;1
47212;0
47213;1
47214;0
47215;1
47216;1
47217;2
47218;1
47219;1
47220;1
47221;1
47222;1
47223;1
47224;1
47225;1
47226;1
47227;1
47228;1
47229;2
47230;1
47231;1
47232;29
47233;7
47234;7
47235;6
47236;6
47237;5
47238;5
47239;5
47240;5
47241;4
47242;4
47243;3
47244;3
47245;2
47246;1
47247;1
47248;1
47249;1
47250;1
47251;1
47252;1
47253;1
47254;1
47255;1
47256;1
47257;1
47258;1
47259;1
47260;1
47261;1
47262;1
47263;1
47264;2
47265;1
47266;1
47267;1
47268;1
47269;4
47270;3
47271;3
47272;2
47273;2
47274;1
47275;2
47276;1
47277;1
47278;1
47279;34
47280;1
47281;1
47282;1
47283;1
47284;1
47285;1
47286;1
47287;1
47288;1
47289;2
47290;1
47291;1
47292;1
47293;1
47294;1
47295;1
47296;20
47297;20
47298;19
47299;19
47300;18
47301;18
47302;17
47303;17
47304;16
47305;1
47306;1
47307;0
47308;8
47309;11
47310;16
47311;18
47312;18
47313;17
47314;18
47315;17
47316;17
47317;16
47318;16
47319;15
47320;14
47321;14
47322;13
47323;13
47324;13
47325;12
47326;11
47327;12
47328;4
47329;3
47330;4
47331;3
47332;2
47333;1
47334;1
47335;1
47336;1
47337;1
47338;1
47339;1
47340;1
47341;8
47342;7
47343;8
47344;7
47345;7
47346;6
47347;6
47348;5
47349;5
47350;4
47351;5
47352;4
47353;4
47354;3
47355;3
47356;2
47357;1
47358;1
47359;2
47360;1
47361;1
47362;1
47363;1
47364;1
47365;1
47366;1
47367;1
47368;1
47369;1
47370;2
47371;1
47372;1
47373;1
47374;0
47375;47
47376;2
47377;8
47378;8
47379;7
47380;7
47381;7
47382;6
47383;6
47384;5
47385;5
47386;5
47387;4
47388;4
47389;3
47390;3
47391;3
47392;2
47393;1
47394;1
47395;2
47396;1
47397;1
47398;12
47399;1
47400;1
47401;2
47402;1
47403;1
47404;1
47405;1
47406;1
47407;10
47408;6
47409;8
47410;16
47411;19
47412;5
47413;5
47414;4
47415;4
47416;4
47417;3
47418;2
47419;2
47420;2
47421;2
47422;1
47423;2
47424;2
47425;2
47426;2
47427;1
47428;1
47429;1
47430;1
47431;1
47432;1
47433;1
47434;1
47435;1
47436;1
47437;2
47438;8
47439;12
47440;20
47441;20
47442;20
47443;19
47444;19
47445;19
47446;19
47447;19
47448;1
47449;2
47450;1
47451;29
47452;10
47453;18
47454;22
47455;27
47456;22
47457;21
47458;21
47459;20
47460;20
47461;19
47462;18
47463;18
47464;17
47465;17
47466;16
47467;16
47468;15
47469;15
47470;15
47471;14
47472;14
47473;13
47474;13
47475;12
47476;11
47477;10
47478;10
47479;10
47480;10
47481;10
47482;1
47483;1
47484;1
47485;1
47486;1
47487;1
47488;28
47489;27
47490;27
47491;27
47492;27
47493;26
47494;26
47495;26
47496;25
47497;25
47498;24
47499;24
47500;27
47501;28
47502;27
47503;27
47504;26
47505;26
47506;25
47507;25
47508;24
47509;24
47510;23
47511;23
47512;22
47513;22
47514;21
47515;21
47516;20
47517;50
47518;1
47519;1
47520;1
47521;1
47522;2
47523;1
47524;1
47525;1
47526;1
47527;1
47528;8
47529;15
47530;19
47531;19
47532;18
47533;18
47534;17
47535;17
47536;16
47537;16
47538;15
47539;15
47540;14
47541;14
47542;13
47543;13
47544;1
47545;1
47546;1
47547;1
47548;1
47549;1
47550;1
47551;1
47552;4
47553;4
47554;3
47555;3
47556;2
47557;2
47558;1
47559;1
47560;1
47561;8
47562;11
47563;17
47564;18
47565;18
47566;17
47567;18
47568;17
47569;17
47570;16
47571;16
47572;15
47573;15
47574;15
47575;14
47576;14
47577;14
47578;13
47579;10
47580;17
47581;17
47582;17
47583;16
47584;11
47585;11
47586;10
47587;9
47588;9
47589;9
47590;9
47591;8
47592;8
47593;7
47594;7
47595;7
47596;6
47597;6
47598;5
47599;5
47600;4
47601;4
47602;2
47603;1
47604;2
47605;1
47606;1
47607;1
47608;1
47609;1
47610;1
47611;1
47612;1
47613;1
47614;1
47615;1
47616;1
47617;1
47618;1
47619;2
47620;1
47621;1
47622;0
47623;1
47624;0
47625;1
47626;1
47627;1
47628;1
47629;1
47630;16
47631;19
47632;21
47633;20
47634;20
47635;19
47636;20
47637;19
47638;19
47639;18
47640;18
47641;19
47642;17
47643;17
47644;17
47645;17
47646;16
47647;15
47648;11
47649;1
47650;1
47651;1
47652;1
47653;1
47654;1
47655;1
47656;1
47657;1
47658;1
47659;1
47660;1
47661;1
47662;1
47663;2
47664;1
47665;1
47666;1
47667;1
47668;1
47669;15
47670;19
47671;26
47672;27
47673;26
47674;26
47675;25
47676;25
47677;24
47678;24
47679;24
47680;19
47681;18
47682;17
47683;17
47684;11
47685;15
47686;21
47687;22
47688;22
47689;23
47690;22
47691;22
47692;21
47693;21
47694;20
47695;20
47696;19
47697;19
47698;18
47699;18
47700;17
47701;17
47702;16
47703;16
47704;15
47705;15
47706;14
47707;14
47708;13
47709;13
47710;13
47711;12
47712;5
47713;5
47714;4
47715;3
47716;3
47717;2
47718;1
47719;1
47720;2
47721;1
47722;1
47723;1
47724;1
47725;1
47726;1
47727;1
47728;1
47729;1
47730;1
47731;1
47732;1
47733;2
47734;1
47735;1
47736;1
47737;1
47738;2
47739;1
47740;1
47741;1
47742;1
47743;6
47744;1
47745;1
47746;1
47747;2
47748;1
47749;1
47750;1
47751;1
47752;1
47753;1
47754;1
47755;1
47756;1
47757;1
47758;1
47759;1
47760;1
47761;1
47762;1
47763;16
47764;24
47765;23
47766;24
47767;23
47768;23
47769;23
47770;23
47771;22
47772;22
47773;21
47774;21
47775;20
47776;14
47777;13
47778;13
47779;12
47780;12
47781;11
47782;11
47783;10
47784;9
47785;8
47786;8
47787;7
47788;7
47789;6
47790;6
47791;5
47792;6
47793;5
47794;4
47795;1
47796;1
47797;12
47798;15
47799;18
47800;20
47801;19
47802;18
47803;18
47804;17
47805;17
47806;16
47807;17
47808;10
47809;9
47810;10
47811;9
47812;9
47813;8
47814;7
47815;6
47816;6
47817;5
47818;5
47819;5
47820;5
47821;4
47822;3
47823;1
47824;1
47825;1
47826;1
47827;2
47828;1
47829;1
47830;20
47831;15
47832;15
47833;15
47834;19
47835;20
47836;19
47837;19
47838;18
47839;18
47840;12
47841;11
47842;11
47843;9
47844;8
47845;8
47846;7
47847;6
47848;5
47849;4
47850;5
47851;5
47852;4
47853;4
47854;3
47855;3
47856;1
47857;1
47858;1
47859;1
47860;1
47861;2
47862;1
47863;7
47864;6
47865;5
47866;5
47867;4
47868;4
47869;3
47870;3
47871;2
47872;1
47873;47
47874;1
47875;2
47876;1
47877;1
47878;1
47879;1
47880;1
47881;1
47882;2
47883;1
47884;1
47885;1
47886;1
47887;1
47888;1
47889;1
47890;1
47891;5
47892;12
47893;18
47894;24
47895;24
47896;23
47897;23
47898;24
47899;23
47900;23
47901;22
47902;22
47903;21
47904;14
47905;14
47906;13
47907;13
47908;12
47909;12
47910;11
47911;11
47912;10
47913;10
47914;10
47915;9
47916;8
47917;8
47918;22
47919;7
47920;7
47921;6
47922;5
47923;5
47924;5
47925;5
47926;4
47927;4
47928;3
47929;1
47930;1
47931;2
47932;2
47933;1
47934;2
47935;1
47936;14
47937;21
47938;21
47939;21
47940;20
47941;20
47942;19
47943;19
47944;18
47945;16
47946;16
47947;15
47948;15
47949;14
47950;14
47951;13
47952;13
47953;12
47954;13
47955;12
47956;12
47957;11
47958;10
47959;10
47960;8
47961;8
47962;10
47963;7
47964;8
47965;7
47966;7
47967;7
47968;1
47969;1
47970;1
47971;1
47972;1
47973;1
47974;1
47975;1
47976;2
47977;2
47978;1
47979;0
47980;1
47981;1
47982;1
47983;1
47984;1
47985;1
47986;1
47987;1
47988;1
47989;1
47990;1
47991;1
47992;1
47993;1
47994;1
47995;1
47996;1
47997;1
47998;1
47999;0
48000;1
48001;1
48002;1
48003;1
48004;12
48005;16
48006;1
48007;2
48008;2
48009;1
48010;1
48011;1
48012;1
48013;1
48014;1
48015;7
48016;7
48017;6
48018;5
48019;5
48020;4
48021;4
48022;3
48023;3
48024;2
48025;2
48026;1
48027;1
48028;1
48029;1
48030;1
48031;1
48032;1
48033;1
48034;1
48035;1
48036;1
48037;1
48038;1
48039;1
48040;1
48041;1
48042;1
48043;1
48044;0
48045;1
48046;1
48047;1
48048;1
48049;1
48050;1
48051;1
48052;1
48053;1
48054;1
48055;2
48056;1
48057;1
48058;0
48059;1
48060;1
48061;1
48062;2
48063;4
48064;2
48065;1
48066;1
48067;1
48068;1
48069;1
48070;1
48071;1
48072;3
48073;2
48074;7
48075;12
48076;21
48077;23
48078;28
48079;27
48080;28
48081;1
48082;1
48083;1
48084;1
48085;1
48086;2
48087;2
48088;2
48089;1
48090;1
48091;1
48092;1
48093;1
48094;1
48095;1
48096;25
48097;24
48098;25
48099;24
48100;24
48101;23
48102;23
48103;22
48104;23
48105;22
48106;10
48107;13
48108;17
48109;19
48110;19
48111;19
48112;19
48113;19
48114;18
48115;18
48116;18
48117;17
48118;16
48119;16
48120;16
48121;15
48122;15
48123;16
48124;15
48125;14
48126;14
48127;14
48128;8
48129;7
48130;7
48131;7
48132;6
48133;6
48134;6
48135;5
48136;5
48137;5
48138;4
48139;65
48140;3
48141;1
48142;1
48143;4
48144;4
48145;3
48146;3
48147;4
48148;4
48149;3
48150;3
48151;2
48152;2
48153;3
48154;2
48155;1
48156;1
48157;1
48158;2
48159;5
48160;3
48161;3
48162;2
48163;2
48164;2
48165;1
48166;1
48167;1
48168;1
48169;1
48170;2
48171;1
48172;1
48173;1
48174;2
48175;0
48176;1
48177;2
48178;1
48179;1
48180;2
48181;1
48182;0
48183;2
48184;1
48185;0
48186;11
48187;1
48188;1
48189;1
48190;1
48191;1
48192;1
48193;1
48194;2
48195;1
48196;1
48197;1
48198;4
48199;4
48200;3
48201;2
48202;2
48203;11
48204;23
48205;24
48206;22
48207;21
48208;21
48209;20
48210;20
48211;20
48212;1
48213;1
48214;1
48215;1
48216;1
48217;2
48218;2
48219;4
48220;11
48221;14
48222;26
48223;25
48224;14
48225;13
48226;13
48227;12
48228;12
48229;12
48230;11
48231;11
48232;10
48233;9
48234;9
48235;8
48236;8
48237;8
48238;7
48239;7
48240;6
48241;6
48242;5
48243;5
48244;4
48245;4
48246;3
48247;1
48248;1
48249;1
48250;1
48251;1
48252;1
48253;1
48254;1
48255;1
48256;20
48257;21
48258;20
48259;20
48260;19
48261;19
48262;18
48263;18
48264;18
48265;17
48266;17
48267;16
48268;15
48269;15
48270;14
48271;14
48272;13
48273;13
48274;12
48275;12
48276;12
48277;12
48278;11
48279;11
48280;10
48281;10
48282;6
48283;8
48284;8
48285;8
48286;7
48287;7
48288;1
48289;1
48290;1
48291;1
48292;1
48293;1
48294;1
48295;1
48296;1
48297;1
48298;1
48299;1
48300;1
48301;1
48302;1
48303;1
48304;1
48305;1
48306;1
48307;1
48308;1
48309;7
48310;5
48311;5
48312;4
48313;4
48314;3
48315;3
48316;3
48317;1
48318;0
48319;1
48320;2
48321;1
48322;3
48323;3
48324;2
48325;1
48326;1
48327;1
48328;1
48329;1
48330;1
48331;1
48332;1
48333;1
48334;1
48335;1
48336;1
48337;1
48338;1
48339;1
48340;1
48341;1
48342;15
48343;15
48344;19
48345;24
48346;24
48347;25
48348;24
48349;24
48350;23
48351;23
48352;2
48353;1
48354;1
48355;1
48356;1
48357;1
48358;1
48359;1
48360;1
48361;1
48362;1
48363;1
48364;1
48365;1
48366;2
48367;1
48368;1
48369;1
48370;1
48371;1
48372;1
48373;1
48374;1
48375;1
48376;1
48377;1
48378;1
48379;1
48380;1
48381;1
48382;2
48383;1
48384;2
48385;2
48386;1
48387;1
48388;0
48389;1
48390;2
48391;1
48392;1
48393;2
48394;1
48395;2
48396;1
48397;1
48398;2
48399;1
48400;1
48401;1
48402;1
48403;1
48404;1
48405;1
48406;2
48407;1
48408;1
48409;1
48410;1
48411;2
48412;1
48413;1
48414;13
48415;19
48416;20
48417;20
48418;19
48419;19
48420;19
48421;1
48422;1
48423;18
48424;18
48425;25
48426;26
48427;26
48428;26
48429;26
48430;25
48431;25
48432;24
48433;24
48434;23
48435;23
48436;23
48437;22
48438;22
48439;21
48440;21
48441;20
48442;20
48443;19
48444;19
48445;19
48446;18
48447;18
48448;10
48449;10
48450;11
48451;10
48452;10
48453;9
48454;9
48455;8
48456;1
48457;7
48458;6
48459;7
48460;6
48461;6
48462;5
48463;6
48464;5
48465;5
48466;5
48467;17
48468;5
48469;4
48470;5
48471;4
48472;4
48473;2
48474;1
48475;1
48476;2
48477;1
48478;1
48479;1
48480;2
48481;3
48482;3
48483;2
48484;1
48485;1
48486;1
48487;9
48488;13
48489;19
48490;1
48491;1
48492;1
48493;1
48494;1
48495;1
48496;1
48497;1
48498;1
48499;1
48500;2
48501;1
48502;1
48503;1
48504;1
48505;2
48506;1
48507;1
48508;1
48509;1
48510;1
48511;1
48512;1
48513;1
48514;1
48515;13
48516;19
48517;23
48518;23
48519;26
48520;25
48521;26
48522;25
48523;25
48524;1
48525;1
48526;1
48527;2
48528;1
48529;1
48530;1
48531;1
48532;2
48533;1
48534;2
48535;1
48536;1
48537;1
48538;1
48539;1
48540;1
48541;1
48542;1
48543;1
48544;23
48545;22
48546;22
48547;21
48548;21
48549;20
48550;20
48551;19
48552;20
48553;19
48554;19
48555;18
48556;18
48557;18
48558;1
48559;1
48560;1
48561;3
48562;3
48563;3
48564;3
48565;2
48566;2
48567;1
48568;6
48569;5
48570;3
48571;3
48572;2
48573;2
48574;1
48575;1
48576;15
48577;15
48578;15
48579;14
48580;14
48581;13
48582;12
48583;12
48584;11
48585;11
48586;12
48587;11
48588;11
48589;10
48590;10
48591;9
48592;9
48593;8
48594;11
48595;14
48596;13
48597;13
48598;12
48599;12
48600;11
48601;11
48602;10
48603;11
48604;10
48605;10
48606;9
48607;9
48608;2
48609;1
48610;1
48611;1
48612;1
48613;1
48614;2
48615;1
48616;1
48617;2
48618;1
48619;1
48620;1
48621;1
48622;1
48623;4
48624;4
48625;3
48626;3
48627;2
48628;2
48629;7
48630;11
48631;15
48632;20
48633;21
48634;21
48635;21
48636;20
48637;20
48638;19
48639;19
48640;12
48641;12
48642;12
48643;11
48644;11
48645;10
48646;10
48647;10
48648;9
48649;8
48650;8
48651;7
48652;7
48653;6
48654;6
48655;5
48656;5
48657;4
48658;3
48659;3
48660;1
48661;2
48662;1
48663;1
48664;13
48665;13
48666;13
48667;12
48668;11
48669;11
48670;10
48671;10
48672;4
48673;3
48674;3
48675;2
48676;2
48677;2
48678;5
48679;12
48680;17
48681;18
48682;20
48683;21
48684;20
48685;20
48686;19
48687;18
48688;17
48689;17
48690;17
48691;16
48692;15
48693;15
48694;14
48695;14
48696;14
48697;13
48698;13
48699;12
48700;1
48701;1
48702;2
48703;1
48704;9
48705;8
48706;8
48707;7
48708;7
48709;7
48710;6
48711;6
48712;5
48713;6
48714;5
48715;5
48716;4
48717;4
48718;3
48719;4
48720;3
48721;3
48722;2
48723;1
48724;1
48725;1
48726;1
48727;1
48728;1
48729;1
48730;1
48731;1
48732;2
48733;1
48734;1
48735;1
48736;1
48737;1
48738;1
48739;3
48740;4
48741;4
48742;4
48743;3
48744;3
48745;2
48746;2
48747;1
48748;6
48749;13
48750;16
48751;16
48752;16
48753;16
48754;16
48755;15
48756;15
48757;14
48758;14
48759;13
48760;12
48761;12
48762;12
48763;12
48764;11
48765;11
48766;10
48767;10
48768;5
48769;11
48770;10
48771;11
48772;10
48773;10
48774;9
48775;9
48776;8
48777;8
48778;7
48779;8
48780;8
48781;7
48782;7
48783;7
48784;6
48785;6
48786;5
48787;5
48788;4
48789;3
48790;3
48791;2
48792;2
48793;1
48794;3
48795;2
48796;2
48797;1
48798;1
48799;1
48800;1
48801;1
48802;1
48803;1
48804;1
48805;1
48806;1
48807;2
48808;0
48809;1
48810;3
48811;0
48812;1
48813;1
48814;1
48815;1
48816;1
48817;1
48818;0
48819;2
48820;1
48821;1
48822;1
48823;1
48824;2
48825;1
48826;1
48827;2
48828;1
48829;2
48830;1
48831;1
48832;1
48833;1
48834;1
48835;2
48836;4
48837;3
48838;3
48839;2
48840;2
48841;1
48842;1
48843;1
48844;1
48845;1
48846;1
48847;1
48848;1
48849;2
48850;1
48851;1
48852;1
48853;1
48854;1
48855;2
48856;1
48857;1
48858;1
48859;1
48860;1
48861;5
48862;6
48863;6
48864;1
48865;1
48866;1
48867;2
48868;1
48869;1
48870;1
48871;1
48872;1
48873;1
48874;1
48875;1
48876;1
48877;1
48878;1
48879;1
48880;1
48881;1
48882;1
48883;1
48884;1
48885;2
48886;1
48887;1
48888;1
48889;2
48890;1
48891;1
48892;1
48893;1
48894;1
48895;9
48896;5
48897;5
48898;5
48899;4
48900;3
48901;3
48902;2
48903;1
48904;1
48905;1
48906;2
48907;2
48908;1
48909;1
48910;5
48911;6
48912;4
48913;4
48914;3
48915;3
48916;2
48917;2
48918;1
48919;1
48920;1
48921;1
48922;1
48923;1
48924;1
48925;0
48926;6
48927;4
48928;16
48929;1
48930;1
48931;1
48932;1
48933;32
48934;1
48935;1
48936;3
48937;1
48938;1
48939;1
48940;2
48941;1
48942;1
48943;1
48944;1
48945;22
48946;1
48947;1
48948;2
48949;1
48950;1
48951;1
48952;1
48953;2
48954;1
48955;1
48956;8
48957;10
48958;10
48959;9
48960;5
48961;4
48962;3
48963;9
48964;11
48965;11
48966;10
48967;10
48968;9
48969;10
48970;10
48971;9
48972;9
48973;8
48974;8
48975;7
48976;7
48977;6
48978;6
48979;6
48980;5
48981;4
48982;4
48983;4
48984;3
48985;3
48986;1
48987;1
48988;1
48989;1
48990;1
48991;1
48992;1
48993;0
48994;1
48995;1
48996;2
48997;1
48998;1
48999;1
49000;4
49001;4
49002;3
49003;3
49004;3
49005;3
49006;2
49007;2
49008;4
49009;4
49010;2
49011;2
49012;1
49013;1
49014;2
49015;1
49016;1
49017;1
49018;1
49019;1
49020;1
49021;1
49022;2
49023;1
49024;23
49025;22
49026;22
49027;21
49028;21
49029;20
49030;19
49031;19
49032;18
49033;16
49034;16
49035;1
49036;1
49037;1
49038;1
49039;1
49040;1
49041;1
49042;0
49043;1
49044;1
49045;1
49046;2
49047;1
49048;2
49049;1
49050;1
49051;1
49052;1
49053;1
49054;1
49055;1
49056;1
49057;1
49058;1
49059;1
49060;1
49061;1
49062;16
49063;19
49064;19
49065;24
49066;26
49067;30
49068;29
49069;29
49070;28
49071;29
49072;2
49073;8
49074;9
49075;8
49076;7
49077;7
49078;6
49079;6
49080;5
49081;5
49082;4
49083;4
49084;3
49085;2
49086;2
49087;1
49088;1
49089;1
49090;3
49091;2
49092;1
49093;4
49094;60
49095;2
49096;2
49097;2
49098;1
49099;1
49100;1
49101;1
49102;1
49103;1
49104;2
49105;2
49106;1
49107;1
49108;1
49109;1
49110;1
49111;1
49112;1
49113;2
49114;1
49115;1
49116;1
49117;1
49118;2
49119;1
49120;1
49121;1
49122;10
49123;13
49124;18
49125;19
49126;19
49127;18
49128;18
49129;17
49130;17
49131;17
49132;17
49133;16
49134;16
49135;15
49136;15
49137;14
49138;14
49139;14
49140;14
49141;13
49142;10
49143;13
49144;13
49145;13
49146;13
49147;12
49148;12
49149;11
49150;11
49151;10
49152;2
49153;67
49154;2
49155;1
49156;4
49157;3
49158;3
49159;2
49160;2
49161;1
49162;1
49163;2
49164;1
49165;1
49166;1
49167;1
49168;1
49169;1
49170;1
49171;2
49172;1
49173;1
49174;1
49175;1
49176;1
49177;1
49178;1
49179;1
49180;1
49181;1
49182;1
49183;2
49184;3
49185;2
49186;2
49187;1
49188;1
49189;1
49190;1
49191;1
49192;1
49193;1
49194;1
49195;1
49196;1
49197;1
49198;2
49199;1
49200;1
49201;1
49202;2
49203;1
49204;1
49205;1
49206;1
49207;1
49208;1
49209;1
49210;1
49211;1
49212;1
49213;11
49214;17
49215;1
49216;1
49217;1
49218;2
49219;1
49220;1
49221;1
49222;2
49223;1
49224;2
49225;1
49226;1
49227;2
49228;1
49229;1
49230;1
49231;1
49232;1
49233;1
49234;1
49235;2
49236;1
49237;1
49238;2
49239;1
49240;1
49241;1
49242;1
49243;1
49244;1
49245;1
49246;2
49247;1
49248;7
49249;14
49250;1
49251;1
49252;1
49253;1
49254;1
49255;1
49256;2
49257;1
49258;1
49259;24
49260;1
49261;1
49262;2
49263;1
49264;1
49265;1
49266;1
49267;1
49268;1
49269;1
49270;1
49271;1
49272;1
49273;1
49274;1
49275;1
49276;1
49277;1
49278;1
49279;2
49280;1
49281;1
49282;1
49283;1
49284;16
49285;19
49286;2
49287;1
49288;0
49289;2
49290;0
49291;1
49292;1
49293;1
49294;2
49295;1
49296;2
49297;1
49298;1
49299;1
49300;1
49301;1
49302;1
49303;1
49304;1
49305;1
49306;1
49307;1
49308;1
49309;1
49310;1
49311;1
49312;16
49313;20
49314;26
49315;26
49316;25
49317;25
49318;25
49319;26
49320;26
49321;1
49322;1
49323;1
49324;1
49325;1
49326;1
49327;1
49328;1
49329;1
49330;2
49331;1
49332;1
49333;5
49334;5
49335;5
49336;4
49337;4
49338;3
49339;3
49340;2
49341;2
49342;1
49343;1
49344;11
49345;10
49346;11
49347;10
49348;10
49349;10
49350;9
49351;8
49352;8
49353;7
49354;8
49355;8
49356;10
49357;10
49358;9
49359;10
49360;9
49361;9
49362;8
49363;8
49364;7
49365;7
49366;7
49367;6
49368;5
49369;5
49370;5
49371;4
49372;4
49373;3
49374;3
49375;2
49376;1
49377;1
49378;2
49379;1
49380;1
49381;1
49382;1
49383;1
49384;1
49385;1
49386;0
49387;1
49388;1
49389;13
49390;16
49391;1
49392;1
49393;1
49394;1
49395;1
49396;1
49397;2
49398;1
49399;1
49400;7
49401;7
49402;11
49403;22
49404;23
49405;22
49406;22
49407;22
49408;15
49409;15
49410;14
49411;13
49412;13
49413;12
49414;12
49415;11
49416;11
49417;10
49418;10
49419;10
49420;10
49421;9
49422;9
49423;8
49424;8
49425;7
49426;2
49427;8
49428;9
49429;8
49430;8
49431;7
49432;6
49433;7
49434;7
49435;6
49436;6
49437;5
49438;5
49439;4
49440;1
49441;1
49442;1
49443;1
49444;1
49445;1
49446;1
49447;2
49448;1
49449;1
49450;1
49451;1
49452;1
49453;1
49454;1
49455;1
49456;1
49457;1
49458;0
49459;2
49460;5
49461;9
49462;18
49463;19
49464;19
49465;20
49466;19
49467;19
49468;18
49469;18
49470;18
49471;17
49472;10
49473;10
49474;9
49475;10
49476;9
49477;9
49478;8
49479;66
49480;8
49481;7
49482;7
49483;6
49484;6
49485;5
49486;4
49487;4
49488;3
49489;2
49490;1
49491;1
49492;1
49493;1
49494;0
49495;1
49496;12
49497;1
49498;1
49499;1
49500;1
49501;0
49502;1
49503;1
49504;2
49505;16
49506;19
49507;20
49508;22
49509;22
49510;21
49511;21
49512;20
49513;20
49514;19
49515;20
49516;19
49517;19
49518;18
49519;4
49520;9
49521;11
49522;10
49523;10
49524;15
49525;13
49526;13
49527;13
49528;12
49529;11
49530;11
49531;10
49532;10
49533;10
49534;9
49535;9
49536;2
49537;1
49538;1
49539;1
49540;2
49541;1
49542;1
49543;1
49544;2
49545;1
49546;2
49547;1
49548;2
49549;1
49550;2
49551;1
49552;1
49553;1
49554;1
49555;1
49556;1
49557;1
49558;1
49559;1
49560;2
49561;1
49562;1
49563;1
49564;1
49565;1
49566;1
49567;2
49568;1
49569;0
49570;1
49571;1
49572;1
49573;1
49574;1
49575;1
49576;1
49577;1
49578;1
49579;1
49580;1
49581;1
49582;1
49583;2
49584;1
49585;2
49586;1
49587;1
49588;1
49589;1
49590;1
49591;2
49592;1
49593;2
49594;1
49595;1
49596;1
49597;1
49598;1
49599;1
49600;12
49601;11
49602;11
49603;10
49604;10
49605;9
49606;9
49607;9
49608;9
49609;9
49610;8
49611;8
49612;7
49613;6
49614;6
49615;5
49616;5
49617;4
49618;4
49619;3
49620;3
49621;2
49622;2
49623;2
49624;1
49625;3
49626;1
49627;1
49628;2
49629;2
49630;1
49631;1
49632;3
49633;2
49634;2
49635;1
49636;1
49637;1
49638;1
49639;1
49640;1
49641;11
49642;15
49643;14
49644;14
49645;13
49646;13
49647;12
49648;12
49649;11
49650;11
49651;11
49652;11
49653;10
49654;10
49655;9
49656;9
49657;8
49658;7
49659;7
49660;6
49661;7
49662;6
49663;6
49664;1
49665;1
49666;1
49667;1
49668;1
49669;1
49670;2
49671;2
49672;1
49673;1
49674;1
49675;1
49676;1
49677;1
49678;1
49679;1
49680;1
49681;1
49682;3
49683;3
49684;3
49685;3
49686;2
49687;2
49688;1
49689;1
49690;1
49691;1
49692;1
49693;1
49694;1
49695;1
49696;1
49697;0
49698;16
49699;16
49700;23
49701;22
49702;23
49703;22
49704;22
49705;21
49706;21
49707;20
49708;20
49709;19
49710;20
49711;20
49712;19
49713;19
49714;18
49715;18
49716;17
49717;17
49718;9
49719;13
49720;20
49721;20
49722;27
49723;27
49724;27
49725;26
49726;26
49727;25
49728;19
49729;18
49730;18
49731;18
49732;17
49733;17
49734;16
49735;15
49736;16
49737;15
49738;15
49739;14
49740;14
49741;13
49742;12
49743;13
49744;12
49745;12
49746;11
49747;10
49748;9
49749;9
49750;8
49751;8
49752;7
49753;9
49754;9
49755;9
49756;9
49757;8
49758;9
49759;8
49760;1
49761;1
49762;1
49763;1
49764;1
49765;1
49766;1
49767;1
49768;1
49769;0
49770;1
49771;1
49772;1
49773;1
49774;1
49775;2
49776;1
49777;1
49778;1
49779;2
49780;1
49781;1
49782;1
49783;1
49784;1
49785;1
49786;2
49787;1
49788;1
49789;8
49790;16
49791;19
49792;13
49793;12
49794;12
49795;11
49796;11
49797;10
49798;10
49799;9
49800;9
49801;9
49802;9
49803;8
49804;8
49805;7
49806;7
49807;6
49808;6
49809;5
49810;4
49811;4
49812;3
49813;3
49814;2
49815;1
49816;1
49817;1
49818;1
49819;1
49820;1
49821;1
49822;2
49823;1
49824;1
49825;1
49826;1
49827;30
49828;1
49829;1
49830;1
49831;14
49832;15
49833;20
49834;21
49835;21
49836;20
49837;20
49838;19
49839;20
49840;19
49841;19
49842;21
49843;18
49844;18
49845;18
49846;18
49847;17
49848;17
49849;16
49850;16
49851;15
49852;14
49853;15
49854;15
49855;14
49856;7
49857;7
49858;6
49859;5
49860;6
49861;5
49862;5
49863;3
49864;7
49865;11
49866;10
49867;12
49868;11
49869;11
49870;10
49871;10
49872;9
49873;9
49874;8
49875;8
49876;7
49877;7
49878;6
49879;5
49880;4
49881;4
49882;4
49883;3
49884;3
49885;2
49886;1
49887;1
49888;1
49889;1
49890;1
49891;1
49892;1
49893;5
49894;5
49895;4
49896;4
49897;3
49898;3
49899;4
49900;10
49901;9
49902;9
49903;9
49904;9
49905;8
49906;14
49907;7
49908;8
49909;12
49910;7
49911;7
49912;7
49913;6
49914;6
49915;5
49916;5
49917;4
49918;4
49919;3
49920;1
49921;0
49922;1
49923;1
49924;2
49925;1
49926;1
49927;2
49928;1
49929;1
49930;1
49931;1
49932;1
49933;1
49934;2
49935;1
49936;1
49937;1
49938;1
49939;2
49940;2
49941;1
49942;8
49943;9
49944;15
49945;16
49946;16
49947;15
49948;15
49949;14
49950;14
49951;13
49952;7
49953;7
49954;6
49955;6
49956;5
49957;5
49958;5
49959;5
49960;4
49961;4
49962;2
49963;1
49964;2
49965;0
49966;1
49967;1
49968;2
49969;1
49970;1
49971;1
49972;2
49973;1
49974;1
49975;1
49976;1
49977;1
49978;1
49979;1
49980;1
49981;1
49982;1
49983;1
49984;16
49985;16
49986;15
49987;15
49988;7
49989;6
49990;6
49991;6
49992;6
49993;5
49994;5
49995;4
49996;3
49997;2
49998;2
49999;1
50000;1
50001;1
50002;1
50003;1
50004;1
50005;1
50006;1
50007;1
50008;1
50009;1
50010;1
50011;1
50012;1
50013;5
50014;4
50015;3
50016;20
50017;20
50018;19
50019;19
50020;18
50021;18
50022;17
50023;17
50024;17
50025;17
50026;16
50027;16
50028;15
50029;16
50030;15
50031;14
50032;14
50033;13
50034;13
50035;12
50036;12
50037;8
50038;8
50039;8
50040;8
50041;7
50042;7
50043;6
50044;6
50045;5
50046;5
50047;4
50048;1
50049;1
50050;1
50051;1
50052;2
50053;1
50054;2
50055;3
50056;1
50057;1
50058;1
50059;1
50060;2
50061;1
50062;1
50063;12
50064;16
50065;19
50066;18
50067;18
50068;18
50069;18
50070;17
50071;17
50072;16
50073;16
50074;15
50075;15
50076;14
50077;15
50078;14
50079;14
50080;7
50081;6
50082;5
50083;5
50084;4
50085;5
50086;4
50087;4
50088;3
50089;2
50090;1
50091;1
50092;1
50093;1
50094;1
50095;1
50096;1
50097;1
50098;1
50099;1
50100;1
50101;2
50102;1
50103;1
50104;1
50105;1
50106;1
50107;4
50108;4
50109;3
50110;3
50111;2
50112;1
50113;1
50114;42
50115;2
50116;1
50117;1
50118;1
50119;1
50120;1
50121;2
50122;1
50123;1
50124;13
50125;16
50126;23
50127;25
50128;25
50129;25
50130;25
50131;24
50132;23
50133;23
50134;24
50135;24
50136;24
50137;23
50138;23
50139;22
50140;22
50141;21
50142;22
50143;21
50144;15
50145;14
50146;13
50147;13
50148;1
50149;0
50150;1
50151;1
50152;2
50153;1
50154;1
50155;1
50156;2
50157;1
50158;1
50159;2
50160;1
50161;1
50162;2
50163;1
50164;1
50165;1
50166;2
50167;68
50168;13
50169;21
50170;26
50171;26
50172;10
50173;9
50174;19
50175;18
50176;14
50177;13
50178;13
50179;12
50180;13
50181;13
50182;12
50183;12
50184;10
50185;10
50186;9
50187;9
50188;8
50189;8
50190;8
50191;7
50192;7
50193;6
50194;6
50195;5
50196;6
50197;1
50198;1
50199;1
50200;31
50201;1
50202;2
50203;10
50204;12
50205;18
50206;19
50207;23
50208;25
50209;25
50210;25
50211;24
50212;24
50213;23
50214;23
50215;22
50216;22
50217;21
50218;20
50219;20
50220;20
50221;7
50222;7
50223;10
50224;18
50225;18
50226;19
50227;19
50228;18
50229;19
50230;18
50231;17
50232;17
50233;17
50234;17
50235;17
50236;16
50237;16
50238;15
50239;14
50240;9
50241;8
50242;8
50243;7
50244;7
50245;6
50246;6
50247;5
50248;5
50249;5
50250;4
50251;5
50252;4
50253;3
50254;2
50255;9
50256;10
50257;14
50258;13
50259;13
50260;12
50261;12
50262;13
50263;12
50264;12
50265;11
50266;11
50267;11
50268;10
50269;10
50270;9
50271;9
50272;3
50273;3
50274;2
50275;1
50276;2
50277;1
50278;1
50279;2
50280;1
50281;1
50282;1
50283;4
50284;4
50285;4
50286;3
50287;3
50288;2
50289;5
50290;7
50291;16
50292;20
50293;22
50294;24
50295;25
50296;23
50297;23
50298;23
50299;22
50300;22
50301;21
50302;20
50303;19
50304;15
50305;15
50306;14
50307;14
50308;14
50309;13
50310;13
50311;12
50312;12
50313;12
50314;12
50315;11
50316;11
50317;10
50318;10
50319;9
50320;9
50321;9
50322;8
50323;7
50324;6
50325;5
50326;4
50327;4
50328;4
50329;4
50330;4
50331;3
50332;3
50333;2
50334;2
50335;1
50336;1
50337;1
50338;1
50339;1
50340;1
50341;1
50342;2
50343;1
50344;1
50345;1
50346;77
50347;2
50348;1
50349;1
50350;1
50351;1
50352;5
50353;5
50354;4
50355;4
50356;4
50357;3
50358;3
50359;1
50360;1
50361;1
50362;9
50363;18
50364;25
50365;27
50366;26
50367;27
50368;21
50369;20
50370;19
50371;19
50372;18
50373;18
50374;17
50375;17
50376;17
50377;16
50378;16
50379;16
50380;16
50381;15
50382;15
50383;14
50384;14
50385;13
50386;13
50387;12
50388;12
50389;11
50390;11
50391;11
50392;11
50393;1
50394;2
50395;1
50396;1
50397;1
50398;1
50399;1
50400;29
50401;29
50402;29
50403;28
50404;28
50405;28
50406;27
50407;27
50408;26
50409;26
50410;25
50411;25
50412;24
50413;24
50414;23
50415;23
50416;22
50417;22
50418;21
50419;21
50420;20
50421;20
50422;19
50423;19
50424;18
50425;19
50426;18
50427;18
50428;9
50429;12
50430;16
50431;15
50432;3
50433;2
50434;2
50435;1
50436;3
50437;2
50438;1
50439;1
50440;2
50441;1
50442;1
50443;1
50444;1
50445;1
50446;1
50447;1
50448;1
50449;1
50450;1
50451;1
50452;1
50453;1
50454;3
50455;2
50456;2
50457;1
50458;2
50459;12
50460;15
50461;19
50462;1
50463;1
50464;3
50465;2
50466;2
50467;1
50468;1
50469;1
50470;1
50471;1
50472;2
50473;1
50474;1
50475;1
50476;1
50477;1
50478;2
50479;1
50480;1
50481;2
50482;1
50483;1
50484;1
50485;1
50486;1
50487;1
50488;1
50489;0
50490;2
50491;1
50492;1
50493;1
50494;1
50495;1
50496;6
50497;6
50498;5
50499;5
50500;4
50501;4
50502;4
50503;4
50504;3
50505;3
50506;2
50507;2
50508;1
50509;1
50510;2
50511;20
50512;1
50513;1
50514;1
50515;1
50516;1
50517;1
50518;14
50519;1
50520;1
50521;2
50522;1
50523;1
50524;1
50525;1
50526;1
50527;2
50528;25
50529;28
50530;28
50531;1
50532;1
50533;1
50534;1
50535;1
50536;1
50537;1
50538;1
50539;1
50540;1
50541;2
50542;1
50543;1
50544;1
50545;1
50546;1
50547;1
50548;0
50549;1
50550;2
50551;1
50552;4
50553;3
50554;3
50555;3
50556;2
50557;1
50558;1
50559;6
50560;15
50561;14
50562;14
50563;14
50564;4
50565;25
50566;25
50567;25
50568;25
50569;25
50570;24
50571;24
50572;23
50573;23
50574;22
50575;21
50576;21
50577;21
50578;20
50579;19
50580;19
50581;18
50582;18
50583;17
50584;17
50585;16
50586;16
50587;15
50588;15
50589;15
50590;14
50591;14
50592;8
50593;7
50594;6
50595;6
50596;5
50597;5
50598;2
50599;1
50600;1
50601;2
50602;18
50603;21
50604;27
50605;27
50606;26
50607;26
50608;25
50609;26
50610;25
50611;25
50612;24
50613;24
50614;23
50615;23
50616;22
50617;23
50618;22
50619;22
50620;21
50621;22
50622;21
50623;21
50624;15
50625;14
50626;13
50627;12
50628;12
50629;11
50630;10
50631;10
50632;9
50633;7
50634;7
50635;6
50636;7
50637;6
50638;6
50639;1
50640;1
50641;1
50642;1
50643;1
50644;1
50645;2
50646;1
50647;1
50648;3
50649;7
50650;10
50651;15
50652;17
50653;19
50654;19
50655;22
50656;15
50657;13
50658;13
50659;12
50660;12
50661;11
50662;11
50663;10
50664;9
50665;9
50666;8
50667;1
50668;1
50669;2
50670;2
50671;1
50672;0
50673;19
50674;23
50675;22
50676;22
50677;26
50678;26
50679;25
50680;25
50681;24
50682;24
50683;24
50684;24
50685;23
50686;23
50687;22
50688;17
50689;16
50690;16
50691;15
50692;14
50693;14
50694;13
50695;13
50696;12
50697;12
50698;11
50699;10
50700;4
50701;5
50702;4
50703;4
50704;3
50705;3
50706;2
50707;2
50708;1
50709;1
50710;1
50711;2
50712;1
50713;1
50714;1
50715;1
50716;1
50717;2
50718;1
50719;2
50720;5
50721;5
50722;4
50723;5
50724;4
50725;4
50726;3
50727;3
50728;2
50729;2
50730;1
50731;1
50732;1
50733;11
50734;15
50735;15
50736;26
50737;28
50738;32
50739;33
50740;32
50741;32
50742;31
50743;31
50744;30
50745;30
50746;29
50747;29
50748;28
50749;28
50750;27
50751;27
50752;23
50753;22
50754;22
50755;21
50756;21
50757;21
50758;20
50759;19
50760;19
50761;19
50762;19
50763;18
50764;18
50765;17
50766;17
50767;11
50768;11
50769;13
50770;14
50771;13
50772;14
50773;14
50774;14
50775;13
50776;13
50777;12
50778;12
50779;11
50780;11
50781;11
50782;10
50783;10
50784;2
50785;1
50786;1
50787;1
50788;1
50789;1
50790;1
50791;1
50792;1
50793;61
50794;1
50795;2
50796;1
50797;1
50798;1
50799;1
50800;7
50801;12
50802;1
50803;1
50804;1
50805;1
50806;1
50807;1
50808;1
50809;1
50810;2
50811;1
50812;1
50813;1
50814;1
50815;1
50816;2
50817;1
50818;1
50819;2
50820;1
50821;1
50822;2
50823;1
50824;1
50825;1
50826;1
50827;1
50828;1
50829;0
50830;1
50831;1
50832;1
50833;1
50834;1
50835;1
50836;4
50837;1
50838;1
50839;1
50840;1
50841;1
50842;1
50843;1
50844;1
50845;1
50846;2
50847;1
50848;1
50849;1
50850;1
50851;1
50852;1
50853;1
50854;1
50855;1
50856;0
50857;2
50858;1
50859;2
50860;1
50861;1
50862;1
50863;1
50864;1
50865;1
50866;1
50867;1
50868;1
50869;1
50870;1
50871;1
50872;8
50873;12
50874;13
50875;14
50876;13
50877;13
50878;13
50879;13
50880;6
50881;5
50882;4
50883;5
50884;4
50885;3
50886;3
50887;2
50888;1
50889;62
50890;1
50891;1
50892;1
50893;1
50894;1
50895;1
50896;1
50897;1
50898;1
50899;1
50900;1
50901;1
50902;2
50903;2
50904;1
50905;2
50906;4
50907;1
50908;1
50909;1
50910;1
50911;1
50912;1
50913;1
50914;1
50915;1
50916;1
50917;1
50918;1
50919;1
50920;1
50921;13
50922;19
50923;23
50924;23
50925;23
50926;26
50927;25
50928;8
50929;15
50930;14
50931;18
50932;17
50933;18
50934;17
50935;18
50936;17
50937;17
50938;17
50939;16
50940;16
50941;15
50942;16
50943;15
50944;8
50945;8
50946;7
50947;6
50948;6
50949;5
50950;5
50951;4
50952;4
50953;3
50954;1
50955;2
50956;1
50957;1
50958;1
50959;6
50960;4
50961;1
50962;1
50963;1
50964;1
50965;1
50966;1
50967;1
50968;1
50969;1
50970;2
50971;1
50972;2
50973;12
50974;20
50975;19
50976;15
50977;14
50978;14
50979;13
50980;13
50981;12
50982;12
50983;11
50984;11
50985;10
50986;9
50987;9
50988;9
50989;9
50990;8
50991;8
50992;7
50993;7
50994;6
50995;6
50996;6
50997;9
50998;14
50999;16
51000;15
51001;17
51002;18
51003;17
51004;17
51005;16
51006;16
51007;15
51008;7
51009;7
51010;7
51011;6
51012;6
51013;6
51014;5
51015;4
51016;3
51017;2
51018;2
51019;1
51020;1
51021;1
51022;1
51023;1
51024;1
51025;1
51026;1
51027;1
51028;1
51029;1
51030;1
51031;11
51032;10
51033;10
51034;9
51035;9
51036;9
51037;8
51038;8
51039;8
51040;1
51041;1
51042;0
51043;1
51044;1
51045;1
51046;1
51047;2
51048;1
51049;1
51050;1
51051;1
51052;1
51053;2
51054;1
51055;2
51056;4
51057;4
51058;3
51059;3
51060;2
51061;2
51062;1
51063;14
51064;17
51065;18
51066;19
51067;2
51068;1
51069;1
51070;1
51071;1
51072;1
51073;1
51074;1
51075;1
51076;1
51077;1
51078;1
51079;1
51080;20
51081;23
51082;23
51083;25
51084;24
51085;24
51086;23
51087;23
51088;22
51089;49
51090;21
51091;21
51092;20
51093;21
51094;20
51095;20
51096;19
51097;19
51098;18
51099;18
51100;17
51101;17
51102;1
51103;1
51104;1
51105;1
51106;1
51107;1
51108;1
51109;1
51110;1
51111;1
51112;1
51113;1
51114;1
51115;1
51116;2
51117;1
51118;2
51119;1
51120;1
51121;2
51122;1
51123;1
51124;1
51125;1
51126;1
51127;2
51128;1
51129;1
51130;2
51131;1
51132;1
51133;2
51134;1
51135;2
51136;16
51137;43
51138;1
51139;1
51140;1
51141;2
51142;1
51143;1
51144;1
51145;1
51146;1
51147;1
51148;2
51149;1
51150;2
51151;4
51152;11
51153;15
51154;22
51155;26
51156;27
51157;26
51158;26
51159;25
51160;25
51161;24
51162;23
51163;23
51164;22
51165;22
51166;21
51167;21
51168;15
51169;15
51170;14
51171;13
51172;12
51173;18
51174;18
51175;17
51176;17
51177;16
51178;17
51179;16
51180;16
51181;16
51182;15
51183;15
51184;14
51185;14
51186;13
51187;12
51188;13
51189;12
51190;12
51191;11
51192;11
51193;10
51194;10
51195;9
51196;10
51197;9
51198;9
51199;8
51200;1
51201;1
51202;1
51203;1
51204;1
51205;1
51206;2
51207;0
51208;1
51209;1
51210;1
51211;1
51212;1
51213;1
51214;1
51215;1
51216;1
51217;1
51218;1
51219;2
51220;1
51221;1
51222;1
51223;1
51224;1
51225;1
51226;1
51227;1
51228;0
51229;1
51230;0
51231;1
51232;1
51233;0
51234;1
51235;1
51236;3
51237;11
51238;10
51239;15
51240;14
51241;14
51242;14
51243;2
51244;1
51245;2
51246;1
51247;1
51248;2
51249;1
51250;2
51251;4
51252;5
51253;2
51254;1
51255;1
51256;1
51257;1
51258;1
51259;2
51260;1
51261;1
51262;2
51263;1
51264;19
51265;18
51266;17
51267;17
51268;16
51269;5
51270;4
51271;4
51272;3
51273;3
51274;2
51275;2
51276;1
51277;1
51278;1
51279;2
51280;2
51281;3
51282;2
51283;1
51284;1
51285;2
51286;2
51287;1
51288;1
51289;1
51290;1
51291;1
51292;1
51293;1
51294;1
51295;1
51296;11
51297;15
51298;19
51299;19
51300;18
51301;18
51302;1
51303;1
51304;1
51305;1
51306;1
51307;1
51308;1
51309;1
51310;1
51311;1
51312;1
51313;1
51314;1
51315;1
51316;1
51317;1
51318;2
51319;1
51320;1
51321;1
51322;1
51323;1
51324;1
51325;1
51326;1
51327;1
51328;5
51329;4
51330;4
51331;3
51332;3
51333;2
51334;2
51335;1
51336;1
51337;1
51338;1
51339;1
51340;1
51341;1
51342;1
51343;1
51344;1
51345;1
51346;1
51347;1
51348;1
51349;3
51350;2
51351;2
51352;1
51353;1
51354;1
51355;1
51356;1
51357;1
51358;1
51359;1
51360;22
51361;16
51362;15
51363;15
51364;14
51365;14
51366;13
51367;13
51368;12
51369;12
51370;11
51371;12
51372;11
51373;11
51374;10
51375;10
51376;10
51377;13
51378;18
51379;18
51380;18
51381;17
51382;17
51383;16
51384;15
51385;15
51386;15
51387;14
51388;14
51389;13
51390;14
51391;13
51392;27
51393;98
51394;27
51395;27
51396;26
51397;26
51398;25
51399;25
51400;1
51401;1
51402;1
51403;1
51404;1
51405;1
51406;11
51407;1
51408;2
51409;2
51410;1
51411;1
51412;1
51413;1
51414;1
51415;1
51416;1
51417;2
51418;1
51419;20
51420;1
51421;1
51422;1
51423;1
51424;1
51425;1
51426;2
51427;1
51428;1
51429;1
51430;1
51431;1
51432;1
51433;1
51434;1
51435;1
51436;1
51437;1
51438;1
51439;1
51440;1
51441;1
51442;5
51443;20
51444;22
51445;26
51446;27
51447;27
51448;27
51449;27
51450;26
51451;26
51452;25
51453;25
51454;24
51455;24
51456;19
51457;18
51458;18
51459;18
51460;18
51461;18
51462;17
51463;17
51464;16
51465;16
51466;15
51467;14
51468;14
51469;13
51470;13
51471;13
51472;13
51473;13
51474;12
51475;11
51476;11
51477;10
51478;10
51479;10
51480;8
51481;7
51482;7
51483;4
51484;4
51485;3
51486;2
51487;1
51488;1
51489;1
51490;1
51491;1
51492;1
51493;1
51494;2
51495;2
51496;1
51497;1
51498;1
51499;1
51500;1
51501;1
51502;1
51503;1
51504;1
51505;1
51506;1
51507;1
51508;1
51509;1
51510;1
51511;1
51512;1
51513;1
51514;2
51515;1
51516;1
51517;1
51518;1
51519;2
51520;31
51521;30
51522;30
51523;29
51524;29
51525;28
51526;28
51527;27
51528;27
51529;12
51530;11
51531;12
51532;11
51533;11
51534;10
51535;10
51536;10
51537;9
51538;9
51539;8
51540;8
51541;8
51542;8
51543;8
51544;7
51545;6
51546;6
51547;6
51548;5
51549;5
51550;4
51551;4
51552;1
51553;1
51554;1
51555;1
51556;1
51557;1
51558;2
51559;17
51560;21
51561;23
51562;23
51563;22
51564;22
51565;22
51566;22
51567;21
51568;1
51569;1
51570;0
51571;1
51572;1
51573;1
51574;2
51575;2
51576;1
51577;1
51578;2
51579;16
51580;14
51581;13
51582;13
51583;13
51584;8
51585;8
51586;7
51587;56
51588;7
51589;6
51590;6
51591;5
51592;5
51593;4
51594;4
51595;3
51596;3
51597;3
51598;2
51599;2
51600;1
51601;6
51602;19
51603;23
51604;22
51605;22
51606;21
51607;21
51608;20
51609;20
51610;21
51611;20
51612;19
51613;19
51614;1
51615;1
51616;2
51617;1
51618;2
51619;2
51620;1
51621;2
51622;1
51623;33
51624;2
51625;30
51626;29
51627;28
51628;29
51629;29
51630;28
51631;28
51632;27
51633;27
51634;26
51635;26
51636;25
51637;25
51638;24
51639;24
51640;23
51641;23
51642;23
51643;22
51644;22
51645;22
51646;22
51647;21
51648;16
51649;15
51650;16
51651;16
51652;1
51653;2
51654;1
51655;1
51656;1
51657;2
51658;1
51659;1
51660;1
51661;1
51662;1
51663;1
51664;1
51665;2
51666;2
51667;1
51668;1
51669;2
51670;1
51671;1
51672;1
51673;1
51674;14
51675;18
51676;25
51677;24
51678;26
51679;26
51680;20
51681;20
51682;13
51683;12
51684;12
51685;11
51686;10
51687;10
51688;9
51689;9
51690;8
51691;8
51692;7
51693;7
51694;7
51695;7
51696;1
51697;1
51698;1
51699;1
51700;1
51701;1
51702;1
51703;1
51704;1
51705;2
51706;1
51707;1
51708;1
51709;1
51710;1
51711;1
51712;2
51713;1
51714;1
51715;1
51716;1
51717;1
51718;2
51719;1
51720;2
51721;2
51722;1
51723;2
51724;2
51725;2
51726;1
51727;16
51728;17
51729;19
51730;24
51731;26
51732;26
51733;25
51734;25
51735;24
51736;24
51737;23
51738;24
51739;23
51740;23
51741;22
51742;1
51743;1
51744;1
51745;1
51746;1
51747;1
51748;1
51749;1
51750;1
51751;1
51752;1
51753;2
51754;1
51755;6
51756;5
51757;5
51758;4
51759;4
51760;3
51761;3
51762;2
51763;2
51764;1
51765;1
51766;1
51767;1
51768;1
51769;1
51770;1
51771;1
51772;1
51773;1
51774;1
51775;1
51776;1
51777;1
51778;1
51779;1
51780;0
51781;1
51782;17
51783;25
51784;26
51785;32
51786;32
51787;33
51788;7
51789;7
51790;7
51791;7
51792;6
51793;6
51794;5
51795;5
51796;5
51797;4
51798;4
51799;3
51800;3
51801;2
51802;1
51803;1
51804;1
51805;6
51806;1
51807;1
51808;1
51809;1
51810;1
51811;1
51812;1
51813;1
51814;0
51815;0
51816;1
51817;1
51818;1
51819;1
51820;1
51821;1
51822;0
51823;1
51824;1
51825;1
51826;1
51827;1
51828;1
51829;1
51830;1
51831;2
51832;1
51833;0
51834;1
51835;1
51836;1
51837;1
51838;1
51839;2
51840;1
51841;1
51842;1
51843;1
51844;1
51845;2
51846;1
51847;1
51848;1
51849;1
51850;2
51851;1
51852;1
51853;1
51854;1
51855;51
51856;1
51857;1
51858;1
51859;0
51860;1
51861;1
51862;1
51863;1
51864;1
51865;43
51866;5
51867;8
51868;7
51869;7
51870;10
51871;10
51872;4
51873;3
51874;3
51875;3
51876;2
51877;2
51878;1
51879;1
51880;1
51881;1
51882;2
51883;1
51884;1
51885;1
51886;1
51887;1
51888;1
51889;3
51890;3
51891;2
51892;2
51893;1
51894;1
51895;1
51896;10
51897;8
51898;7
51899;7
51900;7
51901;6
51902;6
51903;5
51904;11
51905;13
51906;15
51907;19
51908;20
51909;20
51910;19
51911;19
51912;18
51913;18
51914;17
51915;17
51916;17
51917;16
51918;16
51919;15
51920;15
51921;6
51922;5
51923;4
51924;4
51925;4
51926;4
51927;3
51928;3
51929;2
51930;1
51931;1
51932;1
51933;1
51934;1
51935;1
51936;25
51937;25
51938;25
51939;24
51940;24
51941;23
51942;2
51943;3
51944;2
51945;2
51946;1
51947;1
51948;1
51949;1
51950;1
51951;1
51952;1
51953;1
51954;2
51955;0
51956;0
51957;1
51958;1
51959;1
51960;1
51961;1
51962;2
51963;2
51964;1
51965;1
51966;1
51967;1
51968;1
51969;1
51970;2
51971;0
51972;2
51973;1
51974;1
51975;1
51976;1
51977;1
51978;1
51979;1
51980;9
51981;11
51982;11
51983;10
51984;10
51985;9
51986;11
51987;11
51988;11
51989;13
51990;12
51991;13
51992;12
51993;12
51994;11
51995;11
51996;11
51997;10
51998;10
51999;9
52000;3
52001;2
52002;1
52003;1
52004;1
52005;1
52006;2
52007;1
52008;1
52009;1
52010;1
52011;1
52012;1
52013;1
52014;1
52015;1
52016;1
52017;1
52018;1
52019;1
52020;2
52021;3
52022;3
52023;2
52024;2
52025;1
52026;1
52027;0
52028;1
52029;1
52030;1
52031;1
52032;1
52033;1
52034;1
52035;1
52036;17
52037;22
52038;21
52039;21
52040;20
52041;21
52042;20
52043;20
52044;19
52045;19
52046;18
52047;19
52048;18
52049;18
52050;18
52051;17
52052;17
52053;17
52054;17
52055;5
52056;4
52057;4
52058;3
52059;4
52060;3
52061;3
52062;2
52063;2
52064;1
52065;1
52066;1
52067;1
52068;1
52069;0
52070;1
52071;1
52072;1
52073;1
52074;2
52075;1
52076;1
52077;2
52078;1
52079;1
52080;18
52081;17
52082;23
52083;22
52084;23
52085;22
52086;22
52087;21
52088;21
52089;20
52090;19
52091;20
52092;20
52093;19
52094;1
52095;1
52096;1
52097;1
52098;1
52099;3
52100;1
52101;1
52102;0
52103;1
52104;1
52105;1
52106;1
52107;1
52108;1
52109;1
52110;2
52111;1
52112;2
52113;1
52114;1
52115;1
52116;1
52117;1
52118;1
52119;1
52120;2
52121;2
52122;1
52123;1
52124;1
52125;1
52126;1
52127;1
52128;1
52129;1
52130;1
52131;2
52132;1
52133;1
52134;2
52135;1
52136;1
52137;1
52138;1
52139;1
52140;2
52141;1
52142;6
52143;10
52144;14
52145;21
52146;22
52147;22
52148;21
52149;23
52150;22
52151;23
52152;23
52153;22
52154;22
52155;21
52156;20
52157;20
52158;20
52159;19
52160;12
52161;12
52162;12
52163;11
52164;11
52165;10
52166;10
52167;9
52168;9
52169;8
52170;8
52171;7
52172;7
52173;6
52174;9
52175;8
52176;8
52177;7
52178;7
52179;6
52180;5
52181;5
52182;4
52183;2
52184;1
52185;1
52186;0
52187;1
52188;2
52189;2
52190;1
52191;1
52192;24
52193;22
52194;23
52195;22
52196;19
52197;19
52198;18
52199;18
52200;17
52201;17
52202;16
52203;16
52204;15
52205;15
52206;14
52207;14
52208;14
52209;14
52210;13
52211;13
52212;12
52213;12
52214;11
52215;11
52216;11
52217;10
52218;10
52219;9
52220;9
52221;8
52222;8
52223;7
52224;3
52225;3
52226;1
52227;1
52228;1
52229;1
52230;1
52231;1
52232;1
52233;1
52234;1
52235;1
52236;1
52237;1
52238;14
52239;19
52240;25
52241;24
52242;24
52243;23
52244;24
52245;23
52246;23
52247;23
52248;22
52249;22
52250;21
52251;21
52252;21
52253;21
52254;20
52255;19
52256;13
52257;12
52258;13
52259;12
52260;12
52261;11
52262;11
52263;11
52264;10
52265;10
52266;9
52267;8
52268;8
52269;8
52270;7
52271;7
52272;6
52273;6
52274;6
52275;5
52276;5
52277;4
52278;4
52279;2
52280;2
52281;1
52282;1
52283;1
52284;1
52285;1
52286;2
52287;1
52288;14
52289;19
52290;22
52291;22
52292;21
52293;21
52294;13
52295;13
52296;13
52297;12
52298;12
52299;11
52300;11
52301;12
52302;11
52303;11
52304;10
52305;10
52306;9
52307;9
52308;8
52309;8
52310;7
52311;7
52312;7
52313;7
52314;6
52315;6
52316;5
52317;5
52318;1
52319;1
52320;1
52321;0
52322;1
52323;1
52324;1
52325;1
52326;1
52327;1
52328;2
52329;1
52330;0
52331;1
52332;1
52333;1
52334;1
52335;1
52336;1
52337;1
52338;2
52339;1
52340;1
52341;1
52342;1
52343;1
52344;1
52345;1
52346;1
52347;1
52348;2
52349;1
52350;1
52351;1
52352;19
52353;19
52354;18
52355;18
52356;17
52357;17
52358;17
52359;1
52360;8
52361;17
52362;17
52363;27
52364;27
52365;26
52366;27
52367;26
52368;26
52369;26
52370;37
52371;38
52372;37
52373;37
52374;37
52375;36
52376;36
52377;35
52378;35
52379;34
52380;33
52381;33
52382;32
52383;32
52384;2
52385;1
52386;1
52387;1
52388;2
52389;1
52390;1
52391;2
52392;1
52393;1
52394;1
52395;1
52396;1
52397;1
52398;1
52399;1
52400;2
52401;1
52402;1
52403;8
52404;1
52405;1
52406;2
52407;2
52408;1
52409;1
52410;0
52411;1
52412;1
52413;1
52414;1
52415;1
52416;3
52417;3
52418;2
52419;2
52420;1
52421;2
52422;1
52423;1
52424;4
52425;3
52426;2
52427;2
52428;2
52429;2
52430;1
52431;1
52432;1
52433;2
52434;3
52435;2
52436;2
52437;2
52438;2
52439;1
52440;1
52441;2
52442;1
52443;1
52444;1
52445;1
52446;0
52447;1
52448;1
52449;1
52450;1
52451;1
52452;1
52453;1
52454;1
52455;5
52456;3
52457;8
52458;7
52459;7
52460;6
52461;6
52462;7
52463;6
52464;6
52465;5
52466;4
52467;4
52468;3
52469;1
52470;1
52471;2
52472;5
52473;4
52474;4
52475;3
52476;3
52477;4
52478;3
52479;3
52480;2
52481;1
52482;4
52483;4
52484;4
52485;3
52486;3
52487;2
52488;2
52489;2
52490;1
52491;1
52492;1
52493;1
52494;1
52495;1
52496;1
52497;1
52498;13
52499;13
52500;17
52501;22
52502;22
52503;21
52504;22
52505;2
52506;1
52507;1
52508;1
52509;1
52510;1
52511;0
52512;1
52513;1
52514;2
52515;1
52516;1
52517;1
52518;1
52519;1
52520;1
52521;2
52522;1
52523;2
52524;1
52525;1
52526;1
52527;2
52528;1
52529;1
52530;1
52531;1
52532;1
52533;1
52534;1
52535;1
52536;1
52537;1
52538;1
52539;2
52540;1
52541;1
52542;1
52543;1
52544;1
52545;1
52546;1
52547;1
52548;1
52549;1
52550;1
52551;1
52552;1
52553;2
52554;2
52555;1
52556;1
52557;1
52558;1
52559;1
52560;1
52561;1
52562;1
52563;1
52564;1
52565;1
52566;2
52567;1
52568;1
52569;1
52570;2
52571;1
52572;1
52573;1
52574;2
52575;1
52576;25
52577;6
52578;5
52579;5
52580;4
52581;4
52582;4
52583;4
52584;3
52585;3
52586;2
52587;2
52588;1
52589;1
52590;1
52591;1
52592;1
52593;1
52594;1
52595;1
52596;1
52597;2
52598;1
52599;1
52600;1
52601;1
52602;6
52603;13
52604;18
52605;22
52606;22
52607;22
52608;2
52609;2
52610;1
52611;2
52612;2
52613;1
52614;1
52615;1
52616;1
52617;1
52618;2
52619;0
52620;2
52621;0
52622;1
52623;1
52624;1
52625;1
52626;1
52627;1
52628;2
52629;1
52630;1
52631;1
52632;1
52633;1
52634;1
52635;9
52636;9
52637;9
52638;10
52639;9
52640;4
52641;4
52642;3
52643;2
52644;1
52645;1
52646;15
52647;19
52648;22
52649;26
52650;26
52651;1
52652;5
52653;4
52654;3
52655;2
52656;2
52657;1
52658;1
52659;1
52660;1
52661;1
52662;1
52663;2
52664;1
52665;1
52666;1
52667;1
52668;1
52669;1
52670;0
52671;1
52672;18
52673;19
52674;18
52675;18
52676;17
52677;17
52678;16
52679;16
52680;15
52681;15
52682;14
52683;14
52684;13
52685;13
52686;12
52687;12
52688;12
