0;78286608
1;1
2;1
3;1
4;1
5;1
6;1
7;1
8;1
9;1
10;1
11;1
12;1
13;1
14;1
15;1
16;4
17;3
18;3
19;2
20;13
21;3
22;2
23;2
24;1
25;1
26;0
27;1
28;1
29;1
30;1
31;1
32;1
33;1
34;1
35;1
36;4
37;2
38;1
39;0
40;1
41;1
42;63
43;1
44;0
45;1
46;1
47;1
48;1
49;1
50;1
51;1
52;1
53;1
54;1
55;1
56;1
57;1
58;1
59;1
60;1
61;1
62;1
63;1
64;8
65;1
66;1
67;1
68;1
69;1
70;1
71;1
72;1
73;1
74;1
75;1
76;1
77;1
78;1
79;1
80;1
81;1
82;1
83;1
84;1
85;1
86;12
87;1
88;1
89;1
90;1
91;1
92;1
93;1
94;1
95;9
96;1
97;1
98;1
99;1
100;1
101;1
102;1
103;1
104;1
105;1
106;1
107;63
108;0
109;1
110;1
111;1
112;1
113;1
114;1
115;1
116;1
117;1
118;1
119;1
120;1
121;1
122;1
123;1
124;1
125;1
126;2
127;1
128;2
129;1
130;1
131;1
132;1
133;2
134;1
135;1
136;1
137;1
138;57
139;1
140;1
141;1
142;0
143;1
144;1
145;1
146;1
147;1
148;1
149;1
150;1
151;1
152;50
153;1
154;1
155;1
156;1
157;1
158;1
159;1
160;1
161;1
162;1
163;1
164;7
165;1
166;1
167;62
168;0
169;1
170;1
171;60
172;1
173;1
174;1
175;1
176;1
177;1
178;1
179;1
180;1
181;1
182;1
183;1
184;1
185;1
186;1
187;1
188;1
189;1
190;2
191;1
192;2
193;1
194;1
195;1
196;1
197;2
198;1
199;1
200;1
201;1
202;1
203;67
204;1
205;1
206;1
207;1
208;1
209;1
210;1
211;1
212;1
213;1
214;1
215;1
216;1
217;1
218;1
219;1
220;1
221;0
222;1
223;1
224;1
225;1
226;1
227;1
228;1
229;1
230;1
231;1
232;1
233;66
234;1
235;0
236;1
237;1
238;1
239;1
240;1
241;63
242;1
243;1
244;1
245;1
246;1
247;1
248;1
249;1
250;1
251;1
252;1
253;1
254;1
255;1
256;1
257;1
258;1
259;1
260;7
261;1
262;1
263;1
264;1
265;1
266;1
267;1
268;1
269;1
270;1
271;1
272;1
273;1
274;1
275;1
276;1
277;1
278;1
279;1
280;1
281;1
282;1
283;1
284;1
285;1
286;1
287;1
288;1
289;1
290;1
291;1
292;1
293;2
294;1
295;1
296;1
297;1
298;1
299;2
300;1
301;1
302;1
303;1
304;1
305;1
306;1
307;1
308;1
309;1
310;1
311;1
312;1
313;1
314;1
315;1
316;9
317;1
318;1
319;1
320;1
321;1
322;1
323;1
324;1
325;1
326;1
327;1
328;1
329;1
330;19
331;1
332;1
333;1
334;1
335;1
336;0
337;1
338;1
339;1
340;1
341;1
342;1
343;13
344;1
345;1
346;2
347;1
348;1
349;1
350;0
351;1
352;1
353;1
354;1
355;1
356;1
357;2
358;1
359;1
360;1
361;1
362;1
363;1
364;1
365;2
366;1
367;1
368;1
369;1
370;1
371;1
372;1
373;13
374;1
375;1
376;1
377;1
378;1
379;1
380;1
381;1
382;1
383;1
384;1
385;1
386;1
387;1
388;1
389;2
390;1
391;1
392;1
393;1
394;1
395;1
396;1
397;1
398;1
399;1
400;55
401;1
402;1
403;1
404;1
405;1
406;1
407;1
408;1
409;1
410;1
411;1
412;1
413;1
414;9
415;1
416;1
417;1
418;1
419;7
420;0
421;1
422;1
423;1
424;1
425;1
426;1
427;1
428;1
429;1
430;61
431;1
432;1
433;1
434;1
435;1
436;1
437;1
438;1
439;1
440;1
441;1
442;1
443;1
444;2
445;1
446;1
447;1
448;1
449;1
450;1
451;1
452;1
453;2
454;1
455;1
456;1
457;1
458;1
459;1
460;0
461;1
462;65
463;1
464;1
465;1
466;1
467;1
468;1
469;1
470;1
471;1
472;1
473;1
474;1
475;1
476;1
477;1
478;1
479;1
480;1
481;1
482;1
483;1
484;1
485;2
486;2
487;1
488;1
489;1
490;1
491;1
492;1
493;1
494;1
495;1
496;1
497;1
498;1
499;1
500;1
501;1
502;1
503;1
504;1
505;57
506;1
507;1
508;1
509;1
510;2
511;1
512;2
513;1
514;2
515;1
516;1
517;2
518;1
519;1
520;56
521;1
522;1
523;1
524;1
525;1
526;1
527;1
528;1
529;1
530;1
531;1
532;1
533;1
534;1
535;1
536;1
537;1
538;1
539;1
540;2
541;1
542;1
543;43
544;1
545;1
546;1
547;1
548;1
549;3
550;3
551;2
552;2
553;1
554;2
555;1
556;1
557;1
558;1
559;1
560;0
561;1
562;0
563;1
564;1
565;1
566;1
567;1
568;1
569;1
570;1
571;1
572;1
573;0
574;1
575;2
576;1
577;1
578;1
579;2
580;1
581;1
582;1
583;1
584;1
585;1
586;1
587;1
588;1
589;1
590;1
591;63
592;1
593;2
594;1
595;1
596;1
597;1
598;1
599;1
600;2
601;1
602;1
603;1
604;10
605;1
606;1
607;1
608;1
609;1
610;1
611;1
612;1
613;1
614;1
615;1
616;1
617;1
618;1
619;1
620;1
621;1
622;1
623;1
624;1
625;1
626;1
627;2
628;1
629;1
630;1
631;1
632;1
633;1
634;1
635;1
636;1
637;1
638;1
639;1
640;1
641;1
642;1
643;1
644;1
645;1
646;1
647;1
648;1
649;1
650;1
651;1
652;1
653;1
654;1
655;1
656;1
657;1
658;1
659;1
660;1
661;1
662;1
663;1
664;1
665;1
666;1
667;1
668;1
669;1
670;0
671;1
672;1
673;8
674;1
675;7
676;0
677;2
678;1
679;1
680;1
681;1
682;1
683;1
684;1
685;1
686;1
687;72
688;72
689;1
690;1
691;71
692;0
693;1
694;1
695;1
696;1
697;1
698;1
699;1
700;1
701;1
702;1
703;9
704;9
705;1
706;1
707;1
708;1
709;2
710;1
711;1
712;1
713;1
714;1
715;1
716;1
717;1
718;1
719;1
720;1
721;1
722;1
723;1
724;1
725;1
726;1
727;1
728;1
729;1
730;1
731;1
732;1
733;1
734;1
735;1
736;1
737;1
738;1
739;1
740;1
741;81
742;2
743;1
744;80
745;0
746;1
747;1
748;1
749;1
750;1
751;1
752;1
753;1
754;1
755;1
756;1
757;1
758;1
759;1
760;1
761;1
762;1
763;1
764;1
765;1
766;1
767;0
768;1
769;1
770;1
771;1
772;1
773;1
774;1
775;1
776;1
777;1
778;1
779;1
780;1
781;1
782;1
783;1
784;1
785;1
786;1
787;1
788;1
789;2
790;1
791;1
792;1
793;1
794;1
795;1
796;1
797;1
798;1
799;1
800;1
801;1
802;1
803;0
804;1
805;1
806;1
807;40
808;1
809;1
810;1
811;1
812;1
813;1
814;1
815;1
816;1
817;0
818;1
819;1
820;1
821;1
822;1
823;1
824;1
825;1
826;1
827;1
828;1
829;1
830;1
831;1
832;1
833;1
834;21
835;1
836;1
837;2
838;1
839;1
840;71
841;57
842;1
843;1
844;1
845;1
846;1
847;2
848;1
849;1
850;2
851;1
852;2
853;2
854;1
855;4
856;3
857;3
858;3
859;4
860;6
861;22
862;1
863;22
864;1
865;1
866;1
867;1
868;1
869;1
870;2
871;1
872;1
873;1
874;1
875;1
876;1
877;1
878;1
879;1
880;2
881;1
882;1
883;1
884;1
885;1
886;1
887;1
888;1
889;1
890;1
891;2
892;2
893;2
894;1
895;1
896;1
897;1
898;7
899;1
900;1
901;23
902;1
903;1
904;1
905;2
906;1
907;1
908;1
909;1
910;19
911;1
912;2
913;2
914;1
915;1
916;2
917;1
918;0
919;1
920;1
921;1
922;2
923;1
924;1
925;1
926;1
927;1
928;1
929;10
930;1
931;1
932;1
933;2
934;1
935;2
936;1
937;1
938;1
939;21
940;1
941;1
942;1
943;1
944;2
945;1
946;1
947;17
948;1
949;1
950;1
951;1
952;2
953;1
954;1
955;1
956;1
957;1
958;1
959;1
960;1
961;1
962;1
963;1
964;1
965;1
966;1
967;1
968;1
969;1
970;1
971;1
972;1
973;1
974;1
975;1
976;1
977;1
978;20
979;1
980;5
981;4
982;4
983;3
984;3
985;3
986;3
987;2
988;2
989;1
990;1
991;1
992;1
993;1
994;1
995;1
996;5
997;2
998;1
999;2
1000;1
1001;1
1002;1
1003;1
1004;1
1005;42
1006;1
1007;1
1008;1
1009;1
1010;1
1011;1
1012;1
1013;1
1014;38
1015;1
1016;1
1017;1
1018;1
1019;1
1020;1
1021;1
1022;1
1023;1
1024;1
1025;1
1026;1
1027;1
1028;1
1029;3
1030;2
1031;2
1032;2
1033;1
1034;1
1035;1
1036;0
1037;1
1038;1
1039;1
1040;1
1041;1
1042;1
1043;61
1044;1
1045;1
1046;1
1047;1
1048;1
1049;1
1050;1
1051;1
1052;1
1053;1
1054;1
1055;0
1056;1
1057;1
1058;1
1059;1
1060;0
1061;2
1062;1
1063;2
1064;1
1065;1
1066;2
1067;2
1068;2
1069;2
1070;2
1071;1
1072;1
1073;1
1074;1
1075;1
1076;1
1077;1
1078;0
1079;1
1080;1
1081;1
1082;1
1083;0
1084;2
1085;2
1086;1
1087;1
1088;6
1089;1
1090;1
1091;1
1092;1
1093;1
1094;1
1095;1
1096;1
1097;16
1098;1
1099;1
1100;1
1101;1
1102;1
1103;1
1104;0
1105;1
1106;1
1107;1
1108;1
1109;1
1110;11
1111;1
1112;1
1113;1
1114;1
1115;1
1116;1
1117;1
1118;1
1119;1
1120;1
1121;1
1122;1
1123;1
1124;1
1125;2
1126;1
1127;1
1128;1
1129;1
1130;1
1131;2
1132;1
1133;1
1134;0
1135;1
1136;1
1137;2
1138;2
1139;1
1140;1
1141;0
1142;1
1143;1
1144;10
1145;1
1146;1
1147;1
1148;1
1149;1
1150;1
1151;1
1152;1
1153;1
1154;1
1155;1
1156;1
1157;2
1158;1
1159;1
1160;1
1161;1
1162;2
1163;1
1164;1
1165;1
1166;1
1167;1
1168;1
1169;1
1170;1
1171;1
1172;1
1173;1
1174;1
1175;1
1176;1
1177;1
1178;1
1179;1
1180;1
1181;1
1182;1
1183;0
1184;1
1185;6
1186;0
1187;1
1188;1
1189;1
1190;1
1191;1
1192;1
1193;1
1194;1
1195;1
1196;1
1197;16
1198;1
1199;1
1200;1
1201;1
1202;1
1203;1
1204;1
1205;1
1206;1
1207;1
1208;11
1209;1
1210;1
1211;1
1212;1
1213;1
1214;1
1215;1
1216;1
1217;1
1218;1
1219;1
1220;1
1221;1
1222;1
1223;1
1224;2
1225;1
1226;58
1227;1
1228;1
1229;57
1230;1
1231;1
1232;16
1233;1
1234;1
1235;1
1236;1
1237;1
1238;1
1239;1
1240;1
1241;1
1242;1
1243;1
1244;1
1245;1
1246;1
1247;10
1248;1
1249;1
1250;1
1251;1
1252;1
1253;2
1254;1
1255;1
1256;1
1257;1
1258;1
1259;1
1260;1
1261;1
1262;1
1263;1
1264;1
1265;1
1266;1
1267;1
1268;1
1269;1
1270;1
1271;1
1272;1
1273;1
1274;1
1275;50
1276;1
1277;1
1278;1
1279;1
1280;1
1281;8
1282;7
1283;1
1284;1
1285;1
1286;1
1287;69
1288;1
1289;1
1290;1
1291;1
1292;1
1293;1
1294;1
1295;1
1296;1
1297;1
1298;1
1299;64
1300;1
1301;1
1302;2
1303;1
1304;1
1305;1
1306;61
1307;1
1308;1
1309;1
1310;1
1311;1
1312;1
1313;1
1314;1
1315;1
1316;1
1317;69
1318;1
1319;1
1320;1
1321;1
1322;1
1323;67
1324;66
1325;1
1326;1
1327;1
1328;1
1329;1
1330;1
1331;1
1332;1
1333;2
1334;1
1335;1
1336;1
1337;1
1338;1
1339;1
1340;1
1341;1
1342;1
1343;1
1344;1
1345;1
1346;1
1347;1
1348;1
1349;1
1350;0
1351;1
1352;1
1353;1
1354;1
1355;1
1356;1
1357;1
1358;0
1359;53
1360;1
1361;1
1362;1
1363;1
1364;1
1365;1
1366;1
1367;1
1368;1
1369;48
1370;1
1371;1
1372;1
1373;1
1374;1
1375;1
1376;1
1377;1
1378;2
1379;1
1380;0
1381;1
1382;2
1383;2
1384;1
1385;2
1386;1
1387;1
1388;1
1389;1
1390;0
1391;1
1392;1
1393;1
1394;1
1395;1
1396;1
1397;1
1398;1
1399;1
1400;1
1401;11
1402;1
1403;1
1404;1
1405;1
1406;1
1407;9
1408;0
1409;1
1410;1
1411;1
1412;0
1413;1
1414;1
1415;1
1416;1
1417;1
1418;1
1419;2
1420;1
1421;2
1422;1
1423;1
1424;1
1425;1
1426;1
1427;1
1428;13
1429;13
1430;1
1431;1
1432;1
1433;1
1434;1
1435;1
1436;1
1437;1
1438;1
1439;1
1440;1
1441;1
1442;1
1443;1
1444;1
1445;1
1446;1
1447;1
1448;1
1449;20
1450;1
1451;1
1452;19
1453;1
1454;1
1455;17
1456;1
1457;1
1458;1
1459;1
1460;1
1461;15
1462;1
1463;1
1464;2
1465;1
1466;1
1467;1
1468;1
1469;1
1470;1
1471;1
1472;2
1473;1
1474;1
1475;1
1476;1
1477;1
1478;1
1479;1
1480;1
1481;1
1482;1
1483;1
1484;1
1485;1
1486;1
1487;1
1488;15
1489;1
1490;1
1491;1
1492;1
1493;1
1494;1
1495;1
1496;1
1497;1
1498;1
1499;1
1500;1
1501;1
1502;1
1503;1
1504;1
1505;1
1506;1
1507;1
1508;1
1510;1
1512;1
1513;1
1514;1
1515;1
1517;1
1518;1
1519;1
1520;1
1521;1
1522;1
1523;1
1524;1
1525;1
1528;1
1529;1
1530;1
1531;2
1532;1
1533;1
1534;1
1535;1
1537;1
1538;1
1539;1
1540;1
1541;2
1542;1
1543;2
1544;1
1545;1
1546;1
1547;1
1548;1
1549;1
1550;1
1551;1
1552;1
1553;2
1554;2
1555;1
1556;1
1557;1
1558;1
1559;1
1560;1
1561;12
1562;1
1563;1
1564;1
1565;1
1566;1
1567;1
1568;8
1569;1
1570;1
1571;1
1572;1
1573;2
1574;1
1575;1
1576;1
1577;1
1578;1
1579;1
1580;1
1581;1
1582;1
1583;1
1584;1
1585;1
1586;1
1587;1
1588;1
1589;2
1590;1
1591;1
1592;1
1593;1
1594;1
1595;1
1596;1
1597;1
1598;1
1599;1
1600;1
1601;1
1602;1
1603;1
1604;1
1605;1
1606;64
1607;1
1608;1
1609;1
1610;1
1611;1
1612;1
1613;1
1614;60
1615;1
1616;1
1617;1
1618;1
1619;1
1620;1
1621;1
1622;1
1623;1
1624;1
1625;1
1626;1
1627;1
1628;1
1629;53
1630;1
1631;1
1632;1
1633;0
1634;8
1635;1
1636;1
1637;2
1638;1
1639;1
1640;1
1641;1
1642;1
1643;1
1644;1
1645;1
1646;1
1647;1
1648;1
1649;1
1650;1
1651;1
1652;1
1653;2
1654;2
1655;2
1656;2
1657;1
1658;58
1659;1
1660;1
1661;1
1662;1
1663;9
1664;1
1665;1
1666;1
1667;1
1668;1
1669;2
1670;2
1671;1
1672;1
1673;1
1674;1
1675;1
1676;1
1677;1
1678;1
1679;1
1680;1
1681;1
1682;56
1683;1
1684;1
1685;0
1686;1
1687;1
1688;1
1689;1
1690;1
1691;1
1692;1
1693;1
1694;1
1695;1
1696;1
1697;48
1698;1
1699;1
1700;1
1701;2
1702;1
1703;1
1704;1
1705;1
1706;1
1707;1
1708;1
1709;1
1710;1
1711;1
1712;1
1713;1
1714;1
1715;1
1716;1
1717;1
1718;1
1719;1
1720;1
1721;1
1722;1
1723;1
1724;1
1725;1
1726;1
1727;1
1728;1
1729;1
1730;1
1731;1
1732;1
1733;53
1734;1
1735;1
1736;1
1737;1
1738;1
1739;1
1740;1
1741;1
1742;1
1743;1
1744;1
1745;1
1746;1
1747;1
1748;1
1749;1
1750;1
1751;1
1752;1
1753;1
1754;1
1755;1
1756;1
1757;1
1758;1
1759;1
1760;1
1761;1
1762;7
1763;1
1764;1
1765;1
1766;1
1767;1
1768;1
1769;1
1770;1
1771;1
1772;1
1773;1
1774;1
1775;1
1776;1
1777;1
1778;2
1779;1
1780;2
1781;1
1782;1
1783;1
1784;1
1785;1
1786;1
1787;1
1788;1
1789;1
1790;1
1791;1
1792;1
1793;1
1794;1
1795;1
1796;1
1797;1
1798;21
1799;1
1800;20
1801;1
1802;1
1803;1
1804;1
1805;1
1806;1
1807;1
1808;1
1809;1
1810;1
1811;1
1812;1
1813;1
1814;1
1815;1
1816;1
1817;1
1818;1
1819;1
1820;1
1821;1
1822;1
1823;1
1824;1
1825;1
1826;1
1827;1
1828;1
1829;1
1830;1
1831;1
1832;1
1833;1
1834;1
1835;1
1836;1
1837;1
1838;1
1839;1
1840;1
1841;1
1842;1
1843;1
1844;1
1845;1
1846;1
1847;1
1848;1
1849;1
1850;1
1851;1
1852;1
1853;1
1854;1
1855;1
1856;1
1857;1
1858;1
1859;1
1860;1
1862;1
1863;1
1864;1
1866;1
1867;1
1868;1
1869;1
1870;1
1871;1
1872;1
1873;1
1874;2
1875;1
1876;0
1877;1
1878;1
1880;1
1881;1
1882;1
1883;1
1884;1
1885;1
1888;1
1889;1
1890;1
1892;1
1893;1
1894;1
1895;1
1896;2
1897;2
1898;1
1899;1
1900;1
1901;1
1902;1
1903;19
1904;1
1905;1
1906;1
1907;1
1908;1
1909;1
1910;1
1911;1
1912;1
1913;1
1914;1
1915;1
1916;1
1917;1
1918;10
1919;10
1920;1
1921;1
1922;9
1923;1
1924;8
1925;2
1926;1
1927;1
1928;1
1929;1
1930;1
1931;1
1932;1
1933;1
1934;1
1935;1
1936;1
1937;1
1938;1
1939;1
1940;2
1941;52
1942;1
1943;1
1944;12
1945;12
1946;1
1947;1
1948;1
1949;1
1950;1
1951;1
1952;1
1953;1
1954;1
1955;1
1956;1
1957;2
1958;1
1959;1
1960;1
1961;1
1962;1
1963;1
1964;1
1965;1
1966;1
1967;1
1968;0
1969;1
1970;0
1971;1
1972;1
1973;1
1974;1
1975;1
1976;1
1977;1
1978;2
1979;1
1980;1
1981;1
1982;1
1983;1
1984;1
1985;1
1986;1
1987;1
1988;1
1989;1
1990;1
1991;1
1992;0
1993;1
1994;1
1995;1
1996;1
1997;1
1998;1
1999;1
2000;1
2001;1
2002;1
2004;1
2005;1
2006;1
2007;1
2008;1
2009;1
2010;1
2011;1
2012;1
2013;1
2014;1
2015;1
2016;1
2017;1
2019;0
57829;330
57830;3
57831;329
57832;1
57833;1
57834;1
57835;170
57836;1
57837;2
57838;1
57839;1
57840;1
57841;2
57842;1
57843;1
57844;8
57845;1
57846;1
57847;1
57848;0
57849;1
57850;2
57851;1
57852;1
57853;2
57854;1
57855;1
57856;1
57857;1
57858;1
57859;1
57860;1
57861;2
57862;1
57863;1
57864;1
57865;0
57866;1
57867;2
57868;1
57869;1
57870;1
57871;1
57872;1
57873;1
57874;1
57875;1
57876;1
57877;1
57878;1
57879;1
57880;1
57881;1
57882;1
57883;1
57884;1
57885;1
57886;1
57887;1
57888;1
57889;1
57890;1
57891;1
57892;1
57893;1
57894;1
57895;1
57896;1
57897;1
57898;0
57899;1
57900;1
57901;1
57902;1
57903;1
57904;1
57905;1
57906;1
57907;1
57908;1
57909;1
57910;1
57911;1
57912;1
57913;1
57914;1
57915;1
57916;1
57917;1
57918;1
57919;1
57920;1
57921;1
57922;1
57923;1
57924;1
57925;1
57926;0
57927;1
57928;1
57929;1
57930;1
57931;1
57932;1
57933;1
57934;1
57935;1
57936;1
57937;1
57938;0
57939;1
57940;1
57941;1
57942;2
57943;1
57944;0
57945;1
57946;11
57947;1
57948;1
57949;1
57950;1
57951;1
57952;1
57953;1
57954;1
57955;1
57956;1
57957;1
57958;1
57959;1
57960;2
57961;1
57962;1
57963;1
57964;3
57965;2
57966;2
57967;1
57968;1
57969;1
57970;1
57971;1
57972;1
57973;1
57974;12
57975;1
57976;1
57977;1
57978;1
57979;0
57980;1
57981;0
57982;1
57983;1
57984;1
57985;1
57986;1
57987;1
57988;1
57989;1
57990;20
57991;1
57992;1
57993;1
57994;1
57995;1
57996;1
57997;1
57998;1
57999;1
58000;1
58001;1
58002;1
58003;1
58004;1
58005;1
58006;1
58007;1
58008;1
58009;1
58010;1
58011;1
58012;1
58013;1
58014;1
58015;1
58016;1
58017;1
58018;1
58019;1
58020;1
58021;1
58022;2
58023;1
58024;1
58025;1
58026;1
58027;1
58028;1
58029;35
58030;1
58031;1
58032;16
58033;0
58034;1
58035;1
58036;1
58037;1
58038;1
58039;1
58040;1
58041;1
58042;1
58043;1
58044;1
58045;1
58046;1
58047;1
58048;1
58049;8
58050;1
58051;1
58052;1
58053;2
58054;2
58055;2
58056;1
58057;2
58058;1
58059;2
58060;1
58061;1
58062;1
58063;1
58064;1
58065;1
58066;14
58067;1
58068;1
58069;1
58070;1
58071;1
58072;1
58073;1
58074;1
58075;1
58076;1
58077;1
58078;1
58079;2
58080;2
58081;2
58082;2
58083;1
58084;1
58085;1
58086;1
58087;1
58088;1
58089;1
58090;1
58091;1
58092;1
58093;1
58094;1
58095;1
58096;1
58097;1
58098;15
58099;1
58100;1
58101;0
58102;1
58103;1
58104;1
58105;1
58106;11
58107;1
58108;1
58109;10
58110;1
58111;1
58112;1
58113;1
58114;1
58115;0
58116;1
58117;1
58118;1
58119;1
58120;1
58121;1
58122;1
58123;1
58124;1
58125;1
58126;1
58127;50
58128;1
58129;1
58130;1
58131;1
58132;1
58133;0
58134;1
58135;1
58136;1
58137;1
58138;1
58139;1
58140;1
58141;1
58142;1
58143;1
58144;1
58145;0
58146;1
58147;1
58148;1
58149;2
58150;3
58151;2
58152;2
58153;1
58154;1
58155;1
58156;1
58157;1
58158;1
58159;1
58160;1
58161;1
58162;1
58163;1
58164;1
58165;1
58166;1
58167;2
58168;1
58169;1
58170;1
58171;1
58172;1
58173;9
58174;1
58175;1
58176;1
58177;1
58178;1
58179;1
58180;1
58181;2
58182;1
58183;1
58184;1
58185;1
58186;1
58187;1
58188;44
58189;1
58190;1
58191;1
58192;1
58193;1
58194;1
58195;1
58196;40
58197;1
58198;1
58199;1
58200;1
58201;38
58202;1
58203;1
58204;1
58205;1
58206;1
58207;1
58208;1
58209;1
58210;1
58211;2
58212;1
58213;21
58214;1
58215;2
58216;2
58217;3
58218;2
58219;2
58220;1
58221;2
58222;2
58223;2
58224;1
58225;1
58226;1
58227;1
58228;1
58229;1
58230;1
58231;1
58232;1
58233;1
58234;1
58235;1
58236;1
58237;1
58238;1
58239;1
58240;1
58241;2
58242;1
58243;1
58244;1
58245;1
58246;1
58247;46
58248;1
58249;1
58250;1
58251;1
58252;44
58253;1
58254;1
58255;1
58256;1
58257;1
58258;1
58259;1
58260;1
58261;13
58262;1
58263;1
58264;1
58265;1
58266;1
58267;1
58268;1
58269;1
58270;1
58271;1
58272;1
58273;1
58274;1
58275;1
58276;6
58277;1
58278;1
58279;1
58280;2
58281;1
58282;2
58283;1
58284;2
58285;1
58286;1
58287;1
58288;1
58289;1
58290;2
58291;1
58292;1
58293;50
58294;1
58295;1
58296;1
58297;48
58298;1
58299;1
58300;1
58301;1
58302;1
58303;1
58304;1
58305;1
58306;1
58307;1
58308;1
58309;2
58310;2
58311;1
58312;1
58313;1
58314;2
58315;1
58316;17
58317;2
58318;1
58319;1
58320;1
58321;1
58322;1
58323;1
58324;1
58325;1
58326;1
58327;1
58328;1
58329;1
58330;1
58331;1
58332;1
58333;1
58334;1
58335;1
58336;1
58337;1
58338;1
58339;1
58340;1
58341;1
58342;1
58343;1
58344;1
58345;51
58346;1
58347;1
58348;1
58349;1
58350;1
58351;1
58352;2
58353;1
58354;1
58355;1
58356;1
58357;13
58358;1
58359;1
58360;1
58361;1
58362;1
58363;1
58364;1
58365;1
58366;1
58367;1
58368;1
58369;1
58370;1
58371;1
58372;1
58373;2
58374;1
58375;1
58376;1
58377;1
58378;1
58379;55
58380;55
58381;1
58382;1
58383;1
58384;2
58385;1
58386;52
58387;1
58388;52
58389;1
58390;1
58391;1
58392;1
58393;50
58394;1
58395;1
58396;1
58397;1
58398;1
58399;1
58400;1
58401;1
58402;1
58403;1
58404;1
58405;22
58406;1
58407;1
58408;1
58409;1
58410;1
58411;1
58412;2
58413;1
58414;1
58415;1
58416;0
58417;1
58418;1
58419;1
58420;2
58421;1
58422;1
58423;1
58424;1
58425;1
58426;1
58427;1
58428;1
58429;1
58430;1
58431;1
58432;1
58433;1
58434;1
58435;1
58436;1
58437;1
58438;1
58439;1
58440;1
58441;1
58442;1
58443;1
58444;1
58445;1
58446;1
58447;1
58448;1
58449;1
58450;1
58451;1
58452;1
58453;2
58454;2
58455;1
58456;2
58457;1
58458;1
58459;1
58460;1
58461;1
58462;1
58463;1
58464;1
58465;1
58466;1
58467;1
58468;1
58469;2
58470;1
58471;1
58472;1
58473;1
58474;1
58475;1
58476;1
58477;1
58478;1
58479;1
58480;1
58481;1
58482;1
58483;1
58484;0
58485;1
58486;1
58487;12
58488;1
58489;1
58490;11
58491;1
58492;1
58493;1
58494;1
58495;1
58496;1
58497;1
58498;1
58499;1
58500;1
58501;1
58502;1
58503;20
58504;1
58505;1
58506;1
58507;1
58508;1
58509;1
58510;1
58511;1
58512;1
58513;1
58514;1
58515;0
58516;1
58517;1
58518;1
58519;1
58520;2
58521;6
58522;5
58523;8
58524;7
58525;7
58526;6
58527;6
58528;6
58529;6
58530;5
58531;5
58532;4
58533;1
58534;1
58535;1
58536;0
58537;1
58538;1
58539;1
58540;0
58541;1
58542;1
58543;1
58544;1
58545;1
58546;1
58547;1
58548;1
58549;0
58550;1
58551;1
58552;1
58553;1
58554;1
58555;1
58556;1
58557;9
58558;1
58559;2
58560;1
58561;1
58562;1
58563;1
58564;1
58565;1
58566;1
58567;1
58568;1
58569;1
58570;1
58571;1
58572;1
58573;1
58574;1
58575;1
58576;1
58577;1
58578;1
58579;53
58580;1
58581;1
58582;1
58583;1
58584;1
58585;1
58586;1
58587;1
58588;1
58589;1
58590;1
58591;1
58592;1
58593;1
58594;1
58595;1
58596;1
58597;1
58598;0
58599;2
58600;1
58601;1
58602;0
58603;1
58604;1
58605;1
58606;1
58607;1
58608;1
58609;1
58610;1
58611;1
58612;1
58613;1
58614;1
58615;1
58616;1
58617;1
58618;1
58619;1
58620;1
58621;1
58622;1
58623;1
58624;1
58625;1
58626;1
58627;1
58628;1
58629;2
58630;54
58631;1
58632;1
58633;1
58634;1
58635;2
58636;1
58637;0
58638;1
58639;0
58640;1
58641;1
58642;1
58643;1
58644;1
58645;1
58646;1
58647;1
58648;1
58649;1
58650;1
58651;1
58652;1
58653;1
58654;1
58655;1
58656;1
58657;1
58658;1
58659;1
58660;1
58661;1
58662;1
58663;57
58664;58
58665;1
58666;1
58667;1
58668;1
58669;1
58670;1
58671;1
58672;1
58673;1
58674;1
58675;1
58676;1
58677;1
58678;1
58679;1
58680;0
58681;1
58682;1
58683;1
58684;1
58685;11
58686;1
58687;1
58688;1
58689;1
58690;1
58691;1
58692;1
58693;2
58694;1
58695;1
58696;1
58697;1
58698;0
58699;1
58700;1
58701;1
58702;1
58703;1
58704;1
58705;1
58706;1
58707;1
58708;1
58709;1
58710;1
58711;1
58712;1
58713;1
58714;11
58715;1
58716;1
58717;10
58718;0
58719;1
58720;1
58721;1
58722;1
58723;1
58724;7
58725;1
58726;1
58727;5
58728;18
58729;4
58730;4
58731;3
58732;3
58733;2
58734;3
58735;2
58736;2
58737;2
58738;1
58739;1
58740;1
58741;2
58742;1
58743;1
58744;1
58745;1
58746;1
58747;1
58748;1
58749;1
58750;1
58751;1
58752;1
58753;1
58754;1
58755;1
58756;0
58757;2
58758;1
58759;1
58760;1
58761;1
58762;1
58763;1
58764;1
58765;1
58766;1
58767;1
58768;1
58769;1
58770;1
58771;1
58772;0
58773;1
58774;2
58775;1
58776;0
58777;1
58778;1
58779;1
58780;1
58781;1
58782;1
58783;1
58784;1
58785;1
58786;1
58787;1
58788;1
58789;2
58790;1
58791;1
58792;1
58793;1
58794;1
58795;1
58796;1
58797;1
58798;1
58799;1
58800;1
58801;1
58802;14
58803;1
58804;1
58805;1
58806;0
58807;1
58808;1
58809;1
58810;1
58811;1
58812;1
58813;1
58814;1
58815;1
58816;1
58817;1
58818;1
58819;1
58820;1
58821;70
58822;2
58823;1
58824;1
58825;1
58826;1
58827;1
58828;1
58829;1
58830;1
58831;1
58832;1
58833;1
58834;1
58835;1
58836;1
58837;1
58838;1
58839;1
58840;1
58841;1
58842;1
58843;2
58844;1
58845;10
58846;1
58847;1
58848;1
58849;1
58850;1
58851;1
58852;1
58853;2
58854;1
58855;1
58856;1
58857;1
58858;1
58859;2
58860;18
58861;1
58862;0
58863;1
58864;2
58865;1
58866;1
58867;1
58868;1
58869;1
58870;1
58871;1
58872;1
58873;1
58874;1
58875;1
58876;1
58877;1
58878;1
58879;1
58880;1
58881;1
58882;1
58883;1
58884;7
58885;1
58886;1
58887;54
58888;1
58889;1
58890;1
58891;1
58892;1
58893;1
58894;1
58895;1
58896;1
58897;1
58898;1
58899;1
58900;1
58901;1
58902;1
58903;1
58904;1
58905;1
58906;1
58907;1
58908;1
58909;1
58910;1
58911;1
58912;1
58913;1
58914;1
58915;1
58916;1
58917;1
58918;1
58919;1
58920;1
58921;1
58922;1
58923;1
58924;57
58925;1
58926;1
58927;1
58928;1
58929;1
58930;1
58931;1
58932;1
58933;1
58934;1
58935;1
58936;1
58937;1
58938;1
58939;1
58940;2
58941;1
58942;1
58943;1
58944;1
58945;1
58946;1
58947;1
58948;1
58949;1
58950;1
58951;1
58952;1
58953;67
58954;1
58955;1
58956;1
58957;1
58958;1
58959;1
58960;1
58961;0
58962;1
58963;2
58964;1
58965;1
58966;61
58967;1
58968;2
58969;1
58970;1
58971;1
58972;1
58973;1
58974;1
58975;9
58976;1
58977;1
58978;8
58979;1
58980;1
58981;2
58982;2
58983;1
58984;2
58985;1
58986;1
58987;1
58988;62
58989;1
58990;1
58991;1
58992;1
58993;1
58994;1
58995;59
58996;1
58997;1
58998;1
58999;1
59000;1
59001;1
59002;1
59003;1
59004;1
59005;1
59006;1
59007;1
59008;1
59009;1
59010;1
59011;1
59012;1
59013;1
59014;1
59015;0
59016;1
59017;2
59018;1
59019;1
59020;1
59021;1
59022;1
59023;1
59024;1
59025;1
59026;1
59027;1
59028;1
59029;1
59030;1
59031;1
59032;1
59033;1
59034;1
59035;3
59036;54
59037;3
59038;2
59039;1
59040;1
59041;1
59042;1
59043;1
59044;1
59045;2
59046;1
59047;1
59048;1
59049;1
59050;1
59051;1
59052;1
59053;1
59054;1
59055;1
59056;1
59057;1
59058;1
59059;1
59060;1
59061;1
59062;1
59063;1
59064;1
59065;1
59066;1
59067;1
59068;1
59069;1
59070;1
59071;1
59072;1
59073;1
59074;2
59075;1
59076;1
59077;2
59078;3
59079;2
59080;2
59081;2
59082;1
59083;1
59084;1
59085;1
59086;1
59087;1
59088;8
59089;14
59090;13
59091;13
59092;12
59093;12
59094;11
59095;11
59096;10
59097;11
59098;10
59099;10
59100;9
59101;9
59102;9
59103;10
59104;12
59105;12
59106;11
59107;11
59108;10
59109;5
59110;1
59111;1
59112;1
59113;1
59114;1
59115;1
59116;1
59117;1
59118;1
59119;1
59120;1
59121;16
59122;1
59123;1
59124;1
59125;1
59126;1
59127;1
59128;1
59129;1
59130;2
59131;1
59132;1
59133;1
59134;1
59135;1
59136;8
59137;0
59138;1
59139;1
59140;1
59141;1
59142;1
59143;1
59144;1
59145;1
59146;1
59147;1
59148;1
59149;1
59150;1
59151;1
59152;1
59153;1
59154;1
59155;1
59156;1
59157;1
59158;2
59159;1
59160;1
59161;1
59162;1
59163;1
59164;1
59165;1
59166;1
59167;1
59168;1
59169;7
59170;1
59171;1
59172;1
59173;2
59174;1
59175;1
59176;1
59177;1
59178;1
59179;1
59180;1
59181;1
59182;1
59183;1
59184;1
59185;15
59186;1
59187;1
59188;1
59189;1
59190;0
59191;1
59192;1
59193;1
59194;1
59195;1
59196;1
59197;1
59198;1
59199;1
59200;1
59201;1
59202;1
59203;1
59204;1
59205;1
59206;68
59207;1
59208;1
59209;1
59210;1
59211;2
59212;1
59213;17
59214;1
59215;1
59216;1
59217;1
59218;1
59219;1
59220;1
59221;1
59222;1
59223;0
59224;1
59225;1
59226;1
59227;1
59228;1
59229;1
59230;1
59231;9
59232;1
59233;1
59234;1
59235;1
59236;1
59237;60
59238;1
59239;2
59240;1
59241;1
59242;1
59243;1
59244;1
59245;1
59246;1
59247;1
59248;1
59249;1
59250;1
59251;1
59252;1
59253;2
59254;1
59255;1
59256;1
59257;1
59258;1
59259;1
59260;1
59261;1
59262;1
59263;1
59264;1
59265;1
59266;1
59267;7
59268;1
59269;3
59270;2
59271;2
59272;1
59273;1
59274;1
59275;1
59276;1
59277;1
59278;1
59279;1
59280;1
59281;1
59282;1
59283;54
59284;1
59285;1
59286;1
59287;1
59288;1
59289;1
59290;1
59291;1
59292;1
59293;1
59294;1
59295;1
59296;1
59297;1
59298;1
59299;1
59300;1
59301;2
59302;1
59303;1
59304;1
59305;1
59306;1
59307;1
59308;1
59309;1
59310;1
59311;1
59312;57
59313;2
59314;1
59315;2
59316;1
59317;0
59318;1
59319;1
59320;53
59321;1
59322;1
59323;1
59324;51
59325;1
59326;1
59327;1
59328;1
59329;1
59330;1
59331;1
59332;1
59333;2
59334;1
59335;1
59336;2
59337;2
59338;1
59339;1
59340;1
59341;1
59342;1
59343;1
59344;1
59345;1
59346;1
59347;1
59348;0
59349;1
59350;1
59351;1
59352;1
59353;1
59354;1
59355;1
59356;1
59357;1
59358;1
59359;1
59360;1
59361;1
59362;1
59363;1
59364;1
59365;2
59366;1
59367;1
59368;1
59369;1
59370;1
59371;1
59372;1
59373;1
59374;1
59375;1
59376;1
59377;2
59378;1
59379;1
59380;1
59381;13
59382;1
59383;1
59384;1
59385;1
59386;2
59387;1
59388;1
59389;1
59390;1
59391;1
59392;1
59393;1
59394;1
59395;1
59396;1
59397;1
59398;1
59399;1
59400;1
59401;1
59402;1
59403;1
59404;1
59405;1
59406;1
59407;1
59408;1
59409;1
59410;1
59411;1
59412;2
59413;3
59414;3
59415;2
59416;2
59417;1
59418;1
59419;2
59420;2
59421;2
59422;1
59423;2
59424;1
59425;1
59426;1
59427;1
59428;1
59429;1
59430;1
59431;1
59432;1
59433;1
59434;1
59435;1
59436;1
59437;1
59438;1
59439;2
59440;1
59441;1
59442;1
59443;1
59444;1
59445;1
59446;1
59447;1
59448;1
59449;1
59450;1
59451;1
59452;1
59453;1
59454;1
59455;1
59456;1
59457;1
59458;1
59459;1
59460;1
59461;1
59462;1
59463;1
59464;1
59465;1
59466;1
59467;1
59468;1
59469;1
59470;1
59471;1
59472;1
59473;1
59474;58
59475;1
59476;1
59477;1
59478;1
59479;1
59480;1
59481;1
59482;1
59483;1
59484;1
59485;1
59486;2
59487;1
59488;1
59489;1
59490;51
59491;1
59492;1
59493;2
59494;1
59495;2
59496;1
59497;1
59498;1
59499;1
59500;1
59501;1
59502;60
59503;1
59504;1
59505;1
59506;1
59507;1
59508;1
59509;1
59510;1
59511;1
59512;1
59513;1
59514;1
59515;55
59516;1
59517;1
59518;1
59519;1
59520;1
59521;1
59522;1
59523;1
59524;1
59525;2
59526;1
59527;2
59528;1
59529;1
59530;1
59531;1
59532;1
59533;1
59534;1
59535;2
59536;1
59537;1
59538;1
59539;1
59540;1
59541;1
59542;1
59543;1
59544;1
59545;1
59546;1
59547;1
59548;1
59549;9
59550;1
59551;1
59552;1
59553;1
59554;1
59555;1
59556;1
59557;1
59558;1
59559;1
59560;1
59561;1
59562;1
59563;1
59564;1
59565;1
59566;1
59567;1
59568;1
59569;2
59570;1
59571;1
59572;14
59573;1
59574;13
59575;13
59576;1
59577;0
59578;1
59579;1
59580;1
59581;1
59582;1
59583;1
59584;1
59585;1
59586;1
59587;1
59588;1
59589;2
59590;2
59591;2
59592;2
59593;2
59594;1
59595;1
59596;2
59597;1
59598;1
59599;1
59600;1
59601;5
59602;1
59603;1
59604;1
59605;1
59606;1
59607;2
59608;2
59609;2
59610;1
59611;1
59612;1
59613;55
59614;1
59615;0
59616;1
59617;1
59618;1
59619;1
59620;1
59621;1
59622;2
59623;6
59624;5
59625;4
59626;5
59627;66
59628;4
59629;3
59630;3
59631;2
59632;2
59633;2
59634;1
59635;1
59636;1
59637;1
59638;1
59639;1
59640;1
59641;1
59642;0
59643;1
59644;1
59645;1
59646;1
59647;1
59648;1
59649;1
59650;1
59651;1
59652;1
59653;1
59654;1
59655;1
59656;1
59657;1
59658;1
59659;2
59660;1
59661;1
59662;2
59663;1
59664;1
59665;1
59666;1
59667;1
59668;1
59669;1
59670;57
59671;1
59672;1
59673;1
59674;1
59675;1
59676;1
59677;1
59678;1
59679;1
59680;1
59681;1
59682;1
59683;1
59684;7
59685;2
59686;1
59687;2
59688;59
59689;1
59690;59
59691;0
59692;1
59693;0
59694;1
59695;0
59696;1
59697;1
59698;1
59699;1
59700;1
59701;1
59702;1
59703;1
59704;1
59705;1
59706;1
59707;1
59708;1
59709;1
59710;1
59711;1
59712;1
59713;1
59714;1
59715;2
59716;1
59717;2
59718;2
59719;1
59720;2
59721;1
59722;1
59723;1
59724;1
59725;1
59726;1
59727;1
59728;1
59729;1
59730;1
59731;1
59732;1
59733;1
59734;1
59735;1
59736;1
59737;1
59738;1
59739;11
59740;11
59741;1
59742;1
59743;0
59744;1
59745;1
59746;1
59747;1
59748;1
59749;1
59750;1
59751;1
59752;1
59753;1
59754;1
59755;1
59756;18
59757;1
59758;2
59759;1
59760;1
59761;0
59762;1
59763;1
59764;1
59765;1
59766;1
59767;1
59768;1
59769;1
59770;1
59771;1
59772;1
59773;1
59774;1
59775;1
59776;1
59777;2
59778;1
59779;2
59780;1
59781;1
59782;1
59783;1
59784;1
59785;1
59786;1
59787;0
59788;1
59789;1
59790;1
59791;1
59792;1
59793;1
59794;1
59795;1
59796;1
59797;1
59798;1
59799;1
59800;1
59801;1
59802;1
59803;1
59804;1
59805;1
59806;1
59807;1
59808;1
59809;1
59810;1
59811;1
59812;0
59813;2
59814;1
59815;1
59816;1
59817;1
59818;1
59819;0
59820;1
59821;0
59822;1
59823;1
59824;1
59825;1
59826;2
59827;1
59828;0
59829;1
59830;1
59831;1
59832;2
59833;11
59834;1
59835;1
59836;10
59837;1
59838;0
59839;1
59840;0
59841;1
59842;1
59843;1
59844;1
59845;2
59846;1
59847;1
59848;1
59849;1
59850;57
59851;1
59852;1
59853;1
59854;1
59855;1
59856;1
59857;1
59858;0
59859;1
59860;1
59861;1
59862;1
59863;1
59864;1
59865;1
59866;1
59867;1
59868;1
59869;1
59870;1
59871;8
59872;1
59873;1
59874;1
59875;1
59876;1
59877;64
59878;1
59879;1
59880;1
59881;2
59882;1
59883;1
59884;1
59885;1
59886;1
59887;1
59888;1
59889;1
59890;1
59891;1
59892;1
59893;1
59894;1
59895;1
59896;5
59897;6
59898;5
59899;54
59900;5
59901;4
59902;4
59903;3
59904;3
59905;3
59906;1
59907;1
59908;1
59909;1
59910;0
59911;1
59912;0
59913;1
59914;1
59915;1
59916;1
59917;1
59918;1
59919;1
59920;1
59921;1
59922;1
59923;1
59924;1
59925;0
59926;1
59927;1
59928;1
59929;2
59930;1
59931;1
59932;1
59933;1
59934;66
59935;1
59936;1
59937;1
59938;0
59939;1
59940;1
59941;2
59942;1
59943;0
59944;2
59945;1
59946;1
59947;1
59948;1
59949;1
59950;1
59951;1
59952;1
59953;1
59954;1
59955;1
59956;1
59957;0
59958;1
59959;2
59960;1
59961;1
59962;1
59963;1
59964;1
59965;1
59966;1
59967;1
59968;1
59969;1
59970;1
59971;1
59972;1
59973;2
59974;1
59975;1
59976;1
59977;1
59978;1
59979;1
59980;2
59981;1
59982;1
59983;1
59984;2
59985;1
59986;1
59987;1
59988;1
59989;1
59990;1
59991;1
59992;1
59993;1
59994;1
59995;1
59996;0
59997;1
59998;1
59999;1
60000;8
60001;1
60002;7
60003;1
60004;1
60005;1
60006;1
60007;1
60008;1
60009;1
60010;1
60011;1
60012;1
60013;1
60014;1
60015;1
60016;1
60017;1
60018;1
60019;1
60020;1
60021;1
60022;1
60023;1
60024;1
60025;1
60026;1
60027;1
60028;1
60029;1
60030;2
60031;1
60032;1
60033;1
60034;1
60035;1
60036;1
60037;2
60038;1
60039;1
60040;1
60041;1
60042;1
60043;1
60044;1
60045;1
60046;1
60047;1
60048;1
60049;1
60050;1
60051;1
60052;1
60053;1
60054;1
60055;1
60056;7
60057;1
60058;1
60059;1
60060;1
60061;1
60062;1
60063;1
60064;1
60065;1
60066;1
60067;6
60068;1
60069;2
60070;1
60071;1
60072;1
60073;1
60074;1
60075;2
60076;1
60077;1
60078;1
60079;2
60080;1
60081;1
60082;14
60083;1
60084;2
60085;1
60086;2
60087;1
60088;1
60089;11
60090;1
60091;1
60092;1
60093;1
60094;1
60095;1
60096;1
60097;8
60098;1
60099;1
60100;1
60101;2
60102;1
60103;1
60104;1
60105;36
60106;1
60107;1
60108;35
60109;1
60110;1
60111;1
60112;1
60113;1
60114;2
60115;1
60116;1
60117;1
60118;1
60119;1
60120;1
60121;1
60122;1
60123;1
60124;1
60125;1
60126;2
60127;1
60128;1
60129;1
60130;1
60131;1
60132;1
60133;1
60134;1
60135;1
60136;1
60137;1
60138;2
60139;1
60140;1
60141;1
60142;1
60143;2
60144;16
60145;1
60146;1
60147;1
60148;1
60149;1
60150;2
60151;13
60152;1
60153;2
60154;12
60155;1
60156;1
60157;1
60158;1
60159;1
60160;1
60161;1
60162;1
60163;1
60164;1
60165;2
60166;1
60167;70
60168;1
60169;1
60170;68
60171;2
60172;1
60173;1
60174;1
60175;1
60176;1
60177;1
60178;1
60179;1
60180;1
60181;1
60182;1
60183;1
60184;1
60185;1
60186;12
60187;1
60188;11
60189;1
60190;1
60191;1
60192;1
60193;1
60194;1
60195;1
60196;1
60197;2
60198;1
60199;1
60200;2
60201;72
60202;1
60203;1
60204;1
60205;1
60206;1
60207;70
60208;0
60209;1
60210;1
60211;1
60212;2
60213;67
60214;1
60215;1
60216;1
60217;0
60218;1
60219;65
60220;1
60221;1
60222;1
60223;1
60224;1
60225;1
60226;1
60227;1
60228;1
60229;1
60230;1
60231;1
60232;2
60233;1
60234;66
60235;1
60236;1
60237;1
60238;1
60239;1
60240;1
60241;1
60242;1
60243;1
60244;1
60245;1
60246;1
60247;1
60248;1
60249;1
60250;1
60251;1
60252;1
60253;1
60254;1
60255;1
60256;1
60257;1
60258;1
60259;1
60260;1
60261;1
60262;1
60263;12
60264;1
60265;1
60266;1
60267;1
60268;53
60269;1
60270;1
60271;51
60272;1
60273;1
60274;1
60275;1
60276;1
60277;49
60278;1
60279;2
60280;1
60281;12
60282;1
60283;1
60284;1
60285;1
60286;1
60287;1
60288;1
60289;1
60290;1
60291;1
60292;1
60293;1
60294;1
60295;1
60296;0
60297;1
60298;1
60299;1
60300;1
60301;1
60302;1
60303;1
60304;1
60305;1
60306;1
60307;1
60308;1
60309;1
60310;1
60311;1
60312;1
60313;1
60314;1
60315;1
60316;1
60317;1
60318;1
60319;2
60320;1
60321;1
60322;1
60323;1
60324;1
60325;1
60326;1
60327;1
60328;1
60329;1
60330;1
60331;1
60332;1
60333;1
60334;1
60335;1
60336;15
60337;1
60338;1
60339;1
60340;1
60341;1
60342;1
60343;1
60344;1
60345;1
60346;1
60347;1
60348;1
60349;1
60350;1
60351;1
60352;1
60353;1
60354;1
60355;1
60356;1
60357;1
60358;0
60359;1
60360;1
60361;1
60362;1
60363;1
60364;1
60365;1
60366;2
60367;57
60368;1
60369;1
60370;1
60371;1
60372;1
60373;1
60374;1
60375;1
60376;1
60377;1
60378;1
60379;1
60380;1
60381;1
60382;1
60383;9
60384;1
60385;1
60386;1
60387;7
60388;1
60389;1
60390;1
60391;1
60392;64
60393;1
60394;2
60395;1
60396;1
60397;1
60398;1
60399;1
60400;1
60401;1
60402;1
60403;1
60404;1
60405;58
60406;1
60407;1
60408;1
60409;1
60410;1
60411;1
60412;1
60413;0
60414;1
60415;2
60416;1
60417;2
60418;1
60419;1
60420;1
60421;2
60422;2
60423;1
60424;1
60425;1
60426;1
60427;1
60428;1
60429;1
60430;1
60431;1
60432;1
60433;1
60434;1
60435;1
60436;1
60437;1
60438;56
60439;1
60440;1
60441;1
60442;1
60443;1
60444;1
60445;1
60446;1
60447;1
60448;1
60449;1
60450;1
60451;1
60452;1
60453;1
60454;0
60455;1
60456;0
60457;1
60458;1
60459;1
60460;1
60461;1
60462;1
60463;1
60464;1
60465;1
60466;1
60467;0
60468;1
60469;1
60470;1
60471;1
60472;1
60473;1
60474;1
60475;1
60476;1
60477;0
60478;53
60479;1
60480;1
60481;1
60482;1
60483;1
60484;1
60485;1
60486;1
60487;1
60488;1
60489;1
60490;1
60491;1
60492;1
60493;1
60494;1
60495;1
60496;1
60497;1
60498;1
60499;1
60500;1
60501;1
60502;1
60503;1
60504;1
60505;1
60506;1
60507;1
60508;1
60509;1
60510;8
60511;1
60512;2
60513;1
60514;1
60515;1
60516;1
60517;1
60518;0
60519;1
60520;1
60521;1
60522;1
60523;1
60524;1
60525;59
60526;1
60527;1
60528;1
60529;1
60530;1
60531;1
60532;1
60533;1
60534;1
60535;1
60536;1
60537;1
60538;1
60539;1
60540;1
60541;1
60542;1
60543;1
60544;1
60545;1
60546;1
60547;2
60548;1
60549;21
60550;2
60551;1
60552;20
60553;1
60554;1
60555;1
60556;1
60557;1
60558;1
60559;1
60560;1
60561;1
60562;1
60563;1
60564;1
60565;1
60566;1
60567;1
60568;1
60569;1
60570;1
60571;1
60572;1
60573;1
60574;1
60575;1
60576;1
60577;1
60578;1
60579;1
60580;1
60581;2
60582;1
60583;1
60584;1
60585;1
60586;1
60587;1
60588;1
60589;1
60590;1
60591;1
60592;1
60593;1
60594;14
60595;1
60596;1
60597;1
60598;1
60599;1
60600;1
60601;1
60602;1
60603;1
60604;1
60605;1
60606;1
60607;8
60608;1
60609;1
60610;1
60611;1
60612;1
60613;1
60614;1
60615;1
60616;1
60617;1
60618;1
60619;1
60620;1
60621;1
60622;1
60623;1
60624;2
60625;1
60626;2
60627;1
60628;1
60629;1
60630;1
60631;1
60632;1
60633;1
60634;1
60635;1
60636;1
60637;1
60638;1
60639;1
60640;1
60641;1
60642;1
60643;1
60644;1
60645;1
60646;1
60647;1
60648;1
60649;1
60650;1
60651;1
60652;1
60653;1
60654;1
60655;1
60656;2
60657;1
60658;1
60659;1
60660;1
60661;1
60662;2
60663;2
60664;1
60665;1
60666;1
60667;1
60668;1
60669;1
60670;1
60671;1
60672;8
60673;1
60674;1
60675;1
60676;1
60677;1
60678;6
60679;1
60680;1
60681;1
60682;1
60683;1
60684;1
60685;1
60686;1
60687;1
60688;1
60689;1
60690;1
60691;1
60692;41
60693;1
60694;2
60695;1
60696;1
60697;1
60698;1
60699;1
60700;1
60701;1
60702;1
60703;1
60704;1
60705;1
60706;1
60707;1
60708;1
60709;2
60710;2
60711;2
60712;22
60713;1
60714;1
60715;1
60716;1
60717;1
60718;1
60719;1
60720;1
60721;1
60722;1
60723;1
60724;1
60725;1
60726;1
60727;1
60728;1
60729;1
60730;1
60731;13
60732;1
60733;1
60734;1
60735;2
60736;1
60737;1
60738;1
60739;1
60740;1
60741;1
60742;1
60743;1
60744;1
60745;1
60746;1
60747;0
60748;1
60749;1
60750;1
60751;1
60752;1
60753;1
60754;1
60755;1
60756;1
60757;1
60758;1
60759;1
60760;1
60761;1
60762;1
60763;1
60764;1
60765;1
60766;1
60767;1
60768;1
60769;1
60770;1
60771;1
60772;1
60773;2
60774;1
60775;1
60776;1
60777;1
60778;1
60779;1
60780;18
60781;1
60782;1
60783;1
60784;1
60785;1
60786;1
60787;1
60788;1
60789;1
60790;1
60791;1
60792;1
60793;1
60794;1
60795;11
60796;1
60797;1
60798;1
60799;1
60800;1
60801;1
60802;1
60803;1
60804;1
60805;1
60806;1
60807;1
60808;62
60809;1
60810;1
60811;1
60812;1
60813;1
60814;1
60815;59
60816;1
60817;1
60818;2
60819;1
60820;1
60821;1
60822;1
60823;1
60824;1
60825;1
60826;1
60827;1
60828;1
60829;1
60830;1
60831;1
60832;1
60833;8
60834;1
60835;1
60836;1
60837;2
60838;1
60839;1
60840;1
60841;1
60842;1
60843;1
60844;1
60845;1
60846;1
60847;1
60848;1
60849;16
60850;1
60851;1
60852;1
60853;1
60854;2
60855;1
60856;1
60857;1
60858;1
60859;1
60860;1
60861;1
60862;1
60863;1
60864;1
60865;1
60866;8
60867;1
60868;1
60869;121
60870;1
60871;1
60872;1
60873;1
60874;0
60875;1
60876;1
60877;1
60878;1
60879;1
60880;1
60881;1
60882;1
60883;1
60884;62
60885;1
60886;1
60887;1
60888;1
60889;2
60890;1
60891;1
60892;1
60893;1
60894;1
60895;1
60896;1
60897;1
60898;1
60899;1
60900;1
60901;1
60902;2
60903;1
60904;1
60905;1
60906;1
60907;1
60908;1
60909;1
60910;0
60911;1
60912;1
60913;1
60914;1
60915;1
60916;1
60917;1
60918;1
60919;1
60920;1
60921;1
60922;1
60923;1
60924;1
60925;1
60926;1
60927;1
60928;1
60929;1
60930;1
60931;1
60932;1
60933;1
60934;1
60935;1
60936;1
60937;1
60938;1
60939;1
60940;1
60941;1
60942;1
60943;1
60944;1
60945;1
60946;1
60947;1
60948;1
60949;1
60950;1
60951;13
60952;12
60953;1
60954;1
60955;1
60956;2
60957;1
60958;1
60959;1
60960;0
60961;8
60962;1
60963;1
60964;1
60965;1
60966;1
60967;1
60968;1
60969;1
60970;1
60971;1
60972;1
60973;1
60974;2
60975;1
60976;1
60977;1
60978;1
60979;14
60980;1
60981;1
60982;1
60983;1
60984;1
60985;1
60986;1
60987;10
60988;1
60989;1
60990;1
60991;1
60992;8
60993;8
60994;1
60995;1
60996;1
60997;2
60998;1
60999;1
61000;1
61001;1
61002;1
61003;1
61004;1
61005;1
61006;1
61007;1
61008;1
61009;1
61010;1
61011;1
61012;1
61013;1
61014;1
61015;1
61016;1
61017;1
61018;1
61019;1
61020;1
61021;1
61022;1
61023;1
61024;1
61025;1
61026;1
61027;1
61028;6
61029;2
61030;1
61031;1
61032;5
61033;1
61034;1
61035;1
61036;1
61037;0
61038;1
61039;1
61040;1
61041;1
61042;1
61043;1
61044;1
61045;2
61046;1
61047;1
61048;1
61049;1
61050;1
61051;1
61052;1
61053;1
61054;1
61055;1
61056;1
61057;1
61058;1
61059;1
61060;1
61061;1
61062;1
61063;0
61064;1
61065;58
61066;0
61067;1
61068;1
61069;1
61070;1
61071;1
61072;1
61073;1
61074;1
61075;1
61076;1
61077;1
61078;1
61079;1
61080;51
61081;0
61082;1
61083;1
61084;1
61085;1
61086;0
61087;1
61088;1
61089;1
61090;1
61091;0
61092;1
61093;2
61094;1
61095;1
61096;1
61097;1
61098;1
61099;1
61100;1
61101;1
61102;1
61103;1
61104;1
61105;1
61106;0
61107;1
61108;2
61109;1
61110;0
61111;1
61112;1
61113;1
61114;1
61115;1
61116;1
61117;1
61118;1
61119;1
61120;1
61121;1
61122;1
61123;1
61124;1
61125;1
61126;68
61127;1
61128;1
61129;1
61130;1
61131;1
61132;1
61133;65
61134;0
61135;1
61136;1
61137;1
61138;1
61139;1
61140;1
61141;1
61142;1
61143;1
61144;1
61145;0
61146;1
61147;1
61148;1
61149;1
61150;1
61151;1
61152;0
61153;1
61154;1
61155;1
61156;1
61157;2
61158;1
61159;1
61160;1
61161;1
61162;0
61163;1
61164;2
61165;1
61166;1
61167;1
61168;1
61169;1
61170;1
61171;1
61172;1
61173;1
61174;1
61175;1
61176;1
61177;1
61178;1
61179;1
61180;1
61181;1
61182;1
61183;1
61184;1
61185;1
61186;1
61187;1
61188;2
61189;2
61190;1
61191;20
61192;19
61193;1
61194;1
61195;1
61196;1
61197;1
61198;1
61199;1
61200;1
61201;1
61202;1
61203;1
61204;1
61205;1
61206;1
61207;1
61208;1
61209;1
61210;1
61211;1
61212;1
61213;1
61214;1
61215;1
61216;1
61217;1
61218;1
61219;1
61220;1
61221;1
61222;1
61223;1
61224;1
61225;1
61226;1
61227;1
61228;1
61229;2
61230;1
61231;1
61232;1
61233;15
61234;0
61235;1
61236;1
61237;1
61238;1
61239;1
61240;1
61241;1
61242;11
61243;1
61244;1
61245;1
61246;1
61247;8
61248;1
61249;1
61250;1
61251;0
61252;1
61253;2
61254;1
61255;0
61256;1
61257;1
61258;1
61259;1
61260;1
61261;1
61262;1
61263;1
61264;1
61265;2
61266;1
61267;1
61268;1
61269;1
61270;0
61271;1
61272;1
61273;1
61274;1
61275;1
61276;1
61277;1
61278;1
61279;1
61280;1
61281;1
61282;1
61283;1
61284;0
61285;1
61286;1
61287;1
61288;1
61289;1
61290;1
61291;1
61292;1
61293;1
61294;1
61295;1
61296;1
61297;1
61298;1
61299;1
61300;1
61301;1
61302;1
61303;26
61304;26
61305;1
61306;5
61307;2
61308;1
61309;1
61310;1
61311;9
61312;1
61313;1
61314;1
61315;2
61316;7
61317;1
61318;1
61319;1
61320;1
61321;1
61322;1
61323;1
61324;1
61325;1
61326;1
61327;2
61328;1
61329;1
61330;1
61331;2
61332;1
61333;1
61334;1
61335;2
61336;1
61337;1
61338;1
61339;1
61340;1
61341;1
61342;0
61343;1
61344;2
61345;1
61346;1
61347;1
61348;1
61349;2
61350;1
61351;1
61352;1
61353;1
61354;1
61355;1
61356;1
61357;1
61358;1
61359;1
61360;1
61361;1
61362;1
61363;1
61364;1
61365;1
61366;1
61367;1
61368;56
61369;1
61370;1
61371;0
61372;1
61373;1
61374;1
61375;1
61376;1
61377;1
61378;2
61379;1
61380;1
61381;2
61382;1
61383;1
61384;1
61385;1
61386;1
61387;1
61388;1
61389;1
61390;16
61391;1
61392;1
61393;1
61394;1
61395;1
61396;1
61397;1
61398;1
61399;1
61400;1
61401;1
61402;1
61403;1
61404;1
61405;1
61406;1
61407;1
61408;1
61409;1
61410;1
61411;1
61412;1
61413;1
61414;1
61415;2
61416;1
61417;1
61418;18
61419;18
61420;1
61421;1
61422;1
61423;16
61424;1
61425;1
61426;1
61427;1
61428;1
61429;1
61430;1
61431;1
61432;1
61433;1
61434;1
61435;1
61436;10
61437;1
61438;1
61439;1
61440;1
61441;1
61442;1
61443;1
61444;7
61445;1
61446;2
61447;1
61448;1
61449;61
61450;1
61451;60
61452;1
61453;1
61454;1
61455;1
61456;1
61457;1
61458;1
61459;1
61460;1
61461;2
61462;1
61463;2
61464;1
61465;1
61466;1
61467;1
61468;1
61469;1
61470;1
61471;1
61472;1
61473;1
61474;1
61475;1
61476;2
61477;1
61478;1
61479;1
61480;1
61481;59
61482;1
61483;1
61484;1
61485;1
61486;1
61487;1
61488;1
61489;1
61490;1
61491;1
61492;1
61493;1
61494;1
61495;1
61496;1
61497;1
61498;1
61499;1
61500;1
61501;1
61502;1
61503;9
61504;1
61505;1
61506;1
61507;1
61508;1
61509;1
61510;1
61511;1
61512;1
61513;1
61514;1
61515;1
61516;0
61517;1
61518;2
61519;1
61520;0
61521;1
61522;1
61523;1
61524;1
61525;1
61526;1
61527;1
61528;1
61529;1
61530;0
61531;1
61532;1
61533;1
61534;1
61535;1
61536;15
61537;1
61538;1
61539;0
61540;1
61541;1
61542;1
61543;1
61544;1
61545;1
61546;1
61547;1
61548;1
61549;1
61550;1
61551;0
61552;1
61553;2
61554;1
61555;1
61556;1
61557;1
61558;1
61559;1
61560;1
61561;1
61562;1
61563;1
61564;1
61565;1
61566;1
61567;1
61568;1
61569;1
61570;1
61571;6
61572;1
61573;1
61574;1
61575;1
61576;1
61577;1
61578;1
61579;56
61580;1
61581;1
61582;1
61583;1
61584;1
61585;1
61586;1
61587;1
61588;1
61589;1
61590;1
61591;0
61592;1
61593;12
61594;1
61595;1
61596;0
61597;1
61598;1
61599;1
61600;1
61601;1
61602;1
61603;1
61604;1
61605;1
61606;1
61607;1
61608;1
61609;1
61610;5
61611;1
61612;1
61613;1
61614;57
61615;1
61616;1
61617;2
61618;1
61619;1
61620;1
61621;0
61622;1
61623;1
61624;1
61625;1
61626;1
61627;1
61628;1
61629;1
61630;1
61631;1
61632;0
61633;1
61634;1
61635;1
61636;1
61637;1
61638;1
61639;1
61640;1
61641;1
61642;0
61643;1
61644;1
61645;1
61646;1
61647;1
61648;1
61649;1
61650;1
61651;0
61652;1
61653;1
61654;1
61655;1
61656;1
61657;1
61658;1
61659;10
61660;1
61661;0
61662;1
61663;1
61664;1
61665;1
61666;1
61667;1
61668;1
61669;1
61670;1
61671;1
61672;1
61673;1
61674;1
61675;1
61676;1
61677;1
61678;1
61679;1
61680;1
61681;1
61682;1
61683;1
61684;1
61685;1
61686;1
61687;1
61688;1
61689;2
61690;1
61691;1
61692;1
61693;0
61694;1
61695;1
61696;2
61697;7
61698;1
61699;6
61700;1
61701;2
61702;1
61703;1
61704;1
61705;1
61706;1
61707;17
61708;1
61709;1
61710;1
61711;1
61712;1
61713;1
61714;1
61715;1
61716;0
61717;1
61718;1
61719;1
61720;1
61721;1
61722;1
61723;1
61724;1
61725;1
61726;1
61727;1
61728;1
61729;1
61730;1
61731;1
61732;1
61733;2
61734;1
61735;2
61736;1
61737;1
61738;1
61739;1
61740;1
61741;1
61742;1
61743;1
61744;1
61745;1
61746;1
61747;1
61748;67
61749;1
61750;1
61751;1
61752;1
61753;1
61754;1
61755;1
61756;1
61757;63
61758;1
61759;1
61760;1
61761;61
61762;1
61763;1
61764;2
61765;2
61766;1
61767;1
61768;1
61769;1
61770;1
61771;1
61772;1
61773;1
61774;1
61775;1
61776;1
61777;1
61778;1
61779;1
61780;1
61781;2
61782;60
61783;1
61784;60
61785;0
61786;1
61787;59
61788;0
61789;58
61790;1
61791;1
61792;1
61793;1
61794;1
61795;1
61796;1
61797;1
61798;1
61799;1
61800;1
61801;1
61802;1
61803;1
61804;1
61805;17
61806;1
61807;1
61808;1
61809;1
61810;1
61811;1
61812;1
61813;0
61814;1
61815;1
61816;1
61817;1
61818;1
61819;1
61820;1
61821;2
61822;1
61823;1
61824;1
61825;1
61826;1
61827;1
61828;1
61829;1
61830;1
61831;1
61832;20
61833;20
61834;1
61835;1
61836;1
61837;1
61838;2
61839;1
61840;1
61841;1
61842;1
61843;1
61844;1
61845;1
61846;1
61847;1
61848;1
61849;1
61850;1
61851;1
61852;2
61853;1
61854;1
61855;1
61856;1
61857;1
61858;1
61859;1
61860;2
61861;1
61862;1
61863;1
61864;1
61865;63
61866;1
61867;1
61868;1
61869;1
61870;1
61871;1
61872;1
61873;1
61874;1
61875;1
61876;1
61877;1
61878;1
61879;2
61880;1
61881;1
61882;1
61883;1
61884;1
61885;2
61886;9
61887;1
61888;1
61889;1
61890;1
61891;1
61892;1
61893;2
61894;1
61895;1
61896;1
61897;1
61898;1
61899;1
61900;1
61901;17
61902;1
61903;1
61904;1
61905;1
61906;1
61907;1
61908;1
61909;1
61910;1
61911;1
61912;1
61913;1
61914;1
61915;1
61916;1
61917;1
61918;1
61919;1
61920;1
61921;7
61922;1
61923;1
61924;1
61925;2
61926;1
61927;2
61928;1
61929;1
61930;1
61931;1
61932;1
61933;1
61934;1
61935;1
61936;1
61937;1
61938;1
61939;1
61940;1
61941;1
61942;1
61943;1
61944;1
61945;1
61946;1
61947;1
61948;1
61949;1
61950;1
61951;1
61952;1
61953;1
61954;1
61955;1
61956;18
61957;1
61958;1
61959;47
61960;1
61961;1
61962;1
61963;1
61964;1
61965;1
61966;1
61967;1
61968;1
61969;1
61970;1
61971;1
61972;1
61973;1
61974;0
61975;1
61976;1
61977;1
61978;1
61979;1
61980;1
61981;1
61982;1
61983;1
61984;1
61985;1
61986;1
61987;1
61988;1
61989;1
61990;1
61991;1
61992;1
61993;1
61994;1
61995;1
61996;1
61997;1
61998;1
61999;1
62000;57
62001;56
62002;1
62003;1
62004;1
62005;1
62006;1
62007;1
62008;1
62009;1
62010;1
62011;1
62012;51
62013;1
62014;0
62015;1
62016;1
62017;1
62018;1
62019;1
62020;1
62021;2
62022;1
62023;1
62024;1
62025;1
62026;1
62027;1
62028;1
62029;1
62030;1
62031;1
62032;1
62033;1
62034;1
62035;1
62036;1
62037;1
62038;1
62039;1
62040;1
62041;1
62042;1
62043;1
62044;1
62045;2
62046;1
62047;1
62048;1
62049;1
62050;1
62051;1
62052;1
62053;1
62054;1
62055;1
62056;1
62057;1
62058;1
62059;1
62060;1
62061;1
62062;1
62063;1
62064;1
62065;1
62066;1
62067;1
62068;1
62069;1
62070;1
62071;1
62072;1
62073;1
62074;1
62075;10
62076;1
62077;1
62078;1
62079;1
62080;1
62081;1
62082;1
62083;1
62084;1
62085;1
62086;0
62087;1
62088;1
62089;1
62090;52
62091;0
62092;1
62093;1
62094;1
62095;1
62096;1
62097;1
62098;1
62099;1
62100;1
62101;1
62102;1
62103;1
62104;2
62105;1
62106;1
62107;45
62108;0
62109;1
62110;1
62111;1
62112;1
62113;2
62114;1
62115;1
62116;1
62117;1
62118;1
62119;1
62120;1
62121;1
62122;1
62123;1
62124;1
62125;1
62126;1
62127;1
62128;1
62129;1
62130;1
62131;1
62132;1
62133;1
62134;1
62135;1
62136;1
62137;1
62138;1
62139;1
62140;1
62141;1
62142;1
62143;1
62144;1
62145;1
62146;7
62147;1
62148;1
62149;1
62150;1
62151;1
62152;1
62153;1
62154;1
62155;1
62156;2
62157;1
62158;1
62159;1
62160;1
62161;1
62162;1
62163;1
62164;1
62165;1
62166;1
62167;1
62168;1
62169;1
62170;1
62171;1
62172;1
62173;1
62174;1
62175;1
62176;1
62177;2
62178;1
62179;1
62180;1
62181;1
62182;1
62183;1
62184;1
62185;1
62186;1
62187;1
62188;1
62189;1
62190;1
62191;3
62192;1
62193;1
62194;1
62195;0
62196;1
62197;27
62198;1
62199;1
62200;1
62201;1
62202;0
62203;1
62204;1
62205;1
62206;1
62207;1
62208;1
62209;1
62210;1
62211;1
62212;1
62213;2
62214;1
62215;1
62216;1
62217;26
62218;1
62219;1
62220;1
62221;1
62222;1
62223;7
62224;1
62225;1
62226;16
62227;1
62228;1
62229;1
62230;14
62231;1
62232;1
62233;1
62234;1
62235;11
62236;1
62237;1
62238;1
62239;1
62240;1
62241;1
62242;1
62243;1
62244;1
62245;1
62246;1
62247;1
62248;1
62249;1
62250;2
62251;1
62252;21
62253;1
62254;1
62255;1
62256;2
62257;1
62258;1
62259;1
62260;1
62261;1
62262;1
62263;0
62264;1
62265;1
62266;1
62267;1
62268;1
62269;10
62270;1
62271;1
62272;1
62273;1
62274;1
62275;1
62276;1
62277;1
62278;1
62279;1
62280;1
62281;1
62282;1
62283;1
62284;1
62285;1
62286;1
62287;1
62288;1
62289;49
62290;1
62291;1
62292;1
62293;0
62294;1
62295;1
62296;1
62297;45
62298;1
62299;1
62300;1
62301;1
62302;1
62303;1
62304;1
62305;1
62306;1
62307;1
62308;1
62309;1
62310;71
62311;1
62312;1
62313;1
62314;1
62315;1
62316;1
62317;1
62318;1
62319;1
62320;1
62321;1
62322;65
62323;1
62324;1
62325;1
62326;1
62327;1
62328;1
62329;1
62330;1
62331;1
62332;1
62333;10
62334;2
62335;1
62336;1
62337;1
62338;8
62339;1
62340;1
62341;1
62342;70
62343;1
62344;69
62345;1
62346;1
62347;1
62348;1
62349;1
62350;1
62351;1
62352;1
62353;1
62354;1
62355;1
62356;1
62357;1
62358;1
62359;1
62360;1
62361;1
62362;1
62363;1
62364;1
62365;1
62366;1
62367;0
62368;1
62369;0
62370;1
62371;1
62372;1
62373;1
62374;1
62375;1
62376;1
62377;0
62378;1
62379;0
62380;1
62381;1
62382;1
62383;16
62384;0
62385;1
62386;1
62387;2
62388;2
62389;1
62390;1
62391;1
62392;1
62393;1
62394;11
62395;1
62396;1
62397;1
62398;1
62399;1
62400;1
62401;1
62402;1
62403;1
62404;1
62405;1
62406;1
62407;1
62408;0
62409;1
62410;1
62411;1
62412;1
62413;70
62414;1
62415;1
62416;1
62417;1
62418;0
62419;1
62420;1
62421;1
62422;1
62423;1
62424;1
62425;1
62426;0
62427;1
62428;2
62429;1
62430;1
62431;1
62432;1
62433;1
62434;1
62435;1
62436;1
62437;1
62438;1
62439;0
62440;1
62441;1
62442;1
62443;1
62444;1
62445;1
62446;1
62447;1
62448;1
62449;1
62450;1
62451;0
62452;1
62453;1
62454;1
62455;1
62456;61
62457;1
62458;1
62459;1
62460;1
62461;1
62462;1
62463;1
62464;1
62465;1
62466;1
62467;1
62468;1
62469;1
62470;1
62471;1
62472;1
62473;1
62474;1
62475;1
62476;1
62477;1
62478;1
62479;1
62480;1
62481;1
62482;1
62483;1
62484;1
62485;1
62486;1
62487;1
62488;1
62489;1
62490;1
62491;1
62492;1
62493;1
62494;1
62495;1
62496;1
62497;1
62498;1
62499;1
62500;2
62501;2
62502;1
62503;1
62504;1
62505;1
62506;1
62507;1
62508;1
62509;1
62510;2
62511;1
62512;1
62513;1
62514;1
62515;1
62516;1
62517;1
62518;1
62519;1
62520;11
62521;11
62522;1
62523;1
62524;1
62525;1
62526;1
62527;8
62528;1
62529;1
62530;1
62531;1
62532;1
62533;2
62534;1
62535;1
62536;1
62537;1
62538;1
62539;1
62540;1
62541;1
62542;1
62543;1
62544;60
62545;1
62546;1
62547;59
62548;1
62549;1
62550;1
62551;1
62552;1
62553;1
62554;1
62555;1
62556;1
62557;1
62558;1
62559;1
62560;1
62561;1
62562;1
62563;1
62564;1
62565;2
62566;1
62567;1
62568;1
62569;1
62570;1
62571;1
62572;1
62573;1
62574;1
62575;1
62576;1
62577;1
62578;1
62579;1
62580;1
62581;1
62582;1
62583;59
62584;1
62585;1
62586;1
62587;1
62588;1
62589;1
62590;1
62591;1
62592;1
62593;1
62594;1
62595;1
62596;1
62597;2
62598;1
62599;1
62600;1
62601;1
62602;1
62603;1
62604;1
62605;1
62606;1
62607;58
62608;1
62609;1
62610;1
62611;1
62612;1
62613;1
62614;1
62615;1
62616;1
62617;1
62618;1
62619;1
62620;1
62621;1
62622;1
62623;1
62624;1
62625;1
62626;1
62627;1
62628;1
62629;1
62630;1
62631;1
62632;1
62633;1
62634;1
62635;1
62636;1
62637;0
62638;1
62639;1
62640;1
62641;1
62642;1
62643;1
62644;1
62645;1
62646;1
62647;1
62648;1
62649;1
62650;1
62651;1
62652;1
62653;1
62654;1
62655;1
62656;1
62657;1
62658;1
62659;1
62660;1
62661;1
62662;1
62665;0
62666;1
62667;1
62668;1
62669;1
62670;1
62671;1
62672;1
62673;1
62675;1
62676;1
62677;1
62678;2
62679;1
62681;1
62682;1
62683;1
62684;1
62685;1
62687;1
62688;1
62691;1
62692;1
62693;2
62694;1
62695;1
62696;1
62697;1
62698;1
62699;1
62700;1
62701;1
62702;1
62703;17
62704;1
62705;0
62706;1
62707;1
62708;1
62709;1
62710;1
62711;1
62712;1
62713;1
62714;1
62715;1
62716;2
62717;1
62718;1
62719;1
62720;1
62721;1
62722;1
62723;1
62724;1
62725;21
62726;2
62727;1
62728;20
62729;1
62730;1
62731;1
62732;1
62733;1
62734;1
62735;1
62736;1
62737;1
62738;1
62739;1
62740;1
62741;1
62742;1
62743;1
62744;1
62745;1
62746;1
62747;1
62748;1
62749;1
62750;1
62751;1
62752;1
62753;2
62754;1
62755;1
62756;1
62757;1
62758;1
62759;58
62760;1
62761;1
62762;1
62763;1
62764;1
62765;17
62766;1
62767;1
62768;1
62769;1
62770;1
62771;1
62772;2
62773;1
62774;1
62775;1
62776;1
62777;1
62778;12
62779;1
62780;1
62781;1
62782;1
62783;1
62784;1
62785;1
62786;1
62787;8
62788;1
62789;2
62790;1
62791;1
62792;1
62793;1
62794;1
62795;1
62796;1
62797;63
62798;2
62799;1
62800;1
62801;1
62802;1
62803;1
62804;1
62805;1
62806;1
62807;12
62808;1
62809;1
62810;1
62811;1
62812;1
62813;1
62814;1
62815;1
62816;2
62817;1
62818;1
62819;1
62820;1
62821;67
62822;1
62823;1
62824;1
62825;1
62826;1
62827;1
62828;1
62829;1
62830;1
62831;9
62832;1
62833;1
62834;1
62835;1
62836;1
62837;1
62838;1
62839;1
62840;1
62841;1
62842;1
62843;1
62844;1
62845;10
62846;1
62847;1
62848;1
62849;1
62850;1
62851;1
62852;1
62853;1
62854;1
62855;0
62856;1
62857;1
62858;1
62859;1
62860;1
62861;0
62862;1
62863;1
62864;1
62865;1
62866;1
62867;1
62868;1
62869;0
62870;1
62871;2
62872;1
62873;0
62874;1
62875;1
62876;1
62877;1
62878;8
62879;1
62880;1
62881;1
62882;1
62883;1
62884;1
62885;2
62886;1
62887;1
62888;1
62889;1
62890;1
62891;1
62892;2
62893;1
62894;1
62895;1
62896;1
62897;1
62898;1
62899;1
62900;1
62901;1
62902;1
62903;1
62904;1
62905;1
62906;1
62907;1
62908;1
62909;1
62910;1
62911;1
62912;1
62913;1
62914;1
62915;1
62916;1
62917;2
62918;1
62919;2
62920;1
62921;1
62922;1
62923;1
62924;1
62925;1
62926;1
62927;1
62928;1
62929;1
62930;1
62931;1
62932;1
62933;61
62934;1
62935;1
62936;1
62937;1
62938;1
62939;1
62940;1
62941;1
62942;1
62943;1
62944;1
62945;2
62946;1
62947;1
62948;6
62949;64
62950;1
62951;1
62952;1
62953;1
62954;1
62955;1
62956;1
62957;1
62958;0
62959;1
62960;2
62961;1
62962;1
62963;1
62964;1
62965;1
62966;1
62967;1
62968;1
62969;1
62970;1
62971;1
62972;2
62973;1
62974;1
62975;1
62976;1
62977;1
62978;1
62979;1
62980;1
62981;1
62982;1
62983;1
62984;1
62985;1
62986;1
62987;1
62988;1
62989;1
62990;1
62991;1
62992;1
62993;15
62994;1
62995;1
62996;1
62997;1
62998;1
62999;1
63000;1
63001;1
63002;1
63003;1
63004;1
63005;1
63006;1
63007;1
63008;1
63009;1
63010;1
63011;1
63012;1
63013;1
63014;2
63015;1
63016;1
63017;1
63018;1
63019;1
63020;1
63021;1
63022;1
63023;16
63024;1
63025;1
63026;1
63027;1
63028;1
63029;1
63030;1
63031;2
63032;1
63033;2
63034;1
63035;1
63036;1
63037;1
63038;1
63039;1
63040;8
63041;1
63042;1
63043;1
63044;1
63045;1
63046;1
63047;1
63048;1
63049;1
63050;1
63051;1
63052;1
63053;1
63054;1
63055;1
63056;1
63057;1
63058;1
63059;1
63060;1
63061;1
63062;13
63063;1
63064;1
63065;1
63066;1
63067;1
63068;2
63069;1
63070;1
63071;1
63072;1
63073;1
63074;1
63075;1
63076;1
63077;2
63078;1
63079;1
63080;1
63081;1
63082;1
63083;1
63084;1
63085;1
63086;1
63087;1
63088;1
63089;1
63090;1
63091;1
63092;1
63093;1
63094;1
63095;1
63096;1
63097;1
63098;1
63099;2
63100;1
63101;1
63102;1
63103;1
63104;1
63105;1
63106;1
63107;1
63108;1
63109;1
63110;1
63111;1
63112;1
63113;1
63114;1
63115;1
63116;1
63117;1
63118;1
63119;1
63120;1
63121;1
63122;1
63123;1
63124;1
63125;1
63126;1
63127;1
63128;1
63129;1
63130;1
63131;1
63132;9
63133;1
63134;1
63135;1
63136;1
63137;1
63138;1
63139;1
63140;1
63141;1
63142;1
63143;1
63144;1
63145;1
63146;1
63147;1
63148;1
63149;1
63150;1
63151;1
63152;1
63153;1
63154;1
63155;1
63156;1
63157;1
63158;1
63159;2
63160;1
63161;1
63162;1
63163;1
63164;1
63165;51
63166;1
63167;1
63168;1
63169;1
63170;1
63171;1
63172;1
63173;1
63174;1
63175;1
63176;1
63177;1
63178;1
63179;1
63180;1
63181;1
63182;1
63183;1
63184;1
63185;1
63186;1
63187;1
63188;2
63189;1
63190;2
63191;1
63192;0
63193;1
63194;1
63195;1
63196;0
63197;1
63198;0
63199;1
63200;1
63201;1
63202;2
63203;1
63204;1
63205;2
63206;1
63207;1
63208;1
63209;1
63210;1
63211;1
63212;1
63213;1
63214;1
63215;1
63216;1
63217;1
63218;1
63219;1
63220;1
63221;69
63222;1
63223;1
63224;1
63225;1
63226;1
63227;1
63228;1
63229;1
63230;1
63231;1
63232;1
63233;2
63234;1
63235;2
63236;1
63237;2
63238;1
63239;1
63240;1
63241;1
63242;1
63243;1
63244;1
63245;1
63246;1
63247;1
63248;62
63249;1
63250;1
63251;0
63252;1
63253;1
63254;1
63255;1
63256;58
63257;1
63258;1
63259;11
63260;1
63261;1
63262;1
63263;1
63264;1
63265;8
63266;1
63267;1
63268;1
63269;2
63270;65
63271;1
63272;1
63273;1
63274;1
63275;1
63276;0
63277;1
63278;1
63279;1
63280;1
63281;1
63282;1
63283;1
63284;1
63285;1
63286;1
63287;1
63288;1
63289;1
63290;1
63291;1
63292;1
63293;1
63294;1
63295;1
63296;1
63297;7
63298;1
63299;1
63300;1
63301;1
63302;0
63303;1
63304;1
63305;1
63306;1
63307;1
63308;1
63309;1
63310;1
63311;1
63312;64
63313;1
63314;1
63315;1
63316;1
63317;1
63318;1
63319;1
63320;2
63321;1
63322;2
63323;1
63324;1
63325;1
63326;1
63327;1
63328;1
63329;1
63330;1
63331;1
63332;1
63333;2
63334;1
63335;1
63336;1
63337;1
63338;1
63339;1
63340;1
63341;1
63342;1
63343;1
63344;1
63345;1
63346;1
63347;1
63348;1
63349;1
63350;1
63351;1
63352;1
63353;1
63354;1
63355;1
63356;2
63357;1
63358;2
63359;1
63360;1
63361;1
63362;1
63363;5
63364;6
63365;1
63366;1
63367;1
63368;1
63369;1
63370;1
63371;1
63372;1
63373;1
63374;1
63375;0
63376;1
63377;2
63378;1
63379;1
63380;1
63381;1
63382;1
63383;1
63384;12
63385;1
63386;1
63387;1
63388;10
63389;1
63390;1
63391;1
63392;1
63393;1
63394;1
63395;1
63396;1
63397;1
63398;1
63399;58
63400;1
63401;1
63402;1
63403;1
63404;1
63405;0
63406;1
63407;0
63408;1
63409;1
63410;1
63411;1
63412;1
63413;1
63414;1
63415;1
63416;1
63417;1
63418;1
63419;1
63420;1
63421;1
63422;1
63423;1
63424;1
63425;1
63426;1
63427;1
63428;1
63429;2
63430;1
63431;1
63432;1
63433;1
63434;18
63435;0
63436;1
63437;1
63438;1
63439;1
63440;1
63441;1
63442;1
63443;1
63444;0
63445;1
63446;1
63447;1
63448;1
63449;1
63450;1
63451;1
63452;1
63453;1
63454;1
63455;1
63456;1
63457;1
63458;1
63459;1
63460;0
63461;1
63462;1
63463;1
63464;1
63465;1
63466;1
63467;1
63468;1
63469;1
63470;1
63471;1
63472;15
63473;1
63474;1
63475;1
63476;1
63477;1
63478;1
63479;1
63480;1
63481;1
63482;1
63483;1
63484;1
63485;2
63486;1
63487;1
63488;1
63489;1
63490;1
63491;6
63492;1
63493;1
63494;65
63495;1
63496;64
63497;1
63498;64
63499;1
63500;1
63501;1
63502;1
63503;1
63504;1
63505;1
63506;1
63507;1
63508;1
63509;1
63510;1
63511;0
63512;1
63513;1
63514;1
63515;1
63516;1
63517;1
63518;1
63519;1
63520;1
63521;1
63522;1
63523;2
63524;1
63525;1
63526;1
63527;1
63528;1
63529;1
63530;1
63531;2
63532;1
63533;1
63534;1
63535;0
63536;1
63537;1
63538;1
63539;1
63540;53
63541;1
63542;1
63543;1
63544;1
63545;1
63546;1
63547;1
63548;2
63549;1
63550;1
63551;1
63552;1
63553;1
63554;1
63555;1
63556;1
63557;1
63558;0
63559;1
63560;0
63561;61
63562;61
63563;1
63564;1
63565;0
63566;1
63567;1
63568;1
63569;1
63570;1
63571;1
63572;1
63573;1
63574;0
63575;1
63576;1
63577;54
63578;1
63579;1
63580;1
63581;1
63582;1
63583;1
63584;1
63585;1
63586;1
63587;1
63588;1
63589;2
63590;1
63591;1
63592;1
63593;1
63594;1
63595;1
63596;1
63597;1
63598;1
63599;1
63600;1
63601;1
63602;0
63603;1
63604;1
63605;1
63606;1
63607;1
63608;1
63609;1
63610;1
63611;1
63612;11
63613;1
63614;1
63615;1
63616;1
63617;1
63618;1
63619;7
63620;1
63621;1
63622;1
63623;55
63624;1
63625;1
63626;1
63627;1
63628;1
63629;1
63630;1
63631;1
63632;1
63633;1
63634;1
63635;1
63636;1
63637;0
63638;1
63639;1
63640;1
63641;1
63642;1
63643;1
63644;1
63645;1
63646;1
63647;1
63648;1
63649;1
63650;1
63651;1
63652;1
63653;62
63654;1
63655;2
63656;1
63657;1
63658;1
63659;1
63660;1
63661;1
63662;1
63663;1
63664;1
63665;1
63666;1
63667;1
63668;1
63669;1
63670;1
63671;1
63672;1
63673;1
63674;1
63675;1
63676;1
63677;1
63678;1
63679;2
63680;1
63681;1
63682;1
63683;1
63684;1
63685;2
63686;2
63687;1
63688;1
63689;1
63690;1
63691;1
63692;1
63693;1
63694;58
63695;1
63696;1
63697;1
63698;1
63699;2
63700;1
63701;1
63702;1
63703;2
63704;1
63705;1
63706;1
63707;1
63708;1
63709;1
63710;1
63711;1
63712;1
63713;1
63714;1
63715;1
63716;1
63718;1
63719;1
63720;1
63721;1
63723;1
63724;1
63725;1
63726;1
63727;1
63729;1
63730;1
63731;1
63733;1
63734;1
63735;1
63736;1
63737;1
63738;2
63739;1
63740;1
63741;1
63742;1
63743;1
63745;0
63746;1
63747;1
63748;1
63749;2
63750;1
63751;1
63752;1
63753;2
63754;1
63755;1
63756;66
63757;1
63758;1
63759;1
63760;2
63761;1
63762;2
63763;1
63764;1
63765;1
63766;1
63767;1
63768;1
63769;2
63770;1
63771;1
63772;1
63773;1
63774;1
63775;1
63776;1
63777;1
63778;1
63779;6
63780;1
63781;1
63782;1
63783;1
63784;1
63785;1
63786;1
63787;1
63788;1
63789;1
63790;1
63791;1
63792;1
63793;1
63794;2
63795;1
63796;2
63797;1
63798;2
63799;1
63800;1
63801;1
63802;1
63803;1
63804;1
63805;1
63806;1
63807;1
63808;1
63809;1
63810;1
63811;2
63812;1
63813;1
63814;1
63815;1
63816;1
63817;1
63818;1
63819;1
63820;1
63821;2
63822;1
63823;1
63824;1
63825;1
63826;1
63827;1
63828;1
63829;1
63830;1
63831;1
63832;1
63833;2
63834;5
63835;1
63836;1
63837;1
63838;1
63839;1
63840;1
63841;1
63842;1
63843;1
63844;1
63845;1
63846;1
63847;59
63848;1
63849;1
63850;1
63851;1
63852;1
63853;1
63854;1
63855;1
63856;1
63857;1
63858;1
63859;1
63860;1
63861;1
63862;1
63863;1
63864;1
63865;1
63866;1
63867;1
63868;1
63869;1
63870;1
63871;2
63872;1
63873;1
63874;1
63875;1
63876;1
63877;1
63878;1
63879;1
63880;1
63881;1
63882;1
63883;1
63884;1
63885;1
63886;1
63887;2
63888;1
63889;1
63890;1
63891;1
63892;13
63893;1
63894;1
63895;1
63896;1
63897;1
63898;1
63899;1
63900;1
63901;1
63902;1
63903;1
63904;1
63905;1
63906;1
63907;1
63908;2
63909;1
63910;1
63911;1
63912;0
63913;1
63914;1
63915;1
63916;1
63917;1
63918;1
63919;1
63920;1
63921;14
63922;1
63923;1
63924;1
63925;1
63926;1
63927;1
63928;1
63929;2
63930;1
63931;1
63932;1
63933;1
63934;1
63935;1
63936;1
63937;1
63938;1
63939;1
63940;1
63941;1
63942;1
63943;1
63944;1
63945;1
63946;1
63947;1
63948;1
63949;0
63950;1
63951;1
63952;1
63953;1
63954;1
63955;1
63956;1
63957;1
63958;1
63959;1
63960;12
63961;1
63962;1
63963;1
63964;1
63965;10
63966;1
63967;1
63968;1
63969;1
63970;0
63971;1
63972;1
63973;1
63974;1
63975;1
63976;1
63977;1
63978;1
63979;1
63980;1
63981;1
63982;1
63983;1
63984;1
63985;1
63986;1
63987;1
63988;1
63989;1
63990;1
63991;1
63992;1
63993;1
63994;1
63995;1
63996;1
63997;1
63998;1
63999;1
64000;1
64001;0
64002;1
64003;0
64004;1
64005;2
64006;1
64007;1
64008;1
64009;1
64010;1
64011;1
64012;1
64013;1
64014;1
64015;1
64016;1
64017;1
64018;1
64019;1
64020;1
64021;16
64022;1
64023;1
64024;1
64025;1
64026;1
64027;1
64028;1
64029;1
64030;1
64031;1
64032;1
64033;1
64034;1
64035;1
64036;1
64037;1
64038;1
64039;1
64040;1
64041;1
64042;1
64043;1
64044;1
64045;1
64046;1
64047;1
64048;1
64049;1
64050;2
64051;1
64052;1
64053;1
64054;1
64055;1
64056;1
64057;1
64058;1
64059;1
64060;1
64061;1
64062;1
64063;1
64064;1
64065;1
64066;1
64067;7
64068;0
64069;2
64070;1
64071;1
64072;1
64073;1
64074;1
64075;1
64076;1
64077;1
64078;1
64079;1
64080;1
64081;1
64082;1
64083;1
64084;1
64085;1
64086;1
64087;1
64088;1
64089;1
64090;1
64091;1
64092;1
64093;1
64094;1
64095;1
64096;1
64097;1
64098;1
64099;1
64100;1
64101;1
64102;1
64103;1
64104;1
64105;1
64106;1
64107;1
64108;1
64109;1
64110;62
64111;1
64112;1
64113;1
64114;1
64115;1
64116;59
64117;1
64118;14
64119;1
64120;1
64121;2
64122;1
64123;1
64124;1
64125;1
64126;1
64127;2
64128;1
64129;1
64130;1
64131;1
64132;1
64133;1
64134;1
64135;1
64136;1
64137;2
64138;1
64139;1
64140;1
64141;1
64142;1
64143;1
64144;1
64145;1
64146;1
64147;1
64148;1
64149;1
64150;1
64151;1
64152;1
64153;1
64154;1
64155;1
64156;10
64157;1
64158;1
64159;1
64160;1
64161;1
64162;2
64163;1
64164;1
64165;2
64166;1
64167;2
64168;1
64169;1
64170;1
64171;1
64172;1
64173;1
64174;1
64175;1
64176;1
64177;1
64178;1
64179;1
64180;1
64181;1
64182;55
64183;1
64184;1
64185;1
64186;1
64187;1
64188;1
64189;1
64190;1
64191;1
64192;1
64193;1
64194;2
64195;1
64196;1
64197;2
64198;1
64199;78
64200;1
64201;1
64202;1
64203;1
64204;1
64205;1
64206;1
64207;1
64208;1
64209;1
64210;1
64211;1
64212;1
64213;1
64214;1
64215;1
64216;1
64217;1
64218;1
64219;1
64220;1
64221;1
64222;1
64223;1
64224;1
64225;1
64226;1
64227;1
64228;1
64229;2
64230;1
64231;1
64232;1
64233;1
64234;50
64235;1
64236;1
64237;1
64238;2
64239;1
64240;1
64241;47
64242;1
64243;1
64244;1
64245;0
64246;1
64247;1
64248;1
64249;1
64250;1
64251;1
64252;1
64253;2
64254;1
64255;1
64256;1
64257;1
64258;1
64259;1
64260;1
64261;1
64262;1
64263;1
64264;1
64265;1
64266;1
64267;1
64268;1
64269;16
64270;1
64271;1
64272;1
64273;1
64274;1
64275;1
64276;1
64277;1
64278;1
64279;1
64280;1
64281;1
64282;1
64283;1
64284;1
64285;1
64286;1
64287;1
64288;2
64289;1
64290;1
64291;1
64292;2
64293;1
64294;1
64295;1
64296;1
64297;1
64298;1
64299;1
64300;1
64301;1
64302;1
64303;1
64304;1
64305;1
64306;1
64307;1
64308;1
64309;1
64310;1
64311;1
64312;1
64313;1
64314;1
64315;1
64316;1
64317;9
64318;1
64319;1
64320;1
64321;1
64322;1
64323;1
64324;1
64325;2
64326;1
64327;1
64328;1
64329;20
64330;19
64331;1
64332;1
64333;1
64334;1
64335;1
64336;1
64337;1
64338;1
64339;1
64340;1
64341;1
64342;1
64343;1
64344;1
64345;1
64346;1
64347;1
64348;1
64349;1
64350;1
64351;1
64352;1
64353;1
64354;1
64355;1
64356;1
64357;1
64358;1
64359;1
64360;1
64361;1
64362;1
64363;1
64364;1
64365;1
64366;1
64367;1
64368;1
64369;1
64370;1
64371;1
64372;1
64373;1
64374;1
64375;1
64376;1
64377;1
64378;1
64379;1
64380;9
64381;1
64382;1
64383;1
64384;1
64385;1
64386;7
64387;1
64388;1
64389;1
64390;1
64391;1
64392;1
64393;1
64394;1
64395;1
64396;1
64397;1
64398;1
64399;1
64400;1
64401;1
64402;1
64403;1
64404;1
64405;1
64406;1
64407;1
64408;1
64409;1
64410;1
64411;1
64412;1
64413;1
64414;1
64415;1
64416;1
64417;1
64418;1
64419;1
64420;1
64421;1
64422;1
64423;1
64424;1
64425;1
64426;1
64427;1
64428;1
64429;1
64430;16
64431;1
64432;1
64433;1
64434;1
64435;1
64436;1
64437;1
64438;1
64439;1
64440;1
64441;11
64442;1
64443;1
64444;1
64445;1
64446;1
64447;1
64448;1
64449;1
64450;7
64451;1
64452;1
64453;1
64454;1
64455;1
64456;1
64457;2
64458;1
64459;2
64460;1
64461;1
64462;1
64463;1
64464;1
64465;1
64466;1
64467;1
64468;1
64469;1
64470;1
64471;1
64472;1
64473;1
64474;1
64475;1
64476;1
64477;1
64478;1
64479;1
64480;1
64481;1
64482;1
64483;1
64484;1
64485;69
64486;2
64487;1
64488;1
64489;1
64490;1
64491;1
64492;1
64493;1
64494;1
64495;1
64496;1
64497;1
64498;1
64499;1
64500;1
64501;1
64502;1
64503;1
64504;1
64505;1
64506;1
64507;1
64508;1
64509;1
64510;1
64511;1
64512;1
64513;1
64514;1
64515;1
64516;1
64517;1
64518;1
64519;1
64520;65
64521;1
64522;1
64523;1
64524;1
64525;0
64526;1
64527;1
64528;1
64529;1
64530;1
64531;1
64532;1
64533;0
64534;1
64535;12
64536;1
64537;1
64538;1
64539;2
64540;3
64541;3
64542;3
64543;2
64544;2
64545;1
64546;1
64547;0
64548;1
64549;1
64550;1
64551;1
64552;1
64553;1
64554;1
64555;1
64556;1
64557;2
64558;1
64559;1
64560;1
64561;1
64562;16
64563;1
64564;1
64565;1
64566;2
64567;1
64568;1
64569;1
64570;0
64571;1
64572;2
64573;1
64574;11
64575;0
64576;1
64577;1
64578;1
64579;8
64580;1
64581;1
64582;1
64583;1
64584;1
64585;1
64586;1
64587;1
64588;1
64589;1
64590;1
64591;1
64592;1
64593;1
64594;0
64595;1
64596;1
64597;1
64598;1
64599;1
64600;1
64601;1
64602;1
64603;1
64604;1
64605;1
64606;1
64607;1
64608;1
64609;1
64610;1
64611;1
64612;1
64613;1
64614;1
64615;65
64616;1
64617;64
64618;1
64619;1
64620;1
64621;63
64622;1
64623;1
64624;1
64625;1
64626;1
64627;1
64628;1
64629;1
64630;1
64631;1
64632;1
64633;1
64634;1
64635;1
64636;1
64637;1
64638;1
64639;1
64640;1
64641;1
64642;1
64643;1
64644;1
64645;1
64646;1
64647;1
64648;1
64649;1
64650;1
64651;1
64652;1
64653;1
64654;1
64655;1
64656;1
64657;1
64658;1
64659;1
64660;1
64661;60
64662;0
64663;1
64664;1
64665;1
64666;1
64667;1
64668;0
64669;1
64670;1
64671;1
64672;1
64673;1
64674;1
64675;6
64676;1
64677;1
64678;1
64679;1
64680;1
64681;1
64682;1
64683;1
64684;1
64685;0
64686;1
64687;1
64688;1
64689;1
64690;64
64691;1
64692;1
64693;1
64694;1
64695;2
64696;1
64697;2
64698;1
64699;1
64700;1
64701;10
64702;1
64703;1
64704;9
64705;1
64706;1
64707;1
64708;1
64709;1
64710;1
64711;1
64712;1
64713;1
64714;0
64715;1
64716;1
64717;1
64718;1
64719;1
64720;1
64721;1
64722;1
64723;2
64724;1
64725;1
64726;1
64727;0
64728;1
64729;2
64730;1
64731;1
64732;1
64733;1
64734;1
64735;2
64736;1
64737;1
64738;1
64739;1
64740;1
64741;1
64742;1
64743;1
64744;1
64745;1
64746;1
64747;1
64748;1
64749;1
64750;1
64751;1
64752;1
64753;1
64754;1
64755;1
64756;1
64757;1
64758;1
64759;1
64760;1
64761;1
64762;1
64763;1
64764;1
64765;1
64766;1
64767;1
64768;1
64769;1
64770;1
64771;2
64772;1
64773;1
64774;1
64775;1
64776;1
64777;1
64778;1
64779;1
64780;1
64781;1
64782;2
64783;1
64784;1
64785;1
64786;1
64787;1
64788;1
64789;1
64790;1
64791;1
64792;1
64793;1
64794;2
64795;1
64796;1
64797;1
64798;1
64799;1
64800;1
64801;1
64802;1
64803;1
64804;1
64805;1
64806;2
64807;1
64808;1
64809;1
64810;1
64811;1
64812;18
64813;1
64814;1
64815;1
64816;1
64817;1
64818;1
64819;1
64820;1
64821;1
64822;1
64823;1
64824;0
64825;1
64826;1
64827;1
64828;1
64829;1
64830;1
64831;1
64832;1
64833;1
64834;1
64835;7
64836;1
64837;56
64838;1
64839;1
64840;1
64841;1
64842;0
64843;1
64844;2
64845;1
64846;2
64847;1
64848;1
64849;1
64850;1
64851;1
64852;1
64853;1
64854;1
64855;1
64856;1
64857;1
64858;1
64859;1
64860;1
64861;1
64862;1
64863;1
64864;1
64865;1
64866;1
64867;1
64868;1
64869;2
64870;1
64871;1
64872;1
64873;2
64874;1
64875;1
64876;1
64877;1
64878;2
64879;1
64880;1
64881;1
64882;1
64883;1
64884;1
64885;1
64886;1
64887;0
64888;1
64889;2
64890;1
64891;1
64892;1
64893;1
64894;1
64895;1
64896;1
64897;1
64898;7
64899;1
64900;6
64901;2
64902;1
64903;2
64904;1
64905;1
64906;1
64907;1
64908;1
64909;1
64910;1
64911;1
64912;1
64913;1
64914;1
64915;1
64916;1
64917;1
64918;1
64919;1
64920;2
64921;1
64922;2
64923;1
64924;1
64925;1
64926;2
64927;1
64928;1
64929;1
64930;1
64931;1
64932;1
64933;1
64934;66
64935;1
64936;1
64937;1
64938;1
64939;1
64940;1
64941;1
64942;1
64943;1
64944;1
64945;1
64946;1
64947;2
64948;1
64949;2
64950;1
64951;1
64952;1
64953;1
64954;1
64955;1
64956;1
64957;1
64958;1
64959;1
64960;1
64961;1
64962;1
64963;1
64964;1
64965;1
64966;1
64967;1
64968;1
64969;1
64970;1
64971;1
64972;60
64973;0
64974;1
64975;1
64976;1
64977;1
64978;1
64979;1
64980;1
64981;1
64982;1
64983;1
64984;1
64985;1
64986;1
64987;1
64988;1
64989;1
64990;1
64991;1
64992;1
64993;1
64994;1
64995;1
64996;6
64997;2
64998;1
64999;1
65000;1
65001;1
65002;1
65003;62
65004;1
65005;1
65006;1
65007;1
65008;1
65009;1
65010;1
65011;1
65012;1
65013;1
65014;1
65015;1
65016;1
65017;1
65018;1
65019;1
65020;1
65021;1
65022;1
65023;1
65024;0
65025;1
65026;1
65027;1
65028;0
65029;2
65030;1
65031;67
65032;1
65033;1
65034;2
65035;1
65036;1
65037;1
65038;1
65039;1
65040;1
65041;1
65042;1
65043;1
65044;1
65045;1
65046;1
65047;0
65048;1
65049;1
65050;1
65051;1
65052;1
65053;0
65054;1
65055;1
65056;1
65057;8
65058;1
65059;1
65060;1
65061;2
65062;1
65063;1
65064;1
65065;1
65066;1
65067;1
65068;1
65069;1
65070;2
65071;1
65072;1
65073;1
65074;1
65075;1
65076;1
65077;1
65078;1
65079;1
65080;1
65081;1
65082;1
65083;1
65084;1
65085;50
65086;2
65087;1
65088;1
65089;1
65090;1
65091;1
65092;1
65093;1
65094;1
65095;1
65096;1
65097;1
65098;1
65099;1
65100;1
65101;1
65102;1
65103;1
65104;1
65105;1
65106;1
65107;0
65108;1
65109;1
65110;1
65111;1
65112;1
65113;1
65114;1
65115;1
65116;1
65117;1
65118;1
65119;1
65120;1
65121;1
65122;1
65123;0
65124;1
65125;1
65126;1
65127;1
65128;1
65129;1
65130;1
65131;1
65132;1
65133;1
65134;1
65135;1
65136;1
65137;1
65138;1
65139;1
65140;0
65141;1
65142;1
65143;1
65144;0
65145;1
65146;1
65147;1
65148;1
65149;1
65150;1
65151;1
65152;1
65153;1
65154;1
65155;1
65156;1
65157;1
65158;1
65159;1
65160;1
65161;1
65162;1
65163;1
65164;2
65165;2
65166;2
65167;1
65168;1
65169;1
65170;1
65171;1
65172;1
65173;1
65174;1
65175;0
65176;1
65177;1
65178;1
65179;1
65180;1
65181;1
65182;1
65183;1
65184;1
65185;1
65186;1
65187;0
65188;1
65189;1
65190;1
65191;1
65192;1
65193;1
65194;1
65195;1
65196;1
65197;1
65198;69
65199;1
65200;1
65201;1
65202;1
65203;1
65204;1
65205;1
65206;1
65207;1
65208;2
65209;1
65210;63
65211;1
65212;1
65213;0
65214;1
65215;0
65216;61
65217;1
65218;1
65219;1
65220;6
65221;2
65222;1
65223;1
65224;1
65225;1
65226;1
65227;1
65228;1
65229;1
65230;1
65231;1
65232;1
65233;1
65234;1
65235;1
65236;1
65237;1
65238;1
65239;1
65240;1
65241;1
65242;1
65243;1
65244;1
65245;1
65246;1
65247;1
65248;1
65249;7
65250;1
65251;6
65252;1
65253;1
65254;1
65255;0
65256;1
65257;1
65258;1
65259;1
65260;1
65261;1
65262;1
65263;1
65264;1
65265;1
65266;1
65267;0
65268;1
65269;1
65270;1
65271;1
65272;1
65273;1
65274;1
65275;1
65276;1
65277;1
65278;1
65279;1
65280;7
65281;1
65282;1
65283;1
65284;1
65285;2
65286;1
65287;2
65288;1
65289;1
65290;1
65291;2
65292;1
65293;1
65294;1
65295;1
65296;1
65297;1
65298;1
65299;1
65300;1
65301;1
65302;1
65303;1
65304;12
65305;1
65306;1
65307;1
65308;1
65309;1
65310;0
65311;9
65312;1
65313;1
65314;1
65315;1
65316;1
65317;1
65318;1
65319;1
65320;61
65321;1
65322;1
65323;1
65324;1
65325;1
65326;1
65327;1
65328;1
65329;1
65330;1
65331;1
65332;1
65333;1
65334;1
65335;1
65336;1
65337;1
65338;1
65339;1
65340;1
65341;1
65342;1
65343;1
65344;1
65345;1
65346;1
65347;1
65348;1
65349;1
65350;1
65351;1
65352;1
65353;1
65354;1
65355;1
65356;1
65357;1
65358;1
65359;1
65360;1
65361;1
65362;1
65363;1
65364;1
65365;1
65366;2
65367;1
65368;12
65369;1
65370;1
65371;1
65372;1
65373;1
65374;1
65375;1
65376;1
65377;1
65378;1
65379;1
65380;1
65381;2
65382;1
65383;1
65384;1
65385;1
65386;1
65387;1
65388;1
65389;1
65390;1
65391;1
65392;1
65393;1
65394;1
65395;1
65396;1
65397;1
65398;1
65399;1
65400;1
65401;1
65402;1
65403;1
65404;1
65405;1
65406;1
65407;1
65408;1
65409;1
65410;1
65411;1
65412;1
65413;1
65414;1
65415;1
65416;1
65417;61
65418;1
65419;1
65420;60
65421;1
65422;1
65423;1
65424;1
65425;1
65426;1
65427;1
65428;1
65429;1
65430;1
65431;55
65432;1
65433;1
65434;1
65435;1
65436;1
65437;1
65438;1
65439;1
65440;1
65441;1
65442;1
65443;1
65444;1
65445;1
65446;2
65447;1
65448;1
65449;1
65450;1
65451;1
65452;1
65453;1
65454;1
65455;1
65456;1
65457;1
65458;1
65459;1
65460;1
65461;1
65462;1
65463;1
65464;1
65465;1
65466;1
65467;1
65468;1
65469;1
65470;1
65471;1
65472;1
65473;1
65474;50
65475;1
65476;1
65477;1
65478;1
65479;1
65480;1
65481;19
65482;1
65483;1
65484;1
65485;1
65486;1
65487;1
65488;1
65489;1
65490;1
65491;1
65492;1
65493;1
65494;1
65495;1
65496;1
65497;1
65498;2
65499;1
65500;2
65501;1
65502;1
65503;1
65504;1
65505;1
65506;1
65507;1
65508;1
65509;2
65510;1
65511;1
65512;1
65513;1
65514;2
65515;1
65516;1
65517;1
65518;1
65519;1
65520;1
65521;1
65522;1
65523;1
65524;1
65525;1
65526;1
65527;1
65528;2
65529;1
65530;1
65531;10
65532;1
65533;1
65534;1
65535;1
