1;5;1;0
2;4;1;0
3;1;1;0
4;1;1;0
5;1;1;0
6;1;1;0
7;1;1;0
8;1;1;0
9;3;1;0
10;1;1;0
11;3;1;0
12;1;1;0
13;1;1;0
14;2;1;0
32;2;18;1
33;2;1;1
34;1;1;1
35;1;1;1
36;1;1;1
37;1;1;1
38;1;1;1
39;1;1;1
40;120;1;1
41;86;1;1
42;86;1;1
43;85;1;1
44;85;1;1
45;84;1;1
46;84;1;1
47;83;1;1
48;83;1;1
49;82;1;1
50;82;1;1
51;47;1;1
52;46;1;1
53;45;1;1
54;45;1;1
55;44;1;1
56;44;1;1
57;43;1;1
58;43;1;1
59;42;1;1
60;8;1;1
61;7;1;1
62;7;1;1
63;6;1;1
64;160;1;2
65;160;1;2
66;160;1;2
67;159;1;2
68;158;1;2
69;128;1;2
70;127;1;2
71;127;1;2
72;126;1;2
73;126;1;2
74;125;1;2
75;125;1;2
76;124;1;2
77;88;1;2
78;87;1;2
79;87;1;2
80;87;1;2
81;86;1;2
82;85;1;2
83;85;1;2
84;84;1;2
85;48;1;2
86;47;1;2
87;47;1;2
88;46;1;2
89;46;1;2
90;45;1;2
91;45;1;2
92;44;1;2
93;8;1;2
94;7;1;2
95;7;1;2
96;1;1;3
97;1;1;3
98;1;1;3
99;1;1;3
100;2;1;3
101;1;1;3
102;126;1;3
103;126;1;3
104;125;1;3
105;125;1;3
106;124;1;3
107;124;1;3
108;123;1;3
109;87;1;3
110;86;1;3
111;86;1;3
112;85;1;3
113;85;1;3
114;84;1;3
115;84;1;3
116;83;1;3
117;47;1;3
118;46;1;3
119;46;1;3
120;45;1;3
121;45;1;3
122;44;1;3
123;44;1;3
124;42;1;3
125;7;1;3
126;6;1;3
127;6;1;3
128;1;1;4
129;1;1;4
130;122;1;4
131;122;1;4
132;121;1;4
133;90;1;4
134;89;1;4
135;89;1;4
136;88;1;4
137;88;1;4
138;87;1;4
139;87;1;4
140;86;1;4
141;86;1;4
142;50;1;4
143;50;1;4
144;49;1;4
145;49;1;4
146;48;1;4
147;48;1;4
148;47;1;4
149;47;1;4
150;46;1;4
151;10;1;4
152;9;1;4
153;9;1;4
154;9;1;4
155;8;1;4
156;8;1;4
157;7;1;4
158;7;1;4
159;6;1;4
160;127;1;5
161;127;1;5
162;126;1;5
163;126;1;5
164;125;1;5
165;125;1;5
166;124;1;5
167;124;1;5
168;122;1;5
169;88;1;5
170;87;1;5
171;87;1;5
172;87;1;5
173;86;1;5
174;86;1;5
175;85;1;5
176;85;1;5
177;84;1;5
178;48;1;5
179;47;1;5
180;47;1;5
181;46;1;5
182;46;1;5
183;45;1;5
184;45;1;5
185;45;1;5
186;38;1;5
187;8;1;5
188;7;1;5
189;7;1;5
190;6;1;5
191;6;1;5
192;233;1;6
193;233;1;6
194;232;1;6
195;204;1;6
196;201;1;6
197;201;1;6
198;200;1;6
199;200;1;6
200;199;1;6
201;199;1;6
202;198;1;6
203;198;1;6
204;138;1;6
205;138;1;6
206;137;1;6
207;137;1;6
208;137;1;6
209;136;1;6
210;136;1;6
211;135;1;6
212;135;1;6
213;71;1;6
214;71;1;6
215;70;1;6
216;70;1;6
217;69;1;6
218;69;1;6
219;69;1;6
220;68;1;6
221;68;1;6
222;67;1;6
223;6;1;6
224;202;1;7
225;201;1;7
226;201;1;7
227;200;1;7
228;200;1;7
229;200;1;7
230;199;1;7
231;199;1;7
232;198;1;7
233;141;1;7
234;141;1;7
235;140;1;7
236;140;1;7
237;140;1;7
238;139;1;7
239;139;1;7
240;138;1;7
241;138;1;7
242;137;1;7
243;73;1;7
244;73;1;7
245;72;1;7
246;72;1;7
247;71;1;7
248;71;1;7
249;71;1;7
250;70;1;7
251;70;1;7
252;69;1;7
253;8;1;7
254;8;1;7
255;7;1;7
256;2;1;8
257;1;1;8
258;1;1;8
259;1;1;8
260;197;1;8
261;197;1;8
262;196;1;8
263;196;1;8
264;140;1;8
265;139;1;8
266;139;1;8
267;138;1;8
268;138;1;8
269;138;1;8
270;137;1;8
271;137;1;8
272;136;1;8
273;136;1;8
274;73;1;8
275;72;1;8
276;72;1;8
277;71;1;8
278;71;1;8
279;70;1;8
280;70;1;8
281;70;1;8
282;69;1;8
283;69;1;8
284;68;1;8
285;7;1;8
286;6;1;8
287;6;1;8
288;2;1;9
289;1;1;9
290;1;1;9
291;1;1;9
292;1;1;9
293;1;1;9
294;1;1;9
295;1;1;9
296;1;1;9
297;1;1;9
298;1;1;9
299;1;1;9
300;136;1;9
301;136;1;9
302;135;1;9
303;135;1;9
304;135;1;9
305;134;1;9
306;134;1;9
307;73;1;9
308;73;1;9
309;72;1;9
310;72;1;9
311;71;1;9
312;71;1;9
313;70;1;9
314;70;1;9
315;69;1;9
316;69;1;9
317;69;1;9
318;6;1;9
319;6;1;9
320;2;1;10
321;1;1;10
322;1;1;10
323;1;1;10
324;1;1;10
325;135;1;10
326;135;1;10
327;135;1;10
328;134;1;10
329;78;1;10
330;77;1;10
331;77;1;10
332;76;1;10
333;76;1;10
334;75;1;10
335;75;1;10
336;75;1;10
337;74;1;10
338;74;1;10
339;73;1;10
340;11;1;10
341;11;1;10
342;10;1;10
343;10;1;10
344;10;1;10
345;9;1;10
346;9;1;10
347;8;1;10
348;8;1;10
349;7;1;10
350;7;1;10
351;7;1;10
352;2;1;11
353;1;1;11
354;139;1;11
355;139;1;11
356;138;1;11
357;138;1;11
358;137;1;11
359;137;1;11
360;137;1;11
361;136;1;11
362;136;1;11
363;135;1;11
364;76;1;11
365;75;1;11
366;75;1;11
367;74;1;11
368;74;1;11
369;73;1;11
370;73;1;11
371;73;1;11
372;72;1;11
373;72;1;11
374;71;1;11
375;71;1;11
376;9;1;11
377;9;1;11
378;8;1;11
379;8;1;11
380;7;1;11
381;7;1;11
382;7;1;11
383;6;1;11
384;1;1;12
385;1;1;12
386;1;1;12
387;1;1;12
388;1;1;12
389;1;1;12
390;1;1;12
391;1;1;12
392;1;1;12
393;1;1;12
394;1;1;12
395;1;1;12
396;1;1;12
397;1;1;12
398;1;1;12
399;1;1;12
400;1;1;12
401;79;1;12
402;78;1;12
403;78;1;12
404;77;1;12
405;77;1;12
406;77;1;12
407;76;1;12
408;76;1;12
409;75;1;12
410;75;1;12
411;74;1;12
412;7;1;12
413;6;1;12
414;6;1;12
415;5;1;12
416;1;1;13
417;1;1;13
418;1;1;13
419;1;1;13
420;1;1;13
421;68;1;13
422;67;1;13
423;68;1;13
424;17;1;13
425;16;1;13
426;16;1;13
427;15;1;13
428;15;1;13
429;14;1;13
430;14;1;13
431;14;1;13
432;13;1;13
433;13;1;13
434;12;1;13
435;12;1;13
436;11;1;13
437;11;1;13
438;11;1;13
439;10;1;13
440;10;1;13
441;9;1;13
442;9;1;13
443;8;1;13
444;8;1;13
445;8;1;13
446;7;1;13
447;7;1;13
448;1;1;14
449;1;1;14
450;1;1;14
451;1;1;14
452;1;1;14
480;2;28;15
481;1;1;15
482;1;1;15
483;1;1;15
484;1;1;15
485;1;1;15
512;1;27;16
513;1;1;16
514;1;1;16
515;2;1;16
516;1;1;16
517;1;1;16
518;1;1;16
519;1;1;16
520;1;1;16
521;1;1;16
522;1;1;16
523;2;1;16
524;1;1;16
525;1;1;16
526;2;1;16
527;1;1;16
528;73;1;16
529;72;1;16
530;72;1;16
531;72;1;16
532;71;1;16
533;71;1;16
534;70;1;16
535;70;1;16
536;69;1;16
537;69;1;16
538;69;1;16
539;68;1;16
540;8;1;16
541;7;1;16
542;7;1;16
543;6;1;16
544;2;1;17
545;1;1;17
546;1;1;17
547;1;1;17
548;1;1;17
549;1;1;17
550;1;1;17
551;1;1;17
552;1;1;17
553;1;1;17
554;1;1;17
555;1;1;17
556;1;1;17
557;1;1;17
558;1;1;17
559;1;1;17
560;1;1;17
561;1;1;17
562;2;1;17
563;1;1;17
564;1;1;17
565;1;1;17
566;1;1;17
567;1;1;17
568;1;1;17
569;1;1;17
570;1;1;17
571;1;1;17
572;2;1;17
573;1;1;17
574;1;1;17
575;1;1;17
576;1;1;18
577;2;1;18
608;1;31;19
609;1;1;19
610;1;1;19
611;1;1;19
612;1;1;19
613;1;1;19
614;1;1;19
615;1;1;19
616;1;1;19
617;1;1;19
618;1;1;19
619;1;1;19
620;1;1;19
621;1;1;19
622;75;1;19
623;74;1;19
624;74;1;19
625;73;1;19
626;73;1;19
627;72;1;19
628;72;1;19
629;72;1;19
630;71;1;19
631;71;1;19
632;70;1;19
633;70;1;19
634;8;1;19
635;8;1;19
636;7;1;19
637;7;1;19
638;6;1;19
639;6;1;19
640;1;1;20
641;1;1;20
642;1;1;20
643;1;1;20
644;1;1;20
645;1;1;20
646;1;1;20
647;1;1;20
648;1;1;20
649;1;1;20
650;1;1;20
651;1;1;20
652;1;1;20
653;1;1;20
654;1;1;20
655;1;1;20
656;1;1;20
657;1;1;20
658;1;1;20
659;70;1;20
660;70;1;20
661;69;1;20
662;10;1;20
663;9;1;20
664;9;1;20
665;8;1;20
666;8;1;20
667;7;1;20
668;7;1;20
669;7;1;20
670;6;1;20
671;6;1;20
704;2;33;22
705;1;1;22
706;1;1;22
707;1;1;22
708;1;1;22
709;1;1;22
710;1;1;22
711;1;1;22
712;1;1;22
713;1;1;22
714;2;1;22
715;1;1;22
716;2;1;22
717;1;1;22
718;1;1;22
719;1;1;22
720;1;1;22
721;1;1;22
722;1;1;22
723;1;1;22
724;1;1;22
725;1;1;22
726;1;1;22
727;1;1;22
728;1;1;22
729;1;1;22
730;1;1;22
731;1;1;22
732;2;1;22
733;1;1;22
734;1;1;22
735;1;1;22
736;1;1;23
737;1;1;23
738;2;1;23
739;1;1;23
740;1;1;23
741;1;1;23
742;1;1;23
768;1;26;24
769;135;1;24
770;135;1;24
771;134;1;24
772;134;1;24
773;133;1;24
774;132;1;24
775;132;1;24
776;131;1;24
777;77;1;24
778;76;1;24
779;75;1;24
780;75;1;24
781;74;1;24
782;74;1;24
783;74;1;24
784;73;1;24
785;73;1;24
786;73;1;24
787;72;1;24
788;72;1;24
789;71;1;24
790;71;1;24
791;70;1;24
792;10;1;24
793;10;1;24
794;10;1;24
795;9;1;24
796;9;1;24
797;8;1;24
798;8;1;24
799;8;1;24
800;1;1;25
801;132;1;25
802;131;1;25
803;131;1;25
804;131;1;25
805;130;1;25
806;130;1;25
807;76;1;25
808;76;1;25
809;75;1;25
810;75;1;25
811;74;1;25
812;74;1;25
813;73;1;25
814;73;1;25
815;72;1;25
816;72;1;25
817;71;1;25
818;71;1;25
819;70;1;25
820;70;1;25
821;70;1;25
822;10;1;25
823;9;1;25
824;9;1;25
825;8;1;25
826;8;1;25
827;7;1;25
828;7;1;25
829;6;1;25
830;6;1;25
831;6;1;25
832;1;1;26
833;1;1;26
834;1;1;26
835;1;1;26
836;1;1;26
837;1;1;26
838;1;1;26
839;1;1;26
840;1;1;26
841;1;1;26
842;1;1;26
843;1;1;26
844;1;1;26
845;2;1;26
846;1;1;26
847;1;1;26
848;1;1;26
849;1;1;26
850;1;1;26
851;1;1;26
852;1;1;26
853;1;1;26
854;1;1;26
855;1;1;26
856;1;1;26
857;8;1;26
858;8;1;26
859;8;1;26
860;7;1;26
861;7;1;26
862;6;1;26
863;6;1;26
864;1;1;27
865;1;1;27
866;131;1;27
867;131;1;27
868;131;1;27
869;74;1;27
870;73;1;27
871;73;1;27
872;72;1;27
873;72;1;27
874;72;1;27
875;72;1;27
876;72;1;27
877;71;1;27
878;71;1;27
879;70;1;27
880;70;1;27
881;70;1;27
882;69;1;27
883;69;1;27
884;68;1;27
885;11;1;27
886;10;1;27
887;10;1;27
888;9;1;27
889;9;1;27
890;9;1;27
891;8;1;27
892;8;1;27
893;8;1;27
894;7;1;27
895;7;1;27
896;2;1;28
897;1;1;28
898;133;1;28
899;133;1;28
900;132;1;28
901;78;1;28
902;77;1;28
903;77;1;28
904;76;1;28
905;76;1;28
906;75;1;28
907;75;1;28
908;75;1;28
909;74;1;28
910;74;1;28
911;73;1;28
912;73;1;28
913;72;1;28
914;72;1;28
915;71;1;28
916;71;1;28
917;11;1;28
918;11;1;28
919;10;1;28
920;10;1;28
921;9;1;28
922;9;1;28
923;8;1;28
924;8;1;28
925;8;1;28
926;7;1;28
927;7;1;28
928;135;1;29
929;135;1;29
930;134;1;29
931;134;1;29
932;133;1;29
933;79;1;29
934;78;1;29
935;78;1;29
936;77;1;29
937;77;1;29
938;76;1;29
939;76;1;29
940;76;1;29
941;75;1;29
942;75;1;29
943;75;1;29
944;74;1;29
945;74;1;29
946;73;1;29
947;73;1;29
948;72;1;29
949;11;1;29
950;11;1;29
951;10;1;29
952;10;1;29
953;9;1;29
954;9;1;29
955;9;1;29
956;8;1;29
957;8;1;29
958;7;1;29
959;7;1;29
960;2;1;30
961;1;1;30
962;130;1;30
963;130;1;30
964;130;1;30
965;77;1;30
966;76;1;30
967;76;1;30
968;75;1;30
969;75;1;30
970;75;1;30
971;74;1;30
972;74;1;30
973;73;1;30
974;73;1;30
975;72;1;30
976;72;1;30
977;71;1;30
978;71;1;30
979;70;1;30
980;70;1;30
981;11;1;30
982;10;1;30
983;9;1;30
984;9;1;30
985;8;1;30
986;8;1;30
987;7;1;30
988;7;1;30
989;7;1;30
990;6;1;30
991;6;1;30
1024;1;33;32
1025;1;1;32
1026;1;1;32
1027;131;1;32
1028;131;1;32
1029;76;1;32
1030;76;1;32
1031;75;1;32
1032;75;1;32
1033;74;1;32
1034;74;1;32
1035;73;1;32
1036;74;1;32
1037;73;1;32
1038;73;1;32
1039;72;1;32
1040;72;1;32
1041;72;1;32
1042;72;1;32
1043;71;1;32
1044;71;1;32
1045;12;1;32
1046;11;1;32
1047;10;1;32
1048;10;1;32
1049;10;1;32
1050;9;1;32
1051;9;1;32
1052;9;1;32
1053;8;1;32
1054;8;1;32
1055;7;1;32
1056;1;1;33
1057;1;1;33
1058;1;1;33
1059;131;1;33
1060;131;1;33
1061;77;1;33
1062;76;1;33
1063;76;1;33
1064;75;1;33
1065;75;1;33
1066;74;1;33
1067;74;1;33
1068;73;1;33
1069;73;1;33
1070;73;1;33
1071;72;1;33
1072;72;1;33
1073;71;1;33
1074;71;1;33
1075;70;1;33
1076;70;1;33
1077;11;1;33
1078;10;1;33
1079;10;1;33
1080;9;1;33
1081;9;1;33
1082;8;1;33
1083;8;1;33
1084;9;1;33
1085;8;1;33
1086;8;1;33
1087;7;1;33
1088;2;1;34
1089;1;1;34
1090;1;1;34
1120;1;30;35
1121;1;1;35
1122;1;1;35
1123;1;1;35
1124;1;1;35
1125;2;1;35
1126;1;1;35
1127;1;1;35
1128;1;1;35
1129;1;1;35
1152;1;23;36
1153;1;1;36
1154;1;1;36
1155;1;1;36
1156;1;1;36
1157;1;1;36
1158;2;1;36
1159;1;1;36
1160;1;1;36
1161;1;1;36
1162;1;1;36
1163;1;1;36
1164;1;1;36
1165;1;1;36
1166;72;1;36
1167;72;1;36
1168;71;1;36
1169;71;1;36
1170;71;1;36
1171;70;1;36
1172;70;1;36
1173;10;1;36
1174;10;1;36
1175;9;1;36
1176;9;1;36
1177;9;1;36
1178;8;1;36
1179;8;1;36
1180;7;1;36
1181;7;1;36
1182;6;1;36
1183;6;1;36
1184;1;1;37
1216;2;32;38
1217;1;1;38
1218;2;1;38
1219;2;1;38
1220;1;1;38
1221;1;1;38
1222;1;1;38
1223;1;1;38
1224;1;1;38
1225;75;1;38
1226;75;1;38
1227;74;1;38
1228;74;1;38
1229;73;1;38
1230;73;1;38
1231;73;1;38
1232;72;1;38
1233;72;1;38
1234;71;1;38
1235;71;1;38
1236;70;1;38
1237;11;1;38
1238;10;1;38
1239;10;1;38
1240;9;1;38
1241;9;1;38
1242;8;1;38
1243;8;1;38
1244;7;1;38
1245;7;1;38
1246;6;1;38
1247;6;1;38
1248;1;1;39
1249;1;1;39
1250;2;1;39
1251;1;1;39
1252;1;1;39
1253;1;1;39
1254;1;1;39
1255;1;1;39
1256;1;1;39
1257;1;1;39
1258;1;1;39
1259;1;1;39
1260;1;1;39
1261;2;1;39
1262;1;1;39
1263;1;1;39
1264;1;1;39
1265;1;1;39
1266;1;1;39
1267;1;1;39
1268;1;1;39
1269;1;1;39
1270;1;1;39
1271;1;1;39
1272;1;1;39
1273;1;1;39
1274;1;1;39
1275;6;1;39
1276;6;1;39
1277;7;1;39
1278;6;1;39
1279;6;1;39
1280;2;1;40
1281;1;1;40
1282;1;1;40
1283;1;1;40
1284;1;1;40
1285;1;1;40
1286;0;1;40
1287;1;1;40
1288;1;1;40
1289;1;1;40
1290;1;1;40
1291;1;1;40
1292;2;1;40
1293;1;1;40
1294;1;1;40
1295;1;1;40
1296;1;1;40
1297;1;1;40
1298;1;1;40
1299;1;1;40
1300;1;1;40
1301;1;1;40
1302;1;1;40
1303;1;1;40
1304;1;1;40
1305;1;1;40
1306;7;1;40
1307;7;1;40
1308;7;1;40
1309;7;1;40
1310;6;1;40
1311;6;1;40
1312;1;1;41
1313;1;1;41
1314;1;1;41
1315;1;1;41
1316;1;1;41
1317;1;1;41
1318;1;1;41
1319;1;1;41
1320;1;1;41
1321;1;1;41
1322;1;1;41
1323;1;1;41
1324;1;1;41
1325;1;1;41
1326;1;1;41
1327;1;1;41
1328;2;1;41
1329;1;1;41
1330;1;1;41
1331;1;1;41
1332;1;1;41
1333;1;1;41
1334;1;1;41
1335;1;1;41
1336;1;1;41
1337;1;1;41
1338;1;1;41
1339;1;1;41
1340;1;1;41
1341;1;1;41
1342;1;1;41
1343;1;1;41
1344;1;1;42
1345;1;1;42
1346;1;1;42
1347;133;1;42
1348;133;1;42
1349;132;1;42
1350;132;1;42
1351;131;1;42
1352;131;1;42
1353;130;1;42
1354;130;1;42
1355;130;1;42
1356;68;1;42
1357;68;1;42
1358;67;1;42
1359;67;1;42
1360;67;1;42
1361;66;1;42
1362;66;1;42
1363;65;1;42
1364;64;1;42
1365;64;1;42
1366;63;1;42
1367;63;1;42
1368;63;1;42
1369;62;1;42
1370;62;1;42
1371;61;1;42
1372;61;1;42
1373;7;1;42
1374;7;1;42
1375;6;1;42
1376;1;1;43
1377;1;1;43
1378;1;1;43
1408;2;30;44
1409;1;1;44
1410;1;1;44
1472;2;62;46
1473;1;1;46
1474;1;1;46
1475;1;1;46
1476;71;1;46
1477;71;1;46
1478;70;1;46
1479;70;1;46
1480;69;1;46
1481;69;1;46
1482;68;1;46
1483;68;1;46
1484;67;1;46
1485;67;1;46
1486;66;1;46
1487;13;1;46
1488;12;1;46
1489;12;1;46
1490;11;1;46
1491;12;1;46
1492;12;1;46
1493;11;1;46
1494;11;1;46
1495;10;1;46
1496;10;1;46
1497;9;1;46
1498;9;1;46
1499;8;1;46
1500;8;1;46
1501;7;1;46
1502;7;1;46
1503;7;1;46
1504;1;1;47
1505;1;1;47
1506;1;1;47
1507;1;1;47
1508;1;1;47
1509;1;1;47
1510;74;1;47
1511;74;1;47
1512;74;1;47
1513;73;1;47
1514;73;1;47
1515;72;1;47
1516;72;1;47
1517;71;1;47
1518;71;1;47
1519;71;1;47
1520;70;1;47
1521;70;1;47
1522;69;1;47
1523;69;1;47
1524;11;1;47
1525;10;1;47
1526;10;1;47
1527;10;1;47
1528;9;1;47
1529;9;1;47
1530;8;1;47
1531;8;1;47
1532;7;1;47
1533;7;1;47
1534;6;1;47
1535;6;1;47
1536;1;1;48
1537;1;1;48
1538;1;1;48
1539;1;1;48
1540;1;1;48
1541;1;1;48
1542;1;1;48
1543;1;1;48
1568;1;25;49
1569;1;1;49
1570;2;1;49
1571;2;1;49
1572;1;1;49
1573;1;1;49
1574;1;1;49
1575;1;1;49
1576;2;1;49
1577;1;1;49
1578;2;1;49
1579;1;1;49
1580;1;1;49
1581;1;1;49
1582;1;1;49
1583;1;1;49
1584;1;1;49
1585;1;1;49
1586;1;1;49
1587;68;1;49
1588;68;1;49
1589;68;1;49
1590;67;1;49
1591;67;1;49
1592;67;1;49
1593;9;1;49
1594;8;1;49
1595;8;1;49
1596;7;1;49
1597;7;1;49
1598;7;1;49
1599;6;1;49
1600;1;1;50
1601;1;1;50
1602;1;1;50
1603;2;1;50
1604;1;1;50
1605;1;1;50
1606;1;1;50
1607;1;1;50
1608;1;1;50
1609;2;1;50
1610;1;1;50
1611;2;1;50
1612;1;1;50
1613;2;1;50
1614;1;1;50
1615;1;1;50
1616;1;1;50
1617;71;1;50
1618;71;1;50
1619;70;1;50
1620;70;1;50
1621;69;1;50
1622;69;1;50
1623;68;1;50
1624;68;1;50
1625;68;1;50
1626;67;1;50
1627;67;1;50
1628;8;1;50
1629;8;1;50
1630;7;1;50
1631;7;1;50
1632;2;1;51
1633;73;1;51
1634;73;1;51
1635;73;1;51
1636;72;1;51
1637;72;1;51
1638;71;1;51
1639;71;1;51
1640;71;1;51
1641;70;1;51
1642;69;1;51
1643;69;1;51
1644;69;1;51
1645;68;1;51
1646;15;1;51
1647;14;1;51
1648;13;1;51
1649;13;1;51
1650;12;1;51
1651;12;1;51
1652;12;1;51
1653;11;1;51
1654;11;1;51
1655;10;1;51
1656;10;1;51
1657;9;1;51
1658;9;1;51
1659;9;1;51
1660;8;1;51
1661;8;1;51
1662;7;1;51
1663;7;1;51
1664;76;1;52
1665;76;1;52
1666;76;1;52
1667;75;1;52
1668;74;1;52
1669;74;1;52
1670;74;1;52
1671;73;1;52
1672;73;1;52
1673;72;1;52
1674;72;1;52
1675;71;1;52
1676;71;1;52
1677;71;1;52
1678;70;1;52
1679;70;1;52
1680;69;1;52
1681;69;1;52
1682;12;1;52
1683;12;1;52
1684;11;1;52
1685;11;1;52
1686;10;1;52
1687;10;1;52
1688;9;1;52
1689;9;1;52
1690;8;1;52
1691;8;1;52
1692;7;1;52
1693;7;1;52
1694;7;1;52
1695;6;1;52
1696;2;1;53
1697;1;1;53
1698;1;1;53
1699;2;1;53
1700;1;1;53
1701;1;1;53
1702;1;1;53
1703;1;1;53
1704;1;1;53
1705;2;1;53
1706;1;1;53
1707;1;1;53
1708;1;1;53
1709;1;1;53
1710;1;1;53
1711;1;1;53
1712;1;1;53
1713;1;1;53
1714;70;1;53
1715;70;1;53
1716;11;1;53
1717;10;1;53
1718;10;1;53
1719;10;1;53
1720;10;1;53
1721;9;1;53
1722;9;1;53
1723;9;1;53
1724;8;1;53
1725;7;1;53
1726;7;1;53
1727;6;1;53
1728;2;1;54
1729;1;1;54
1730;2;1;54
1731;1;1;54
1732;1;1;54
1733;1;1;54
1734;1;1;54
1735;1;1;54
1736;1;1;54
1737;1;1;54
1738;1;1;54
1739;1;1;54
1740;1;1;54
1741;1;1;54
1742;1;1;54
1743;1;1;54
1744;73;1;54
1745;72;1;54
1746;72;1;54
1747;72;1;54
1748;71;1;54
1749;71;1;54
1750;10;1;54
1751;9;1;54
1752;9;1;54
1753;8;1;54
1754;8;1;54
1755;7;1;54
1756;7;1;54
1757;7;1;54
1758;6;1;54
1759;6;1;54
1760;1;1;55
1761;1;1;55
1762;1;1;55
1763;1;1;55
1764;128;1;55
1765;128;1;55
1766;128;1;55
1767;76;1;55
1768;75;1;55
1769;75;1;55
1770;74;1;55
1771;74;1;55
1772;73;1;55
1773;73;1;55
1774;72;1;55
1775;72;1;55
1776;72;1;55
1777;71;1;55
1778;70;1;55
1779;70;1;55
1780;70;1;55
1781;69;1;55
1782;69;1;55
1783;69;1;55
1784;9;1;55
1785;9;1;55
1786;8;1;55
1787;8;1;55
1788;7;1;55
1789;7;1;55
1790;6;1;55
1791;6;1;55
1792;2;1;56
1793;1;1;56
1794;1;1;56
1795;134;1;56
1796;134;1;56
1797;133;1;56
1798;133;1;56
1799;132;1;56
1800;133;1;56
1801;132;1;56
1802;80;1;56
1803;79;1;56
1804;79;1;56
1805;78;1;56
1806;78;1;56
1807;77;1;56
1808;77;1;56
1809;76;1;56
1810;76;1;56
1811;76;1;56
1812;75;1;56
1813;75;1;56
1814;74;1;56
1815;74;1;56
1816;73;1;56
1817;73;1;56
1818;72;1;56
1819;72;1;56
1820;8;1;56
1821;7;1;56
1822;7;1;56
1823;6;1;56
1824;1;1;57
1825;1;1;57
1826;1;1;57
1827;2;1;57
1828;64;1;57
1829;64;1;57
1830;63;1;57
1831;63;1;57
1832;63;1;57
1833;62;1;57
1834;62;1;57
1835;62;1;57
1836;61;1;57
1837;61;1;57
1838;14;1;57
1839;14;1;57
1840;13;1;57
1841;13;1;57
1842;13;1;57
1843;12;1;57
1844;12;1;57
1845;11;1;57
1846;11;1;57
1847;11;1;57
1848;10;1;57
1849;10;1;57
1850;9;1;57
1851;9;1;57
1852;8;1;57
1853;8;1;57
1854;7;1;57
1855;7;1;57
1856;1;1;58
1857;2;1;58
1858;1;1;58
1859;1;1;58
1860;1;1;58
1861;1;1;58
1862;1;1;58
1863;1;1;58
1864;73;1;58
1865;73;1;58
1866;73;1;58
1867;73;1;58
1868;73;1;58
1869;72;1;58
1870;72;1;58
1871;71;1;58
1872;71;1;58
1873;70;1;58
1874;12;1;58
1875;12;1;58
1876;11;1;58
1877;11;1;58
1878;10;1;58
1879;10;1;58
1880;10;1;58
1881;9;1;58
1882;9;1;58
1883;8;1;58
1884;8;1;58
1885;7;1;58
1886;7;1;58
1887;6;1;58
1888;131;1;59
1889;131;1;59
1890;130;1;59
1891;130;1;59
1892;77;1;59
1893;76;1;59
1894;76;1;59
1895;75;1;59
1896;75;1;59
1897;74;1;59
1898;74;1;59
1899;74;1;59
1900;73;1;59
1901;73;1;59
1902;72;1;59
1903;72;1;59
1904;72;1;59
1905;71;1;59
1906;71;1;59
1907;71;1;59
1908;71;1;59
1909;71;1;59
1910;11;1;59
1911;11;1;59
1912;10;1;59
1913;10;1;59
1914;10;1;59
1915;9;1;59
1916;9;1;59
1917;8;1;59
1918;8;1;59
1919;7;1;59
1920;1;1;60
1921;1;1;60
1922;1;1;60
1923;1;1;60
1924;1;1;60
1925;129;1;60
1926;129;1;60
1927;74;1;60
1928;73;1;60
1929;73;1;60
1930;72;1;60
1931;72;1;60
1932;71;1;60
1933;71;1;60
1934;71;1;60
1935;70;1;60
1936;70;1;60
1937;69;1;60
1938;69;1;60
1939;69;1;60
1940;68;1;60
1941;68;1;60
1942;67;1;60
1943;67;1;60
1944;66;1;60
1945;9;1;60
1946;9;1;60
1947;8;1;60
1948;8;1;60
1949;7;1;60
1950;7;1;60
1951;6;1;60
1952;1;1;61
1953;1;1;61
1954;1;1;61
1955;1;1;61
1956;1;1;61
1957;1;1;61
1958;1;1;61
1959;127;1;61
1960;126;1;61
1961;126;1;61
1962;126;1;61
1963;73;1;61
1964;73;1;61
1965;72;1;61
1966;72;1;61
1967;72;1;61
1968;71;1;61
1969;71;1;61
1970;70;1;61
1971;70;1;61
1972;69;1;61
1973;69;1;61
1974;68;1;61
1975;68;1;61
1976;68;1;61
1977;67;1;61
1978;67;1;61
1979;66;1;61
1980;66;1;61
1981;7;1;61
1982;6;1;61
1983;6;1;61
1984;2;1;62
1985;1;1;62
1986;1;1;62
1987;1;1;62
1988;1;1;62
1989;1;1;62
1990;1;1;62
1991;130;1;62
1992;129;1;62
1993;129;1;62
1994;128;1;62
1995;128;1;62
1996;127;1;62
1997;127;1;62
1998;74;1;62
1999;73;1;62
2000;72;1;62
2001;72;1;62
2002;72;1;62
2003;71;1;62
2004;71;1;62
2005;70;1;62
2006;70;1;62
2007;70;1;62
2008;69;1;62
2009;69;1;62
2010;68;1;62
2011;68;1;62
2012;67;1;62
2013;67;1;62
2014;66;1;62
2015;6;1;62
2016;2;1;63
2017;1;1;63
2018;1;1;63
2019;1;1;63
2020;1;1;63
2021;1;1;63
2022;80;1;63
2023;80;1;63
2024;80;1;63
2025;79;1;63
2026;79;1;63
2027;78;1;63
2028;77;1;63
2029;77;1;63
2030;77;1;63
2031;76;1;63
2032;23;1;63
2033;23;1;63
2034;22;1;63
2035;22;1;63
2036;22;1;63
2037;21;1;63
2038;21;1;63
2039;20;1;63
2040;20;1;63
2041;19;1;63
2042;19;1;63
2043;18;1;63
2044;18;1;63
2045;18;1;63
2046;17;1;63
2047;17;1;63
2048;2;1;64
2049;1;1;64
2050;1;1;64
2051;1;1;64
2052;1;1;64
2053;1;1;64
2054;1;1;64
2055;76;1;64
2056;76;1;64
2057;75;1;64
2058;75;1;64
2059;75;1;64
2060;74;1;64
2061;74;1;64
2062;73;1;64
2063;73;1;64
2064;73;1;64
2065;72;1;64
2066;13;1;64
2067;12;1;64
2068;12;1;64
2069;11;1;64
2070;11;1;64
2071;11;1;64
2072;10;1;64
2073;10;1;64
2074;9;1;64
2075;9;1;64
2076;9;1;64
2077;8;1;64
2078;8;1;64
2079;7;1;64
2080;1;1;65
2081;1;1;65
2082;1;1;65
2083;1;1;65
2084;1;1;65
2085;1;1;65
2086;1;1;65
2087;1;1;65
2088;1;1;65
2089;1;1;65
2090;1;1;65
2091;1;1;65
2092;75;1;65
2093;75;1;65
2094;75;1;65
2095;74;1;65
2096;74;1;65
2097;74;1;65
2098;73;1;65
2099;73;1;65
2100;12;1;65
2101;11;1;65
2102;11;1;65
2103;10;1;65
2104;10;1;65
2105;9;1;65
2106;9;1;65
2107;9;1;65
2108;8;1;65
2109;8;1;65
2110;8;1;65
2111;7;1;65
2112;2;1;66
2113;1;1;66
2144;122;31;67
2145;122;1;67
2146;121;1;67
2147;121;1;67
2148;120;1;67
2149;119;1;67
2150;119;1;67
2151;76;1;67
2152;75;1;67
2153;75;1;67
2154;74;1;67
2155;74;1;67
2156;73;1;67
2157;73;1;67
2158;72;1;67
2159;72;1;67
2160;71;1;67
2161;71;1;67
2162;70;1;67
2163;70;1;67
2164;69;1;67
2165;69;1;67
2166;68;1;67
2167;68;1;67
2168;68;1;67
2169;9;1;67
2170;8;1;67
2171;8;1;67
2172;8;1;67
2173;7;1;67
2174;7;1;67
2175;7;1;67
2176;2;1;68
2177;1;1;68
2178;1;1;68
2179;1;1;68
2180;1;1;68
2181;1;1;68
2182;1;1;68
2183;1;1;68
2184;1;1;68
2185;1;1;68
2186;72;1;68
2187;72;1;68
2188;72;1;68
2189;71;1;68
2190;71;1;68
2191;70;1;68
2192;70;1;68
2193;70;1;68
2194;69;1;68
2195;69;1;68
2196;68;1;68
2197;68;1;68
2198;67;1;68
2199;67;1;68
2200;67;1;68
2201;66;1;68
2202;66;1;68
2203;65;1;68
2204;7;1;68
2205;7;1;68
2206;6;1;68
2207;6;1;68
2208;2;1;69
2209;1;1;69
2210;1;1;69
2211;1;1;69
2212;1;1;69
2213;2;1;69
2214;1;1;69
2215;2;1;69
2216;1;1;69
2217;1;1;69
2218;1;1;69
2219;125;1;69
2220;125;1;69
2221;125;1;69
2222;72;1;69
2223;72;1;69
2224;71;1;69
2225;70;1;69
2226;70;1;69
2227;70;1;69
2228;69;1;69
2229;69;1;69
2230;68;1;69
2231;68;1;69
2232;68;1;69
2233;68;1;69
2234;68;1;69
2235;67;1;69
2236;67;1;69
2237;66;1;69
2238;66;1;69
2239;6;1;69
2240;2;1;70
2241;1;1;70
2242;2;1;70
2243;1;1;70
2244;1;1;70
2245;1;1;70
2246;1;1;70
2247;1;1;70
2248;1;1;70
2249;1;1;70
2250;70;1;70
2251;70;1;70
2252;69;1;70
2253;68;1;70
2254;68;1;70
2255;68;1;70
2256;14;1;70
2257;14;1;70
2258;13;1;70
2259;12;1;70
2260;11;1;70
2261;10;1;70
2262;10;1;70
2263;9;1;70
2264;9;1;70
2265;8;1;70
2266;8;1;70
2267;7;1;70
2268;7;1;70
2269;7;1;70
2270;6;1;70
2271;6;1;70
2272;1;1;71
2273;1;1;71
2274;1;1;71
2275;1;1;71
2276;1;1;71
2277;1;1;71
2278;1;1;71
2279;1;1;71
2280;1;1;71
2281;1;1;71
2282;1;1;71
2283;1;1;71
2284;2;1;71
2285;71;1;71
2286;71;1;71
2287;70;1;71
2288;70;1;71
2289;70;1;71
2290;11;1;71
2291;10;1;71
2292;10;1;71
2293;10;1;71
2294;9;1;71
2295;10;1;71
2296;9;1;71
2297;9;1;71
2298;8;1;71
2299;8;1;71
2300;8;1;71
2301;7;1;71
2302;7;1;71
2303;6;1;71
2304;1;1;72
2305;1;1;72
2306;1;1;72
2307;1;1;72
2308;1;1;72
2309;1;1;72
2310;1;1;72
2311;1;1;72
2312;2;1;72
2313;1;1;72
2314;1;1;72
2315;1;1;72
2316;1;1;72
2317;1;1;72
2318;1;1;72
2319;1;1;72
2320;1;1;72
2321;1;1;72
2322;1;1;72
2323;1;1;72
2324;1;1;72
2325;1;1;72
2326;1;1;72
2327;1;1;72
2328;1;1;72
2329;2;1;72
2330;1;1;72
2331;1;1;72
2332;1;1;72
2333;1;1;72
2334;1;1;72
2335;1;1;72
2336;2;1;73
2337;1;1;73
2338;1;1;73
2339;1;1;73
2340;1;1;73
2341;1;1;73
2342;1;1;73
2343;1;1;73
2344;1;1;73
2345;1;1;73
2346;1;1;73
2347;1;1;73
2348;1;1;73
2349;2;1;73
2350;1;1;73
2351;1;1;73
2352;1;1;73
2353;1;1;73
2354;1;1;73
2355;1;1;73
2356;1;1;73
2357;1;1;73
2358;1;1;73
2359;1;1;73
2360;1;1;73
2361;1;1;73
2362;1;1;73
2363;1;1;73
2364;7;1;73
2365;6;1;73
2366;6;1;73
2367;6;1;73
2368;2;1;74
2369;130;1;74
2370;130;1;74
2371;130;1;74
2372;129;1;74
2373;129;1;74
2374;128;1;74
2375;128;1;74
2376;127;1;74
2377;127;1;74
2378;126;1;74
2379;74;1;74
2380;74;1;74
2381;73;1;74
2382;73;1;74
2383;72;1;74
2384;72;1;74
2385;72;1;74
2386;71;1;74
2387;71;1;74
2388;70;1;74
2389;70;1;74
2390;70;1;74
2391;69;1;74
2392;69;1;74
2393;68;1;74
2394;68;1;74
2395;68;1;74
2396;67;1;74
2397;8;1;74
2398;7;1;74
2399;7;1;74
2400;74;1;75
2401;73;1;75
2402;73;1;75
2403;72;1;75
2404;72;1;75
2405;71;1;75
2406;71;1;75
2407;70;1;75
2408;70;1;75
2409;70;1;75
2410;69;1;75
2411;69;1;75
2412;68;1;75
2413;68;1;75
2414;67;1;75
2415;14;1;75
2416;14;1;75
2417;13;1;75
2418;13;1;75
2419;12;1;75
2420;12;1;75
2421;11;1;75
2422;12;1;75
2423;12;1;75
2424;11;1;75
2425;11;1;75
2426;11;1;75
2427;10;1;75
2428;10;1;75
2429;9;1;75
2430;8;1;75
2431;8;1;75
2432;1;1;76
2433;1;1;76
2434;1;1;76
2435;102;1;76
2436;102;1;76
2437;101;1;76
2438;101;1;76
2439;101;1;76
2440;100;1;76
2441;100;1;76
2442;100;1;76
2443;99;1;76
2444;99;1;76
2445;98;1;76
2446;98;1;76
2447;98;1;76
2448;97;1;76
2449;97;1;76
2450;96;1;76
2451;29;1;76
2452;29;1;76
2453;28;1;76
2454;28;1;76
2455;27;1;76
2456;27;1;76
2457;26;1;76
2458;26;1;76
2459;25;1;76
2460;25;1;76
2461;24;1;76
2462;24;1;76
2463;23;1;76
2464;2;1;77
2465;1;1;77
2466;1;1;77
2467;1;1;77
2468;1;1;77
2469;1;1;77
2470;1;1;77
2471;1;1;77
2472;1;1;77
2473;1;1;77
2474;1;1;77
2475;1;1;77
2476;1;1;77
2477;1;1;77
2478;1;1;77
2479;1;1;77
2480;1;1;77
2481;2;1;77
2482;1;1;77
2483;2;1;77
2484;1;1;77
2485;1;1;77
2486;1;1;77
2487;1;1;77
2488;1;1;77
2489;1;1;77
2490;1;1;77
2491;1;1;77
2492;1;1;77
2493;1;1;77
2494;1;1;77
2495;1;1;77
2496;2;1;78
2497;1;1;78
2498;1;1;78
2499;1;1;78
2500;55;1;78
2501;55;1;78
2502;54;1;78
2503;54;1;78
2504;53;1;78
2505;53;1;78
2506;52;1;78
2507;52;1;78
2508;51;1;78
2509;51;1;78
2510;51;1;78
2511;50;1;78
2512;50;1;78
2513;49;1;78
2514;49;1;78
2515;48;1;78
2516;48;1;78
2517;48;1;78
2518;47;1;78
2519;47;1;78
2520;10;1;78
2521;9;1;78
2522;9;1;78
2523;8;1;78
2524;8;1;78
2525;7;1;78
2526;7;1;78
2527;6;1;78
2528;1;1;79
2529;2;1;79
2530;1;1;79
2531;1;1;79
2532;1;1;79
2533;1;1;79
2534;1;1;79
2535;2;1;79
2536;64;1;79
2537;64;1;79
2538;63;1;79
2539;63;1;79
2540;63;1;79
2541;62;1;79
2542;62;1;79
2543;61;1;79
2544;61;1;79
2545;60;1;79
2546;12;1;79
2547;11;1;79
2548;11;1;79
2549;10;1;79
2550;10;1;79
2551;9;1;79
2552;9;1;79
2553;8;1;79
2554;8;1;79
2555;7;1;79
2556;7;1;79
2557;6;1;79
2558;6;1;79
2559;6;1;79
2560;1;1;80
2561;1;1;80
2562;1;1;80
2563;1;1;80
2564;1;1;80
2565;1;1;80
2566;1;1;80
2567;1;1;80
2568;1;1;80
2569;1;1;80
2570;1;1;80
2571;2;1;80
2572;1;1;80
2573;0;1;80
2574;1;1;80
2575;1;1;80
2576;71;1;80
2577;71;1;80
2578;71;1;80
2579;70;1;80
2580;70;1;80
2581;69;1;80
2582;69;1;80
2583;68;1;80
2584;67;1;80
2585;66;1;80
2586;66;1;80
2587;65;1;80
2588;8;1;80
2589;7;1;80
2590;7;1;80
2591;7;1;80
2592;71;1;81
2593;71;1;81
2594;71;1;81
2595;70;1;81
2596;70;1;81
2597;69;1;81
2598;69;1;81
2599;68;1;81
2600;68;1;81
2601;68;1;81
2602;67;1;81
2603;67;1;81
2604;66;1;81
2605;66;1;81
2606;65;1;81
2607;65;1;81
2608;14;1;81
2609;14;1;81
2610;13;1;81
2611;13;1;81
2612;13;1;81
2613;12;1;81
2614;11;1;81
2615;11;1;81
2616;11;1;81
2617;10;1;81
2618;10;1;81
2619;9;1;81
2620;9;1;81
2621;8;1;81
2622;8;1;81
2623;8;1;81
2624;1;1;82
2625;1;1;82
2626;1;1;82
2627;1;1;82
2656;131;29;83
2657;131;1;83
2658;131;1;83
2659;130;1;83
2660;129;1;83
2661;128;1;83
2662;128;1;83
2663;127;1;83
2664;127;1;83
2665;75;1;83
2666;74;1;83
2667;74;1;83
2668;73;1;83
2669;73;1;83
2670;72;1;83
2671;72;1;83
2672;71;1;83
2673;71;1;83
2674;70;1;83
2675;70;1;83
2676;69;1;83
2677;69;1;83
2678;68;1;83
2679;68;1;83
2680;68;1;83
2681;67;1;83
2682;67;1;83
2683;66;1;83
2684;7;1;83
2685;6;1;83
2686;6;1;83
2687;5;1;83
2688;1;1;84
2689;1;1;84
2690;70;1;84
2691;70;1;84
2692;69;1;84
2693;69;1;84
2694;68;1;84
2695;68;1;84
2696;67;1;84
2697;67;1;84
2698;66;1;84
2699;66;1;84
2700;65;1;84
2701;65;1;84
2702;14;1;84
2703;13;1;84
2704;13;1;84
2705;12;1;84
2706;12;1;84
2707;12;1;84
2708;11;1;84
2709;11;1;84
2710;11;1;84
2711;10;1;84
2712;10;1;84
2713;9;1;84
2714;9;1;84
2715;8;1;84
2716;8;1;84
2717;8;1;84
2718;7;1;84
2719;6;1;84
2720;1;1;85
2721;77;1;85
2722;77;1;85
2723;76;1;85
2724;76;1;85
2725;71;1;85
2726;71;1;85
2727;70;1;85
2728;70;1;85
2729;69;1;85
2730;69;1;85
2731;68;1;85
2732;68;1;85
2733;68;1;85
2734;67;1;85
2735;67;1;85
2736;66;1;85
2737;65;1;85
2738;12;1;85
2739;11;1;85
2740;11;1;85
2741;10;1;85
2742;10;1;85
2743;10;1;85
2744;9;1;85
2745;9;1;85
2746;8;1;85
2747;8;1;85
2748;7;1;85
2749;7;1;85
2750;7;1;85
2751;6;1;85
2752;2;1;86
2753;1;1;86
2754;1;1;86
2755;130;1;86
2756;79;1;86
2757;78;1;86
2758;77;1;86
2759;77;1;86
2760;77;1;86
2761;76;1;86
2762;76;1;86
2763;76;1;86
2764;75;1;86
2765;75;1;86
2766;74;1;86
2767;74;1;86
2768;73;1;86
2769;73;1;86
2770;72;1;86
2771;72;1;86
2772;72;1;86
2773;71;1;86
2774;11;1;86
2775;10;1;86
2776;10;1;86
2777;9;1;86
2778;9;1;86
2779;8;1;86
2780;8;1;86
2781;8;1;86
2782;7;1;86
2783;7;1;86
2784;130;1;87
2785;130;1;87
2786;130;1;87
2787;129;1;87
2788;129;1;87
2789;128;1;87
2790;128;1;87
2791;128;1;87
2792;76;1;87
2793;75;1;87
2794;75;1;87
2795;74;1;87
2796;74;1;87
2797;73;1;87
2798;73;1;87
2799;72;1;87
2800;72;1;87
2801;71;1;87
2802;71;1;87
2803;71;1;87
2804;70;1;87
2805;70;1;87
2806;70;1;87
2807;69;1;87
2808;69;1;87
2809;68;1;87
2810;9;1;87
2811;9;1;87
2812;8;1;87
2813;8;1;87
2814;7;1;87
2815;7;1;87
2816;1;1;88
2817;0;1;88
2818;1;1;88
2819;2;1;88
2820;1;1;88
2821;2;1;88
2822;1;1;88
2823;1;1;88
2824;1;1;88
2848;2;24;89
2849;1;1;89
2850;74;1;89
2851;74;1;89
2852;73;1;89
2853;72;1;89
2854;72;1;89
2855;71;1;89
2856;71;1;89
2857;70;1;89
2858;70;1;89
2859;69;1;89
2860;69;1;89
2861;68;1;89
2862;68;1;89
2863;67;1;89
2864;14;1;89
2865;13;1;89
2866;13;1;89
2867;12;1;89
2868;12;1;89
2869;12;1;89
2870;11;1;89
2871;11;1;89
2872;10;1;89
2873;10;1;89
2874;9;1;89
2875;9;1;89
2876;8;1;89
2877;8;1;89
2878;8;1;89
2879;7;1;89
2880;2;1;90
2881;1;1;90
2882;1;1;90
2883;1;1;90
2884;1;1;90
2885;1;1;90
2886;1;1;90
2887;1;1;90
2888;75;1;90
2889;75;1;90
2890;74;1;90
2891;74;1;90
2892;73;1;90
2893;73;1;90
2894;73;1;90
2895;72;1;90
2896;72;1;90
2897;71;1;90
2898;71;1;90
2899;71;1;90
2900;11;1;90
2901;11;1;90
2902;10;1;90
2903;10;1;90
2904;10;1;90
2905;9;1;90
2906;9;1;90
2907;8;1;90
2908;8;1;90
2909;8;1;90
2910;7;1;90
2911;6;1;90
2944;1;33;92
2945;1;1;92
2976;2;31;93
2977;1;1;93
2978;73;1;93
2979;72;1;93
2980;72;1;93
2981;71;1;93
2982;71;1;93
2983;70;1;93
2984;70;1;93
2985;69;1;93
2986;68;1;93
2987;68;1;93
2988;68;1;93
2989;67;1;93
2990;14;1;93
2991;14;1;93
2992;13;1;93
2993;12;1;93
2994;12;1;93
2995;12;1;93
2996;11;1;93
2997;11;1;93
2998;10;1;93
2999;10;1;93
3000;10;1;93
3001;9;1;93
3002;9;1;93
3003;8;1;93
3004;8;1;93
3005;8;1;93
3006;7;1;93
3007;7;1;93
3008;1;1;94
3009;1;1;94
3010;1;1;94
3011;77;1;94
3012;76;1;94
3013;76;1;94
3014;76;1;94
3015;75;1;94
3016;75;1;94
3017;74;1;94
3018;74;1;94
3019;74;1;94
3020;73;1;94
3021;73;1;94
3022;72;1;94
3023;72;1;94
3024;72;1;94
3025;71;1;94
3026;12;1;94
3027;12;1;94
3028;11;1;94
3029;11;1;94
3030;11;1;94
3031;10;1;94
3032;10;1;94
3033;9;1;94
3034;9;1;94
3035;8;1;94
3036;8;1;94
3037;7;1;94
3038;7;1;94
3039;7;1;94
3040;2;1;95
3041;1;1;95
3042;1;1;95
3043;1;1;95
3044;2;1;95
3045;1;1;95
3046;1;1;95
3047;1;1;95
3048;1;1;95
3049;1;1;95
3050;1;1;95
3051;1;1;95
3052;1;1;95
3053;1;1;95
3054;1;1;95
3055;1;1;95
3056;1;1;95
3057;1;1;95
3058;1;1;95
3059;1;1;95
3060;1;1;95
3061;1;1;95
3062;1;1;95
3063;1;1;95
3064;9;1;95
3065;8;1;95
3066;8;1;95
3067;7;1;95
3068;7;1;95
3069;7;1;95
3070;6;1;95
3071;6;1;95
3072;1;1;96
3073;1;1;96
3074;1;1;96
3075;1;1;96
3076;130;1;96
3077;129;1;96
3078;129;1;96
3079;129;1;96
3080;75;1;96
3081;75;1;96
3082;74;1;96
3083;74;1;96
3084;74;1;96
3085;73;1;96
3086;73;1;96
3087;72;1;96
3088;72;1;96
3089;71;1;96
3090;71;1;96
3091;70;1;96
3092;70;1;96
3093;70;1;96
3094;69;1;96
3095;69;1;96
3096;69;1;96
3097;68;1;96
3098;9;1;96
3099;8;1;96
3100;8;1;96
3101;7;1;96
3102;7;1;96
3103;6;1;96
3104;1;1;97
3105;1;1;97
3106;1;1;97
3107;1;1;97
3108;2;1;97
3109;1;1;97
3110;1;1;97
3111;1;1;97
3112;1;1;97
3113;128;1;97
3114;127;1;97
3115;127;1;97
3116;74;1;97
3117;74;1;97
3118;73;1;97
3119;73;1;97
3120;72;1;97
3121;72;1;97
3122;72;1;97
3123;71;1;97
3124;71;1;97
3125;70;1;97
3126;70;1;97
3127;69;1;97
3128;69;1;97
3129;69;1;97
3130;68;1;97
3131;68;1;97
3132;67;1;97
3133;67;1;97
3134;6;1;97
3135;6;1;97
3136;1;1;98
3137;1;1;98
3138;1;1;98
3139;1;1;98
3140;1;1;98
3141;1;1;98
3142;1;1;98
3143;1;1;98
3144;1;1;98
3145;1;1;98
3146;1;1;98
3147;1;1;98
3148;1;1;98
3149;1;1;98
3150;1;1;98
3151;1;1;98
3152;1;1;98
3153;2;1;98
3154;1;1;98
3155;11;1;98
3156;10;1;98
3157;10;1;98
3158;10;1;98
3159;9;1;98
3160;8;1;98
3161;8;1;98
3162;8;1;98
3163;7;1;98
3164;7;1;98
3165;6;1;98
3166;6;1;98
3167;5;1;98
3168;11;1;99
3169;1;1;99
3170;1;1;99
3200;1;30;100
3201;1;1;100
3202;1;1;100
3203;1;1;100
3204;1;1;100
3205;1;1;100
3206;1;1;100
3207;1;1;100
3208;1;1;100
3209;1;1;100
3210;1;1;100
3211;1;1;100
3212;2;1;100
3213;1;1;100
3214;2;1;100
3215;1;1;100
3216;1;1;100
3217;1;1;100
3218;1;1;100
3219;1;1;100
3220;1;1;100
3221;1;1;100
3222;1;1;100
3223;2;1;100
3224;1;1;100
3225;1;1;100
3226;1;1;100
3227;1;1;100
3228;1;1;100
3229;1;1;100
3230;2;1;100
3231;1;1;100
3232;1;1;101
3233;1;1;101
3234;1;1;101
3235;1;1;101
3236;1;1;101
3237;1;1;101
3238;1;1;101
3239;1;1;101
3240;1;1;101
3241;1;1;101
3242;74;1;101
3243;74;1;101
3244;73;1;101
3245;73;1;101
3246;73;1;101
3247;72;1;101
3248;72;1;101
3249;71;1;101
3250;71;1;101
3251;70;1;101
3252;70;1;101
3253;70;1;101
3254;69;1;101
3255;69;1;101
3256;69;1;101
3257;68;1;101
3258;68;1;101
3259;67;1;101
3260;8;1;101
3261;7;1;101
3262;7;1;101
3263;6;1;101
3264;1;1;102
3265;2;1;102
3266;71;1;102
3267;71;1;102
3268;71;1;102
3269;70;1;102
3270;70;1;102
3271;69;1;102
3272;69;1;102
3273;68;1;102
3274;68;1;102
3275;67;1;102
3276;67;1;102
3277;66;1;102
3278;13;1;102
3279;13;1;102
3280;13;1;102
3281;12;1;102
3282;12;1;102
3283;11;1;102
3284;11;1;102
3285;10;1;102
3286;10;1;102
3287;9;1;102
3288;9;1;102
3289;8;1;102
3290;8;1;102
3291;8;1;102
3292;7;1;102
3293;7;1;102
3294;7;1;102
3295;6;1;102
3296;1;1;103
3297;1;1;103
3298;1;1;103
3299;1;1;103
3300;1;1;103
3301;77;1;103
3302;77;1;103
3303;76;1;103
3304;76;1;103
3305;75;1;103
3306;75;1;103
3307;74;1;103
3308;74;1;103
3309;74;1;103
3310;73;1;103
3311;73;1;103
3312;72;1;103
3313;72;1;103
3314;12;1;103
3315;12;1;103
3316;12;1;103
3317;11;1;103
3318;11;1;103
3319;11;1;103
3320;10;1;103
3321;10;1;103
3322;9;1;103
3323;9;1;103
3324;8;1;103
3325;8;1;103
3326;7;1;103
3327;7;1;103
3328;2;1;104
3329;1;1;104
3330;1;1;104
3331;1;1;104
3332;1;1;104
3333;1;1;104
3334;1;1;104
3335;1;1;104
3336;2;1;104
3337;1;1;104
3338;2;1;104
3339;1;1;104
3340;73;1;104
3341;72;1;104
3342;72;1;104
3343;72;1;104
3344;71;1;104
3345;71;1;104
3346;71;1;104
3347;71;1;104
3348;71;1;104
3349;70;1;104
3350;11;1;104
3351;10;1;104
3352;10;1;104
3353;9;1;104
3354;9;1;104
3355;8;1;104
3356;8;1;104
3357;7;1;104
3358;7;1;104
3359;7;1;104
3360;1;1;105
3361;1;1;105
3362;1;1;105
3363;1;1;105
3364;1;1;105
3365;1;1;105
3366;1;1;105
3367;1;1;105
3368;1;1;105
3369;1;1;105
3370;1;1;105
3371;1;1;105
3372;1;1;105
3373;1;1;105
3374;1;1;105
3375;1;1;105
3376;70;1;105
3377;70;1;105
3378;70;1;105
3379;69;1;105
3380;69;1;105
3381;69;1;105
3382;68;1;105
3383;67;1;105
3384;67;1;105
3385;67;1;105
3386;66;1;105
3387;8;1;105
3388;7;1;105
3389;7;1;105
3390;7;1;105
3391;6;1;105
3392;1;1;106
3393;1;1;106
3394;1;1;106
3395;1;1;106
3396;1;1;106
3397;1;1;106
3398;1;1;106
3399;2;1;106
3400;1;1;106
3401;1;1;106
3402;1;1;106
3403;1;1;106
3404;124;1;106
3405;70;1;106
3406;70;1;106
3407;69;1;106
3408;69;1;106
3409;68;1;106
3410;68;1;106
3411;68;1;106
3412;67;1;106
3413;67;1;106
3414;66;1;106
3415;66;1;106
3416;65;1;106
3417;65;1;106
3418;64;1;106
3419;64;1;106
3420;64;1;106
3421;63;1;106
3422;63;1;106
3423;5;1;106
3424;1;1;107
3425;2;1;107
3426;1;1;107
3427;1;1;107
3428;1;1;107
3429;1;1;107
3430;1;1;107
3431;70;1;107
3432;70;1;107
3433;69;1;107
3434;69;1;107
3435;68;1;107
3436;68;1;107
3437;67;1;107
3438;67;1;107
3439;66;1;107
3440;13;1;107
3441;12;1;107
3442;12;1;107
3443;11;1;107
3444;11;1;107
3445;11;1;107
3446;10;1;107
3447;10;1;107
3448;9;1;107
3449;9;1;107
3450;8;1;107
3451;8;1;107
3452;7;1;107
3453;7;1;107
3454;6;1;107
3455;6;1;107
3456;1;1;108
3457;1;1;108
3458;1;1;108
3459;1;1;108
3460;2;1;108
3461;1;1;108
3462;1;1;108
3463;1;1;108
3464;75;1;108
3465;74;1;108
3466;74;1;108
3467;74;1;108
3468;73;1;108
3469;73;1;108
3470;72;1;108
3471;72;1;108
3472;71;1;108
3473;71;1;108
3474;71;1;108
3475;70;1;108
3476;10;1;108
3477;10;1;108
3478;10;1;108
3479;9;1;108
3480;9;1;108
3481;8;1;108
3482;8;1;108
3483;7;1;108
3484;7;1;108
3485;7;1;108
3486;6;1;108
3487;6;1;108
3488;2;1;109
3489;1;1;109
3490;1;1;109
3491;1;1;109
3492;1;1;109
3493;1;1;109
3494;1;1;109
3495;2;1;109
3496;1;1;109
3497;1;1;109
3498;1;1;109
3499;1;1;109
3500;1;1;109
3501;1;1;109
3502;1;1;109
3503;1;1;109
3504;2;1;109
3505;1;1;109
3506;1;1;109
3507;1;1;109
3508;67;1;109
3509;67;1;109
3510;66;1;109
3511;66;1;109
3512;8;1;109
3513;8;1;109
3514;8;1;109
3515;7;1;109
3516;7;1;109
3517;6;1;109
3518;6;1;109
3519;6;1;109
3520;2;1;110
3521;1;1;110
3522;132;1;110
3523;132;1;110
3524;131;1;110
3525;131;1;110
3526;130;1;110
3527;129;1;110
3528;129;1;110
3529;128;1;110
3530;75;1;110
3531;74;1;110
3532;74;1;110
3533;73;1;110
3534;73;1;110
3535;73;1;110
3536;72;1;110
3537;72;1;110
3538;71;1;110
3539;71;1;110
3540;71;1;110
3541;70;1;110
3542;70;1;110
3543;69;1;110
3544;69;1;110
3545;69;1;110
3546;68;1;110
3547;68;1;110
3548;9;1;110
3549;8;1;110
3550;8;1;110
3551;7;1;110
3552;1;1;111
3553;1;1;111
3554;1;1;111
3555;137;1;111
3556;137;1;111
3557;137;1;111
3558;137;1;111
3559;136;1;111
3560;135;1;111
3561;135;1;111
3562;134;1;111
3563;134;1;111
3564;133;1;111
3565;80;1;111
3566;80;1;111
3567;79;1;111
3568;79;1;111
3569;79;1;111
3570;78;1;111
3571;78;1;111
3572;77;1;111
3573;77;1;111
3574;76;1;111
3575;76;1;111
3576;75;1;111
3577;76;1;111
3578;75;1;111
3579;75;1;111
3580;75;1;111
3581;74;1;111
3582;74;1;111
3583;7;1;111
3584;75;1;112
3585;75;1;112
3586;74;1;112
3587;74;1;112
3588;74;1;112
3589;73;1;112
3590;73;1;112
3591;72;1;112
3592;72;1;112
3593;72;1;112
3594;71;1;112
3595;71;1;112
3596;70;1;112
3597;70;1;112
3598;69;1;112
3599;69;1;112
3600;20;1;112
3601;19;1;112
3602;19;1;112
3603;18;1;112
3604;18;1;112
3605;17;1;112
3606;17;1;112
3607;16;1;112
3608;16;1;112
3609;9;1;112
3610;9;1;112
3611;8;1;112
3612;8;1;112
3613;8;1;112
3614;7;1;112
3615;7;1;112
3616;2;1;113
3617;1;1;113
3618;1;1;113
3619;1;1;113
3620;1;1;113
3621;1;1;113
3622;1;1;113
3623;1;1;113
3624;1;1;113
3625;1;1;113
3626;1;1;113
3627;1;1;113
3628;1;1;113
3629;1;1;113
3630;1;1;113
3631;1;1;113
3632;2;1;113
3633;1;1;113
3634;1;1;113
3635;1;1;113
3636;1;1;113
3637;1;1;113
3638;2;1;113
3639;1;1;113
3640;2;1;113
3641;1;1;113
3642;1;1;113
3643;1;1;113
3644;1;1;113
3645;1;1;113
3646;1;1;113
3647;2;1;113
3648;98;1;114
3649;98;1;114
3650;98;1;114
3651;73;1;114
3652;73;1;114
3653;72;1;114
3654;72;1;114
3655;71;1;114
3656;71;1;114
3657;70;1;114
3658;70;1;114
3659;70;1;114
3660;69;1;114
3661;69;1;114
3662;68;1;114
3663;68;1;114
3664;67;1;114
3665;67;1;114
3666;67;1;114
3667;66;1;114
3668;66;1;114
3669;65;1;114
3670;65;1;114
3671;65;1;114
3672;64;1;114
3673;64;1;114
3674;63;1;114
3675;63;1;114
3676;62;1;114
3677;62;1;114
3678;7;1;114
3679;7;1;114
3680;2;1;115
3681;1;1;115
3682;1;1;115
3683;1;1;115
3684;1;1;115
3685;1;1;115
3686;2;1;115
3687;1;1;115
3688;1;1;115
3689;1;1;115
3690;2;1;115
3691;1;1;115
3692;1;1;115
3693;1;1;115
3694;63;1;115
3695;63;1;115
3696;62;1;115
3697;62;1;115
3698;61;1;115
3699;61;1;115
3700;60;1;115
3701;10;1;115
3702;10;1;115
3703;9;1;115
3704;9;1;115
3705;8;1;115
3706;8;1;115
3707;7;1;115
3708;7;1;115
3709;6;1;115
3710;6;1;115
3711;6;1;115
3712;1;1;116
3713;1;1;116
3714;71;1;116
3715;71;1;116
3716;71;1;116
3717;70;1;116
3718;69;1;116
3719;69;1;116
3720;69;1;116
3721;68;1;116
3722;68;1;116
3723;15;1;116
3724;15;1;116
3725;14;1;116
3726;14;1;116
3727;13;1;116
3728;13;1;116
3729;13;1;116
3730;12;1;116
3731;12;1;116
3732;11;1;116
3733;11;1;116
3734;10;1;116
3735;10;1;116
3736;10;1;116
3737;9;1;116
3738;9;1;116
3739;8;1;116
3740;8;1;116
3741;7;1;116
3742;7;1;116
3743;6;1;116
3744;1;1;117
3745;2;1;117
3746;1;1;117
3747;2;1;117
3748;1;1;117
3749;1;1;117
3750;1;1;117
3751;1;1;117
3752;1;1;117
3753;1;1;117
3754;1;1;117
3755;1;1;117
3756;1;1;117
3757;1;1;117
3758;69;1;117
3759;69;1;117
3760;68;1;117
3761;69;1;117
3762;68;1;117
3763;68;1;117
3764;11;1;117
3765;10;1;117
3766;10;1;117
3767;9;1;117
3768;9;1;117
3769;9;1;117
3770;8;1;117
3771;8;1;117
3772;7;1;117
3773;7;1;117
3774;6;1;117
3775;6;1;117
3776;2;1;118
3777;1;1;118
3778;1;1;118
3779;1;1;118
3780;2;1;118
3781;1;1;118
3782;1;1;118
3783;1;1;118
3784;1;1;118
3785;1;1;118
3786;1;1;118
3787;1;1;118
3788;1;1;118
3789;1;1;118
3808;75;19;119
3809;74;1;119
3810;74;1;119
3811;74;1;119
3812;73;1;119
3813;72;1;119
3814;71;1;119
3815;71;1;119
3816;71;1;119
3817;70;1;119
3818;69;1;119
3819;69;1;119
3820;68;1;119
3821;68;1;119
3822;68;1;119
3823;14;1;119
3824;13;1;119
3825;13;1;119
3826;12;1;119
3827;12;1;119
3828;11;1;119
3829;11;1;119
3830;11;1;119
3831;10;1;119
3832;10;1;119
3833;9;1;119
3834;9;1;119
3835;9;1;119
3836;8;1;119
3837;7;1;119
3838;7;1;119
3839;6;1;119
3840;1;1;120
3841;1;1;120
3842;2;1;120
3843;1;1;120
3844;1;1;120
3845;1;1;120
3846;1;1;120
3847;1;1;120
3872;1;25;121
3873;130;1;121
3874;129;1;121
3875;129;1;121
3876;128;1;121
3877;127;1;121
3878;127;1;121
3879;75;1;121
3880;74;1;121
3881;74;1;121
3882;73;1;121
3883;73;1;121
3884;73;1;121
3885;72;1;121
3886;72;1;121
3887;71;1;121
3888;71;1;121
3889;71;1;121
3890;70;1;121
3891;70;1;121
3892;69;1;121
3893;69;1;121
3894;68;1;121
3895;68;1;121
3896;67;1;121
3897;67;1;121
3898;8;1;121
3899;8;1;121
3900;7;1;121
3901;7;1;121
3902;6;1;121
3903;6;1;121
3904;1;1;122
3905;1;1;122
3906;73;1;122
3907;73;1;122
3908;72;1;122
3909;72;1;122
3910;71;1;122
3911;70;1;122
3912;70;1;122
3913;70;1;122
3914;69;1;122
3915;69;1;122
3916;69;1;122
3917;14;1;122
3918;14;1;122
3919;13;1;122
3920;13;1;122
3921;12;1;122
3922;12;1;122
3923;11;1;122
3924;11;1;122
3925;10;1;122
3926;10;1;122
3927;9;1;122
3928;9;1;122
3929;9;1;122
3930;8;1;122
3931;8;1;122
3932;7;1;122
3933;7;1;122
3934;7;1;122
3935;6;1;122
3936;1;1;123
3937;1;1;123
3938;1;1;123
3939;1;1;123
3940;75;1;123
3941;76;1;123
3942;76;1;123
3943;75;1;123
3944;75;1;123
3945;74;1;123
3946;74;1;123
3947;73;1;123
3948;73;1;123
3949;73;1;123
3950;72;1;123
3951;72;1;123
3952;72;1;123
3953;71;1;123
3954;71;1;123
3955;12;1;123
3956;12;1;123
3957;12;1;123
3958;11;1;123
3959;11;1;123
3960;10;1;123
3961;10;1;123
3962;9;1;123
3963;9;1;123
3964;8;1;123
3965;8;1;123
3966;7;1;123
3967;7;1;123
3968;2;1;124
3969;1;1;124
3970;1;1;124
3971;1;1;124
3972;1;1;124
3973;1;1;124
3974;2;1;124
3975;1;1;124
3976;1;1;124
3977;1;1;124
3978;1;1;124
3979;1;1;124
3980;1;1;124
3981;71;1;124
3982;71;1;124
3983;71;1;124
3984;70;1;124
3985;70;1;124
3986;69;1;124
3987;69;1;124
3988;69;1;124
3989;68;1;124
3990;68;1;124
3991;67;1;124
3992;67;1;124
3993;9;1;124
3994;8;1;124
3995;7;1;124
3996;7;1;124
3997;7;1;124
3998;6;1;124
3999;6;1;124
4000;2;1;125
4001;1;1;125
4002;1;1;125
4003;1;1;125
4004;2;1;125
4005;1;1;125
4006;1;1;125
4007;1;1;125
4008;1;1;125
4009;1;1;125
4010;1;1;125
4011;73;1;125
4012;72;1;125
4013;72;1;125
4014;71;1;125
4015;71;1;125
4016;70;1;125
4017;70;1;125
4018;70;1;125
4019;69;1;125
4020;69;1;125
4021;69;1;125
4022;68;1;125
4023;68;1;125
4024;68;1;125
4025;67;1;125
4026;67;1;125
4027;66;1;125
4028;66;1;125
4029;8;1;125
4030;7;1;125
4031;7;1;125
4032;2;1;126
4033;72;1;126
4034;72;1;126
4035;71;1;126
4036;71;1;126
4037;70;1;126
4038;70;1;126
4039;70;1;126
4040;69;1;126
4041;68;1;126
4042;68;1;126
4043;67;1;126
4044;67;1;126
4045;66;1;126
4046;66;1;126
4047;13;1;126
4048;13;1;126
4049;13;1;126
4050;12;1;126
4051;12;1;126
4052;11;1;126
4053;11;1;126
4054;11;1;126
4055;10;1;126
4056;10;1;126
4057;9;1;126
4058;9;1;126
4059;8;1;126
4060;8;1;126
4061;7;1;126
4062;7;1;126
4063;7;1;126
4064;1;1;127
4065;1;1;127
4066;78;1;127
4067;78;1;127
4068;78;1;127
4069;77;1;127
4070;77;1;127
4071;76;1;127
4072;76;1;127
4073;75;1;127
4074;75;1;127
4075;74;1;127
4076;74;1;127
4077;74;1;127
4078;73;1;127
4079;73;1;127
4080;73;1;127
4081;72;1;127
4082;72;1;127
4083;12;1;127
4084;12;1;127
4085;11;1;127
4086;11;1;127
4087;10;1;127
4088;10;1;127
4089;9;1;127
4090;9;1;127
4091;8;1;127
4092;8;1;127
4093;8;1;127
4094;7;1;127
4095;7;1;127
4096;1;1;128
4097;1;1;128
4098;1;1;128
4099;1;1;128
4100;1;1;128
4101;1;1;128
4102;1;1;128
4103;1;1;128
4104;1;1;128
4105;1;1;128
4106;1;1;128
4107;1;1;128
4108;1;1;128
4109;1;1;128
4110;1;1;128
4111;1;1;128
4112;1;1;128
4113;1;1;128
4114;1;1;128
4115;1;1;128
4116;67;1;128
4117;67;1;128
4118;67;1;128
4119;10;1;128
4120;9;1;128
4121;9;1;128
4122;8;1;128
4123;8;1;128
4124;7;1;128
4125;7;1;128
4126;6;1;128
4127;6;1;128
4128;1;1;129
4129;2;1;129
4130;1;1;129
4131;1;1;129
4132;1;1;129
4133;1;1;129
4134;1;1;129
4135;1;1;129
4136;1;1;129
4137;1;1;129
4138;1;1;129
4139;1;1;129
4140;1;1;129
4141;1;1;129
4142;1;1;129
4143;1;1;129
4144;1;1;129
4145;1;1;129
4146;1;1;129
4147;1;1;129
4148;1;1;129
4149;2;1;129
4150;1;1;129
4151;2;1;129
4152;1;1;129
4153;1;1;129
4154;1;1;129
4155;1;1;129
4156;1;1;129
4157;1;1;129
4158;1;1;129
4159;5;1;129
4160;1;1;130
4161;1;1;130
4162;1;1;130
4163;132;1;130
4164;131;1;130
4165;131;1;130
4166;130;1;130
4167;130;1;130
4168;129;1;130
4169;129;1;130
4170;128;1;130
4171;128;1;130
4172;127;1;130
4173;75;1;130
4174;74;1;130
4175;74;1;130
4176;73;1;130
4177;73;1;130
4178;72;1;130
4179;72;1;130
4180;71;1;130
4181;71;1;130
4182;70;1;130
4183;70;1;130
4184;69;1;130
4185;69;1;130
4186;69;1;130
4187;68;1;130
4188;68;1;130
4189;67;1;130
4190;67;1;130
4191;6;1;130
4192;71;1;131
4193;70;1;131
4194;70;1;131
4195;69;1;131
4196;69;1;131
4197;69;1;131
4198;68;1;131
4199;68;1;131
4200;67;1;131
4201;67;1;131
4202;66;1;131
4203;66;1;131
4204;65;1;131
4205;65;1;131
4206;64;1;131
4207;64;1;131
4208;63;1;131
4209;12;1;131
4210;12;1;131
4211;11;1;131
4212;11;1;131
4213;10;1;131
4214;10;1;131
4215;10;1;131
4216;9;1;131
4217;9;1;131
4218;9;1;131
4219;8;1;131
4220;8;1;131
4221;7;1;131
4222;7;1;131
4223;7;1;131
4224;1;1;132
4225;1;1;132
4226;1;1;132
4227;1;1;132
4228;1;1;132
4229;1;1;132
4230;1;1;132
4231;1;1;132
4232;1;1;132
4233;1;1;132
4234;1;1;132
4235;2;1;132
4236;1;1;132
4237;2;1;132
4238;1;1;132
4239;1;1;132
4240;71;1;132
4241;71;1;132
4242;71;1;132
4243;70;1;132
4244;70;1;132
4245;11;1;132
4246;10;1;132
4247;10;1;132
4248;9;1;132
4249;9;1;132
4250;8;1;132
4251;8;1;132
4252;7;1;132
4253;7;1;132
4254;7;1;132
4255;6;1;132
4256;2;1;133
4257;1;1;133
4258;2;1;133
4259;1;1;133
4260;130;1;133
4261;129;1;133
4262;129;1;133
4263;76;1;133
4264;76;1;133
4265;75;1;133
4266;75;1;133
4267;74;1;133
4268;74;1;133
4269;73;1;133
4270;73;1;133
4271;73;1;133
4272;72;1;133
4273;72;1;133
4274;71;1;133
4275;71;1;133
4276;70;1;133
4277;70;1;133
4278;70;1;133
4279;69;1;133
4280;69;1;133
4281;9;1;133
4282;8;1;133
4283;8;1;133
4284;8;1;133
4285;7;1;133
4286;7;1;133
4287;6;1;133
4288;1;1;134
4289;2;1;134
4290;1;1;134
4291;1;1;134
4292;1;1;134
4293;1;1;134
4294;2;1;134
4295;1;1;134
4296;2;1;134
4297;1;1;134
4298;1;1;134
4299;1;1;134
4300;2;1;134
4301;1;1;134
4302;1;1;134
4303;1;1;134
4304;1;1;134
4305;1;1;134
4306;1;1;134
4307;1;1;134
4308;1;1;134
4309;1;1;134
4310;1;1;134
4311;1;1;134
4312;1;1;134
4313;67;1;134
4314;66;1;134
4315;66;1;134
4316;65;1;134
4317;7;1;134
4318;7;1;134
4319;6;1;134
4352;1;33;136
4353;1;1;136
4354;1;1;136
4355;1;1;136
4356;1;1;136
4357;1;1;136
4358;1;1;136
4359;1;1;136
4360;1;1;136
4361;1;1;136
4362;1;1;136
4363;1;1;136
4364;1;1;136
4365;1;1;136
4366;1;1;136
4367;1;1;136
4368;1;1;136
4369;1;1;136
4370;1;1;136
4371;2;1;136
4372;11;1;136
4373;11;1;136
4374;10;1;136
4375;10;1;136
4376;9;1;136
4377;9;1;136
4378;9;1;136
4379;8;1;136
4380;8;1;136
4381;8;1;136
4382;7;1;136
4383;7;1;136
4384;2;1;137
4385;1;1;137
4386;130;1;137
4387;129;1;137
4388;129;1;137
4389;77;1;137
4390;76;1;137
4391;76;1;137
4392;75;1;137
4393;75;1;137
4394;74;1;137
4395;74;1;137
4396;73;1;137
4397;73;1;137
4398;73;1;137
4399;72;1;137
4400;72;1;137
4401;71;1;137
4402;71;1;137
4403;70;1;137
4404;70;1;137
4405;69;1;137
4406;69;1;137
4407;10;1;137
4408;9;1;137
4409;9;1;137
4410;9;1;137
4411;8;1;137
4412;8;1;137
4413;7;1;137
4414;7;1;137
4415;6;1;137
4416;1;1;138
4417;1;1;138
4418;1;1;138
4419;1;1;138
4420;1;1;138
4421;1;1;138
4422;1;1;138
4423;1;1;138
4448;1;25;139
4449;2;1;139
4450;130;1;139
4451;130;1;139
4452;130;1;139
4453;129;1;139
4454;128;1;139
4455;127;1;139
4456;127;1;139
4457;127;1;139
4458;126;1;139
4459;126;1;139
4460;125;1;139
4461;71;1;139
4462;71;1;139
4463;70;1;139
4464;70;1;139
4465;70;1;139
4466;69;1;139
4467;69;1;139
4468;68;1;139
4469;68;1;139
4470;67;1;139
4471;67;1;139
4472;66;1;139
4473;66;1;139
4474;65;1;139
4475;65;1;139
4476;65;1;139
4477;64;1;139
4478;64;1;139
4479;6;1;139
4480;1;1;140
4481;2;1;140
4482;1;1;140
4483;1;1;140
4484;1;1;140
4485;1;1;140
4486;1;1;140
4487;1;1;140
4512;1;25;141
4513;1;1;141
4514;1;1;141
4515;1;1;141
4516;1;1;141
4517;1;1;141
4518;1;1;141
4519;1;1;141
4520;2;1;141
4521;1;1;141
4522;74;1;141
4523;73;1;141
4524;73;1;141
4525;73;1;141
4526;72;1;141
4527;72;1;141
4528;72;1;141
4529;71;1;141
4530;70;1;141
4531;70;1;141
4532;70;1;141
4533;11;1;141
4534;11;1;141
4535;10;1;141
4536;10;1;141
4537;9;1;141
4538;9;1;141
4539;8;1;141
4540;8;1;141
4541;7;1;141
4542;7;1;141
4543;6;1;141
4544;1;1;142
4545;1;1;142
4546;1;1;142
4547;1;1;142
4548;1;1;142
4549;1;1;142
4550;1;1;142
4551;1;1;142
4552;1;1;142
4553;1;1;142
4554;1;1;142
4555;1;1;142
4556;71;1;142
4557;71;1;142
4558;70;1;142
4559;70;1;142
4560;69;1;142
4561;69;1;142
4562;68;1;142
4563;68;1;142
4564;68;1;142
4565;67;1;142
4566;67;1;142
4567;66;1;142
4568;66;1;142
4569;9;1;142
4570;8;1;142
4571;8;1;142
4572;7;1;142
4573;7;1;142
4574;6;1;142
4575;6;1;142
4576;2;1;143
4577;1;1;143
4578;1;1;143
4579;1;1;143
4580;1;1;143
4581;1;1;143
4582;1;1;143
4583;1;1;143
4584;1;1;143
4585;1;1;143
4586;1;1;143
4587;1;1;143
4588;73;1;143
4589;72;1;143
4590;72;1;143
4591;72;1;143
4592;71;1;143
4593;71;1;143
4594;70;1;143
4595;70;1;143
4596;69;1;143
4597;69;1;143
4598;68;1;143
4599;68;1;143
4600;67;1;143
4601;67;1;143
4602;66;1;143
4603;66;1;143
4604;65;1;143
4605;7;1;143
4606;6;1;143
4607;6;1;143
4608;2;1;144
4609;1;1;144
4610;1;1;144
4611;1;1;144
4612;1;1;144
4613;1;1;144
4614;1;1;144
4615;1;1;144
4616;1;1;144
4617;1;1;144
4618;1;1;144
4619;1;1;144
4620;1;1;144
4621;1;1;144
4622;1;1;144
4623;1;1;144
4624;1;1;144
4625;1;1;144
4626;1;1;144
4627;1;1;144
4628;1;1;144
4629;1;1;144
4630;1;1;144
4631;1;1;144
4632;1;1;144
4633;1;1;144
4634;8;1;144
4635;7;1;144
4636;7;1;144
4637;7;1;144
4638;6;1;144
4639;6;1;144
4640;131;1;145
4641;76;1;145
4642;76;1;145
4643;75;1;145
4644;75;1;145
4645;75;1;145
4646;74;1;145
4647;74;1;145
4648;74;1;145
4649;73;1;145
4650;73;1;145
4651;72;1;145
4652;72;1;145
4653;71;1;145
4654;71;1;145
4655;70;1;145
4656;70;1;145
4657;69;1;145
4658;69;1;145
4659;11;1;145
4660;11;1;145
4661;10;1;145
4662;10;1;145
4663;10;1;145
4664;10;1;145
4665;9;1;145
4666;9;1;145
4667;8;1;145
4668;8;1;145
4669;7;1;145
4670;7;1;145
4671;6;1;145
4672;1;1;146
4673;1;1;146
4674;1;1;146
4675;1;1;146
4676;1;1;146
4677;1;1;146
4678;1;1;146
4679;1;1;146
4680;1;1;146
4681;1;1;146
4682;1;1;146
4683;73;1;146
4684;73;1;146
4685;72;1;146
4686;72;1;146
4687;71;1;146
4688;71;1;146
4689;71;1;146
4690;70;1;146
4691;70;1;146
4692;69;1;146
4693;69;1;146
4694;69;1;146
4695;9;1;146
4696;9;1;146
4697;8;1;146
4698;8;1;146
4699;8;1;146
4700;7;1;146
4701;7;1;146
4702;6;1;146
4703;6;1;146
4704;1;1;147
4705;1;1;147
4706;1;1;147
4707;1;1;147
4708;1;1;147
4709;1;1;147
4710;1;1;147
4711;1;1;147
4712;1;1;147
4713;1;1;147
4714;1;1;147
4715;1;1;147
4716;1;1;147
4717;1;1;147
4718;1;1;147
4719;1;1;147
4720;2;1;147
4721;1;1;147
4722;1;1;147
4723;1;1;147
4724;1;1;147
4725;1;1;147
4726;1;1;147
4727;0;1;147
4728;1;1;147
4729;1;1;147
4730;1;1;147
4731;73;1;147
4732;8;1;147
4733;7;1;147
4734;7;1;147
4735;6;1;147
4736;1;1;148
4737;1;1;148
4738;1;1;148
4739;67;1;148
4740;66;1;148
4741;66;1;148
4742;66;1;148
4743;65;1;148
4744;65;1;148
4745;64;1;148
4746;65;1;148
4747;64;1;148
4748;64;1;148
4749;64;1;148
4750;16;1;148
4751;16;1;148
4752;15;1;148
4753;15;1;148
4754;14;1;148
4755;14;1;148
4756;13;1;148
4757;13;1;148
4758;13;1;148
4759;12;1;148
4760;12;1;148
4761;11;1;148
4762;11;1;148
4763;9;1;148
4764;8;1;148
4765;8;1;148
4766;7;1;148
4767;7;1;148
4768;2;1;149
4769;1;1;149
4770;1;1;149
4771;1;1;149
4772;19;1;149
4773;18;1;149
4774;18;1;149
4775;18;1;149
4776;17;1;149
4777;17;1;149
4778;16;1;149
4779;16;1;149
4780;15;1;149
4781;15;1;149
4782;14;1;149
4783;14;1;149
4784;13;1;149
4785;13;1;149
4786;12;1;149
4787;12;1;149
4788;12;1;149
4789;11;1;149
4790;11;1;149
4791;10;1;149
4792;10;1;149
4793;9;1;149
4794;9;1;149
4795;8;1;149
4796;8;1;149
4797;7;1;149
4798;7;1;149
4799;6;1;149
4800;2;1;150
4801;1;1;150
4802;1;1;150
4803;2;1;150
4804;1;1;150
4805;1;1;150
4806;1;1;150
4807;1;1;150
4808;1;1;150
4809;1;1;150
4810;1;1;150
4811;1;1;150
4812;1;1;150
4813;1;1;150
4814;1;1;150
4815;67;1;150
4816;67;1;150
4817;66;1;150
4818;66;1;150
4819;66;1;150
4820;65;1;150
4821;65;1;150
4822;64;1;150
4823;64;1;150
4824;63;1;150
4825;63;1;150
4826;62;1;150
4827;61;1;150
4828;61;1;150
4829;60;1;150
4830;6;1;150
4831;6;1;150
4832;1;1;151
4833;1;1;151
4834;1;1;151
4835;2;1;151
4836;1;1;151
4837;1;1;151
4838;1;1;151
4839;1;1;151
4864;2;25;152
4865;1;1;152
4866;1;1;152
4867;1;1;152
4868;1;1;152
4869;1;1;152
4870;1;1;152
4871;1;1;152
4872;1;1;152
4873;1;1;152
4874;2;1;152
4875;1;1;152
4876;1;1;152
4877;1;1;152
4878;1;1;152
4879;1;1;152
4880;1;1;152
4881;1;1;152
4882;1;1;152
4883;2;1;152
4884;1;1;152
4885;1;1;152
4886;1;1;152
4887;1;1;152
4888;1;1;152
4889;1;1;152
4890;1;1;152
4891;1;1;152
4892;1;1;152
4893;1;1;152
4894;1;1;152
4895;1;1;152
4896;2;1;153
4897;1;1;153
4928;1;31;154
4929;1;1;154
4930;1;1;154
4931;1;1;154
4932;1;1;154
4933;1;1;154
4934;1;1;154
4935;75;1;154
4936;75;1;154
4937;74;1;154
4938;74;1;154
4939;73;1;154
4940;73;1;154
4941;72;1;154
4942;72;1;154
4943;72;1;154
4944;71;1;154
4945;71;1;154
4946;70;1;154
4947;70;1;154
4948;69;1;154
4949;69;1;154
4950;68;1;154
4951;10;1;154
4952;9;1;154
4953;9;1;154
4954;8;1;154
4955;8;1;154
4956;7;1;154
4957;7;1;154
4958;7;1;154
4959;6;1;154
4960;131;1;155
4961;131;1;155
4962;130;1;155
4963;130;1;155
4964;129;1;155
4965;128;1;155
4966;128;1;155
4967;127;1;155
4968;127;1;155
4969;127;1;155
4970;73;1;155
4971;72;1;155
4972;72;1;155
4973;71;1;155
4974;71;1;155
4975;70;1;155
4976;70;1;155
4977;70;1;155
4978;69;1;155
4979;69;1;155
4980;69;1;155
4981;68;1;155
4982;68;1;155
4983;67;1;155
4984;67;1;155
4985;66;1;155
4986;66;1;155
4987;66;1;155
4988;65;1;155
4989;8;1;155
4990;7;1;155
4991;7;1;155
4992;2;1;156
4993;1;1;156
4994;1;1;156
4995;72;1;156
4996;71;1;156
4997;71;1;156
4998;71;1;156
4999;70;1;156
5000;70;1;156
5001;69;1;156
5002;69;1;156
5003;68;1;156
5004;68;1;156
5005;67;1;156
5006;67;1;156
5007;67;1;156
5008;13;1;156
5009;13;1;156
5010;12;1;156
5011;12;1;156
5012;11;1;156
5013;11;1;156
5014;10;1;156
5015;11;1;156
5016;10;1;156
5017;10;1;156
5018;9;1;156
5019;9;1;156
5020;8;1;156
5021;8;1;156
5022;7;1;156
5023;7;1;156
5024;2;1;157
5025;1;1;157
5026;1;1;157
5027;2;1;157
5028;1;1;157
5029;1;1;157
5030;1;1;157
5031;1;1;157
5032;1;1;157
5033;1;1;157
5034;1;1;157
5035;1;1;157
5036;1;1;157
5056;1;20;158
5057;2;1;158
5058;1;1;158
5059;1;1;158
5060;2;1;158
5061;1;1;158
5062;1;1;158
5063;1;1;158
5064;1;1;158
5065;1;1;158
5066;1;1;158
5067;2;1;158
5068;1;1;158
5069;1;1;158
5070;70;1;158
5071;70;1;158
5072;69;1;158
5073;69;1;158
5074;69;1;158
5075;68;1;158
5076;68;1;158
5077;67;1;158
5078;67;1;158
5079;66;1;158
5080;66;1;158
5081;9;1;158
5082;8;1;158
5083;8;1;158
5084;7;1;158
5085;7;1;158
5086;6;1;158
5087;6;1;158
5088;1;1;159
5089;131;1;159
5090;131;1;159
5091;130;1;159
5092;130;1;159
5093;129;1;159
5094;128;1;159
5095;128;1;159
5096;127;1;159
5097;127;1;159
5098;126;1;159
5099;73;1;159
5100;73;1;159
5101;72;1;159
5102;72;1;159
5103;71;1;159
5104;71;1;159
5105;70;1;159
5106;70;1;159
5107;70;1;159
5108;69;1;159
5109;69;1;159
5110;68;1;159
5111;68;1;159
5112;68;1;159
5113;67;1;159
5114;67;1;159
5115;66;1;159
5116;66;1;159
5117;65;1;159
5118;7;1;159
5119;6;1;159
5120;1;1;160
5121;72;1;160
5122;71;1;160
5123;71;1;160
5124;70;1;160
5125;70;1;160
5126;70;1;160
5127;69;1;160
5128;69;1;160
5129;68;1;160
5130;67;1;160
5131;67;1;160
5132;67;1;160
5133;66;1;160
5134;66;1;160
5135;65;1;160
5136;13;1;160
5137;12;1;160
5138;13;1;160
5139;12;1;160
5140;12;1;160
5141;12;1;160
5142;11;1;160
5143;11;1;160
5144;10;1;160
5145;10;1;160
5146;9;1;160
5147;9;1;160
5148;9;1;160
5149;8;1;160
5150;8;1;160
5151;7;1;160
5152;2;1;161
5153;1;1;161
5154;1;1;161
5155;1;1;161
5184;1;29;162
5185;1;1;162
5186;1;1;162
5187;1;1;162
5188;1;1;162
5189;1;1;162
5190;1;1;162
5191;1;1;162
5192;75;1;162
5193;75;1;162
5194;75;1;162
5195;74;1;162
5196;74;1;162
5197;73;1;162
5198;73;1;162
5199;72;1;162
5200;72;1;162
5201;72;1;162
5202;67;1;162
5203;67;1;162
5204;67;1;162
5205;66;1;162
5206;66;1;162
5207;65;1;162
5208;10;1;162
5209;9;1;162
5210;9;1;162
5211;8;1;162
5212;8;1;162
5213;7;1;162
5214;7;1;162
5215;6;1;162
5216;1;1;163
5217;1;1;163
5218;1;1;163
5219;1;1;163
5220;1;1;163
5221;1;1;163
5222;1;1;163
5223;1;1;163
5224;1;1;163
5225;128;1;163
5226;75;1;163
5227;74;1;163
5228;74;1;163
5229;74;1;163
5230;74;1;163
5231;74;1;163
5232;73;1;163
5233;73;1;163
5234;73;1;163
5235;72;1;163
5236;72;1;163
5237;71;1;163
5238;71;1;163
5239;71;1;163
5240;70;1;163
5241;70;1;163
5242;70;1;163
5243;69;1;163
5244;9;1;163
5245;8;1;163
5246;8;1;163
5247;8;1;163
5248;2;1;164
5249;15;1;164
5250;1;1;164
5251;1;1;164
5252;1;1;164
5253;1;1;164
5254;1;1;164
5255;1;1;164
5256;1;1;164
5257;1;1;164
5258;1;1;164
5259;1;1;164
5260;1;1;164
5261;51;1;164
5262;14;1;164
5263;13;1;164
5264;13;1;164
5265;12;1;164
5266;12;1;164
5267;12;1;164
5268;11;1;164
5269;11;1;164
5270;10;1;164
5271;10;1;164
5272;9;1;164
5273;9;1;164
5274;9;1;164
5275;8;1;164
5276;8;1;164
5277;7;1;164
5278;7;1;164
5279;6;1;164
5280;2;1;165
5281;1;1;165
5282;1;1;165
5283;1;1;165
5284;76;1;165
5285;75;1;165
5286;75;1;165
5287;75;1;165
5288;74;1;165
5289;74;1;165
5290;73;1;165
5291;73;1;165
5292;73;1;165
5293;72;1;165
5294;72;1;165
5295;71;1;165
5296;71;1;165
5297;70;1;165
5298;12;1;165
5299;12;1;165
5300;11;1;165
5301;11;1;165
5302;10;1;165
5303;10;1;165
5304;9;1;165
5305;9;1;165
5306;8;1;165
5307;8;1;165
5308;7;1;165
5309;7;1;165
5310;7;1;165
5311;6;1;165
5312;2;1;166
5313;1;1;166
5314;1;1;166
5315;132;1;166
5316;80;1;166
5317;79;1;166
5318;79;1;166
5319;78;1;166
5320;78;1;166
5321;78;1;166
5322;77;1;166
5323;77;1;166
5324;76;1;166
5325;76;1;166
5326;75;1;166
5327;75;1;166
5328;74;1;166
5329;74;1;166
5330;74;1;166
5331;73;1;166
5332;73;1;166
5333;72;1;166
5334;11;1;166
5335;10;1;166
5336;10;1;166
5337;9;1;166
5338;9;1;166
5339;9;1;166
5340;8;1;166
5341;8;1;166
5342;7;1;166
5343;7;1;166
5344;2;1;167
5345;1;1;167
5346;1;1;167
5347;1;1;167
5348;1;1;167
5349;1;1;167
5350;1;1;167
5351;1;1;167
5352;1;1;167
5353;1;1;167
5354;1;1;167
5355;1;1;167
5356;1;1;167
5357;72;1;167
5358;71;1;167
5359;71;1;167
5360;70;1;167
5361;71;1;167
5362;71;1;167
5363;70;1;167
5364;70;1;167
5365;69;1;167
5366;69;1;167
5367;68;1;167
5368;68;1;167
5369;67;1;167
5370;8;1;167
5371;8;1;167
5372;8;1;167
5373;7;1;167
5374;7;1;167
5375;6;1;167
5376;1;1;168
5377;1;1;168
5378;1;1;168
5379;130;1;168
5380;130;1;168
5381;129;1;168
5382;129;1;168
5383;128;1;168
5384;128;1;168
5385;127;1;168
5386;127;1;168
5387;126;1;168
5388;73;1;168
5389;72;1;168
5390;72;1;168
5391;71;1;168
5392;71;1;168
5393;70;1;168
5394;70;1;168
5395;70;1;168
5396;69;1;168
5397;69;1;168
5398;69;1;168
5399;68;1;168
5400;68;1;168
5401;67;1;168
5402;67;1;168
5403;66;1;168
5404;66;1;168
5405;66;1;168
5406;7;1;168
5407;6;1;168
5408;1;1;169
5409;2;1;169
5410;1;1;169
5411;1;1;169
5412;1;1;169
5413;1;1;169
5414;1;1;169
5415;1;1;169
5416;1;1;169
5417;1;1;169
5418;71;1;169
5419;71;1;169
5420;71;1;169
5421;70;1;169
5422;70;1;169
5423;70;1;169
5424;15;1;169
5425;14;1;169
5426;14;1;169
5427;13;1;169
5428;13;1;169
5429;12;1;169
5430;12;1;169
5431;11;1;169
5432;11;1;169
5433;10;1;169
5434;10;1;169
5435;10;1;169
5436;9;1;169
5437;9;1;169
5438;8;1;169
5439;8;1;169
5440;1;1;170
5441;2;1;170
5442;1;1;170
5443;1;1;170
5444;1;1;170
5445;1;1;170
5446;86;1;170
5447;86;1;170
5448;85;1;170
5449;85;1;170
5450;85;1;170
5451;84;1;170
5452;84;1;170
5453;83;1;170
5454;83;1;170
5455;82;1;170
5456;82;1;170
5457;81;1;170
5458;81;1;170
5459;81;1;170
5460;22;1;170
5461;21;1;170
5462;21;1;170
5463;20;1;170
5464;20;1;170
5465;20;1;170
5466;19;1;170
5467;19;1;170
5468;19;1;170
5469;18;1;170
5470;18;1;170
5471;18;1;170
5472;1;1;171
5473;1;1;171
5474;1;1;171
5475;1;1;171
5476;1;1;171
5477;1;1;171
5478;1;1;171
5479;1;1;171
5480;1;1;171
5481;1;1;171
5482;1;1;171
5483;1;1;171
5484;1;1;171
5485;1;1;171
5486;1;1;171
5487;1;1;171
5488;1;1;171
5489;1;1;171
5490;1;1;171
5491;1;1;171
5492;1;1;171
5493;1;1;171
5494;1;1;171
5495;1;1;171
5496;1;1;171
5497;1;1;171
5498;1;1;171
5499;7;1;171
5500;7;1;171
5501;6;1;171
5502;6;1;171
5503;5;1;171
5504;1;1;172
5505;131;1;172
5506;130;1;172
5507;130;1;172
5508;129;1;172
5509;129;1;172
5510;128;1;172
5511;128;1;172
5512;127;1;172
5513;127;1;172
5514;72;1;172
5515;72;1;172
5516;71;1;172
5517;71;1;172
5518;71;1;172
5519;70;1;172
5520;70;1;172
5521;70;1;172
5522;70;1;172
5523;70;1;172
5524;69;1;172
5525;69;1;172
5526;69;1;172
5527;68;1;172
5528;68;1;172
5529;67;1;172
5530;67;1;172
5531;66;1;172
5532;8;1;172
5533;8;1;172
5534;7;1;172
5535;7;1;172
5536;2;1;173
5537;1;1;173
5538;1;1;173
5539;1;1;173
5540;1;1;173
5541;1;1;173
5542;2;1;173
5543;1;1;173
5544;1;1;173
5545;1;1;173
5546;1;1;173
5547;1;1;173
5548;2;1;173
5549;1;1;173
5550;2;1;173
5551;1;1;173
5552;1;1;173
5553;1;1;173
5554;1;1;173
5555;1;1;173
5556;1;1;173
5557;1;1;173
5558;10;1;173
5559;9;1;173
5560;9;1;173
5561;9;1;173
5562;8;1;173
5563;8;1;173
5564;8;1;173
5565;7;1;173
5566;7;1;173
5567;6;1;173
5568;1;1;174
5569;1;1;174
5570;1;1;174
5571;1;1;174
5572;1;1;174
5573;1;1;174
5574;2;1;174
5575;1;1;174
5576;1;1;174
5577;1;1;174
5578;1;1;174
5579;1;1;174
5580;1;1;174
5581;1;1;174
5582;1;1;174
5583;1;1;174
5584;1;1;174
5585;2;1;174
5586;2;1;174
5587;1;1;174
5588;1;1;174
5589;1;1;174
5590;1;1;174
5591;9;1;174
5592;8;1;174
5593;8;1;174
5594;8;1;174
5595;7;1;174
5596;7;1;174
5597;6;1;174
5598;6;1;174
5599;6;1;174
5600;1;1;175
5601;130;1;175
5602;129;1;175
5603;129;1;175
5604;128;1;175
5605;128;1;175
5606;127;1;175
5607;74;1;175
5608;73;1;175
5609;73;1;175
5610;72;1;175
5611;72;1;175
5612;72;1;175
5613;71;1;175
5614;71;1;175
5615;70;1;175
5616;69;1;175
5617;69;1;175
5618;68;1;175
5619;68;1;175
5620;67;1;175
5621;67;1;175
5622;67;1;175
5623;66;1;175
5624;66;1;175
5625;8;1;175
5626;8;1;175
5627;7;1;175
5628;7;1;175
5629;7;1;175
5630;6;1;175
5631;7;1;175
5632;2;1;176
5633;1;1;176
5634;1;1;176
5635;1;1;176
5636;1;1;176
5637;1;1;176
5638;2;1;176
5639;1;1;176
5640;2;1;176
5641;1;1;176
5642;1;1;176
5643;1;1;176
5644;1;1;176
5645;1;1;176
5646;1;1;176
5647;1;1;176
5648;1;1;176
5649;1;1;176
5650;1;1;176
5651;1;1;176
5652;1;1;176
5653;1;1;176
5654;1;1;176
5655;1;1;176
5656;1;1;176
5657;1;1;176
5658;1;1;176
5659;1;1;176
5660;1;1;176
5661;1;1;176
5662;1;1;176
5663;1;1;176
5664;1;1;177
5665;1;1;177
5666;1;1;177
5667;1;1;177
5668;70;1;177
5669;70;1;177
5670;70;1;177
5671;70;1;177
5672;69;1;177
5673;69;1;177
5674;68;1;177
5675;68;1;177
5676;67;1;177
5677;67;1;177
5678;66;1;177
5679;13;1;177
5680;13;1;177
5681;12;1;177
5682;12;1;177
5683;11;1;177
5684;11;1;177
5685;10;1;177
5686;10;1;177
5687;9;1;177
5688;9;1;177
5689;9;1;177
5690;8;1;177
5691;8;1;177
5692;7;1;177
5693;7;1;177
5694;6;1;177
5695;6;1;177
5696;2;1;178
5697;1;1;178
5698;1;1;178
5699;1;1;178
5700;1;1;178
5701;1;1;178
5702;1;1;178
5703;2;1;178
5704;1;1;178
5705;1;1;178
5706;1;1;178
5707;1;1;178
5708;1;1;178
5709;1;1;178
5710;1;1;178
5711;1;1;178
5712;1;1;178
5713;1;1;178
5714;1;1;178
5715;10;1;178
5716;10;1;178
5717;10;1;178
5718;9;1;178
5719;9;1;178
5720;8;1;178
5721;8;1;178
5722;7;1;178
5723;7;1;178
5724;7;1;178
5725;6;1;178
5726;6;1;178
5727;5;1;178
5728;1;1;179
5729;1;1;179
5730;1;1;179
5731;1;1;179
5732;1;1;179
5733;1;1;179
5734;2;1;179
5735;1;1;179
5736;1;1;179
5737;1;1;179
5738;1;1;179
5739;1;1;179
5740;1;1;179
5741;1;1;179
5742;1;1;179
5743;1;1;179
5744;1;1;179
5745;2;1;179
5746;70;1;179
5747;70;1;179
5748;70;1;179
5749;69;1;179
5750;69;1;179
5751;10;1;179
5752;9;1;179
5753;9;1;179
5754;8;1;179
5755;8;1;179
5756;7;1;179
5757;7;1;179
5758;6;1;179
5759;6;1;179
5760;2;1;180
5761;1;1;180
5762;1;1;180
5763;1;1;180
5764;1;1;180
5765;137;1;180
5766;137;1;180
5767;136;1;180
5768;136;1;180
5769;84;1;180
5770;83;1;180
5771;83;1;180
5772;82;1;180
5773;82;1;180
5774;81;1;180
5775;81;1;180
5776;81;1;180
5777;80;1;180
5778;80;1;180
5779;79;1;180
5780;79;1;180
5781;78;1;180
5782;78;1;180
5783;77;1;180
5784;77;1;180
5785;76;1;180
5786;76;1;180
5787;16;1;180
5788;16;1;180
5789;16;1;180
5790;15;1;180
5791;15;1;180
5792;2;1;181
5793;1;1;181
5794;122;1;181
5795;122;1;181
5796;121;1;181
5797;121;1;181
5798;120;1;181
5799;120;1;181
5800;119;1;181
5801;119;1;181
5802;108;1;181
5803;108;1;181
5804;107;1;181
5805;73;1;181
5806;73;1;181
5807;72;1;181
5808;72;1;181
5809;71;1;181
5810;71;1;181
5811;70;1;181
5812;70;1;181
5813;70;1;181
5814;69;1;181
5815;69;1;181
5816;68;1;181
5817;68;1;181
5818;67;1;181
5819;67;1;181
5820;67;1;181
5821;66;1;181
5822;66;1;181
5823;7;1;181
5824;2;1;182
5825;1;1;182
5826;2;1;182
5827;1;1;182
5828;71;1;182
5829;70;1;182
5830;70;1;182
5831;69;1;182
5832;69;1;182
5833;69;1;182
5834;68;1;182
5835;68;1;182
5836;67;1;182
5837;67;1;182
5838;66;1;182
5839;66;1;182
5840;65;1;182
5841;12;1;182
5842;12;1;182
5843;12;1;182
5844;11;1;182
5845;11;1;182
5846;10;1;182
5847;10;1;182
5848;9;1;182
5849;9;1;182
5850;9;1;182
5851;8;1;182
5852;8;1;182
5853;7;1;182
5854;7;1;182
5855;6;1;182
5856;1;1;183
5857;1;1;183
5858;1;1;183
5859;1;1;183
5860;2;1;183
5861;1;1;183
5862;1;1;183
5863;1;1;183
5864;1;1;183
5865;82;1;183
5866;82;1;183
5867;81;1;183
5868;81;1;183
5869;81;1;183
5870;80;1;183
5871;80;1;183
5872;79;1;183
5873;79;1;183
5874;78;1;183
5875;78;1;183
5876;77;1;183
5877;11;1;183
5878;11;1;183
5879;10;1;183
5880;10;1;183
5881;9;1;183
5882;9;1;183
5883;8;1;183
5884;8;1;183
5885;7;1;183
5886;6;1;183
5887;6;1;183
5888;1;1;184
5889;2;1;184
5890;1;1;184
5891;1;1;184
5892;1;1;184
5893;1;1;184
5894;1;1;184
5895;1;1;184
5896;1;1;184
5897;1;1;184
5898;1;1;184
5899;1;1;184
5900;1;1;184
5901;36;1;184
5902;36;1;184
5903;36;1;184
5904;35;1;184
5905;35;1;184
5906;28;1;184
5907;27;1;184
5908;28;1;184
5909;27;1;184
5910;27;1;184
5911;27;1;184
5912;26;1;184
5913;26;1;184
5914;25;1;184
5915;25;1;184
5916;25;1;184
5917;24;1;184
5918;24;1;184
5919;24;1;184
5952;2;33;186
5953;1;1;186
5954;1;1;186
5955;1;1;186
5956;1;1;186
5957;1;1;186
5958;1;1;186
5959;1;1;186
5960;1;1;186
5961;1;1;186
5962;1;1;186
5963;1;1;186
5964;1;1;186
5965;1;1;186
5966;1;1;186
5967;1;1;186
5968;1;1;186
5969;1;1;186
5970;58;1;186
5971;58;1;186
5972;58;1;186
5973;57;1;186
5974;10;1;186
5975;9;1;186
5976;9;1;186
5977;8;1;186
5978;8;1;186
5979;7;1;186
5980;7;1;186
5981;6;1;186
5982;6;1;186
5983;5;1;186
5984;1;1;187
5985;1;1;187
5986;1;1;187
5987;69;1;187
5988;69;1;187
5989;68;1;187
5990;68;1;187
5991;67;1;187
5992;67;1;187
5993;67;1;187
5994;66;1;187
5995;66;1;187
5996;65;1;187
5997;14;1;187
5998;14;1;187
5999;13;1;187
6000;13;1;187
6001;12;1;187
6002;12;1;187
6003;11;1;187
6004;11;1;187
6005;11;1;187
6006;10;1;187
6007;10;1;187
6008;9;1;187
6009;9;1;187
6010;9;1;187
6011;8;1;187
6012;8;1;187
6013;7;1;187
6014;7;1;187
6015;6;1;187
6016;128;1;188
6017;127;1;188
6018;75;1;188
6019;74;1;188
6020;74;1;188
6021;73;1;188
6022;73;1;188
6023;72;1;188
6024;72;1;188
6025;71;1;188
6026;71;1;188
6027;71;1;188
6028;70;1;188
6029;70;1;188
6030;69;1;188
6031;69;1;188
6032;68;1;188
6033;68;1;188
6034;68;1;188
6035;67;1;188
6036;67;1;188
6037;66;1;188
6038;66;1;188
6039;9;1;188
6040;9;1;188
6041;8;1;188
6042;8;1;188
6043;7;1;188
6044;7;1;188
6045;6;1;188
6046;6;1;188
6047;6;1;188
6048;1;1;189
6049;1;1;189
6050;1;1;189
6051;1;1;189
6052;1;1;189
6053;1;1;189
6054;1;1;189
6055;126;1;189
6056;126;1;189
6057;125;1;189
6058;125;1;189
6059;73;1;189
6060;73;1;189
6061;73;1;189
6062;72;1;189
6063;72;1;189
6064;71;1;189
6065;71;1;189
6066;70;1;189
6067;70;1;189
6068;69;1;189
6069;69;1;189
6070;69;1;189
6071;68;1;189
6072;68;1;189
6073;67;1;189
6074;67;1;189
6075;67;1;189
6076;66;1;189
6077;66;1;189
6078;7;1;189
6079;6;1;189
6080;2;1;190
6081;1;1;190
6082;2;1;190
6083;1;1;190
6084;1;1;190
6085;1;1;190
6086;1;1;190
6087;1;1;190
6088;1;1;190
6089;1;1;190
6090;2;1;190
6091;1;1;190
6092;1;1;190
6093;1;1;190
6094;1;1;190
6095;1;1;190
6096;1;1;190
6097;1;1;190
6098;1;1;190
6099;11;1;190
6100;11;1;190
6101;10;1;190
6102;10;1;190
6103;9;1;190
6104;9;1;190
6105;8;1;190
6106;8;1;190
6107;8;1;190
6108;7;1;190
6109;7;1;190
6110;7;1;190
6111;6;1;190
6112;2;1;191
6113;1;1;191
6114;1;1;191
6115;1;1;191
6116;1;1;191
6117;1;1;191
6118;1;1;191
6119;2;1;191
6120;1;1;191
6121;1;1;191
6122;1;1;191
6123;2;1;191
6124;71;1;191
6125;71;1;191
6126;70;1;191
6127;70;1;191
6128;70;1;191
6129;69;1;191
6130;69;1;191
6131;68;1;191
6132;68;1;191
6133;67;1;191
6134;10;1;191
6135;9;1;191
6136;9;1;191
6137;8;1;191
6138;8;1;191
6139;8;1;191
6140;7;1;191
6141;7;1;191
6142;6;1;191
6143;6;1;191
6144;129;1;192
6145;129;1;192
6146;129;1;192
6147;128;1;192
6148;127;1;192
6149;127;1;192
6150;127;1;192
6151;126;1;192
6152;126;1;192
6153;73;1;192
6154;74;1;192
6155;73;1;192
6156;73;1;192
6157;72;1;192
6158;72;1;192
6159;71;1;192
6160;71;1;192
6161;70;1;192
6162;70;1;192
6163;69;1;192
6164;69;1;192
6165;69;1;192
6166;68;1;192
6167;68;1;192
6168;67;1;192
6169;67;1;192
6170;67;1;192
6171;66;1;192
6172;8;1;192
6173;8;1;192
6174;7;1;192
6175;7;1;192
6176;2;1;193
6177;1;1;193
6178;1;1;193
6179;1;1;193
6180;1;1;193
6181;1;1;193
6182;7;1;193
6183;1;1;193
6184;1;1;193
6185;1;1;193
6186;1;1;193
6187;1;1;193
6188;2;1;193
6189;61;1;193
6190;61;1;193
6191;14;1;193
6192;13;1;193
6193;13;1;193
6194;12;1;193
6195;12;1;193
6196;11;1;193
6197;11;1;193
6198;10;1;193
6199;10;1;193
6200;10;1;193
6201;9;1;193
6202;9;1;193
6203;8;1;193
6204;8;1;193
6205;7;1;193
6206;7;1;193
6207;6;1;193
6208;1;1;194
6209;1;1;194
6210;1;1;194
6211;2;1;194
6212;1;1;194
6213;1;1;194
6214;1;1;194
6215;2;1;194
6216;1;1;194
6217;2;1;194
6218;1;1;194
6219;1;1;194
6220;1;1;194
6221;1;1;194
6222;1;1;194
6223;1;1;194
6224;1;1;194
6225;1;1;194
6226;1;1;194
6227;1;1;194
6228;1;1;194
6229;1;1;194
6230;1;1;194
6231;9;1;194
6232;9;1;194
6233;8;1;194
6234;8;1;194
6235;7;1;194
6236;7;1;194
6237;6;1;194
6238;6;1;194
6239;5;1;194
6240;1;1;195
6241;1;1;195
6242;1;1;195
6243;129;1;195
6244;129;1;195
6245;129;1;195
6246;128;1;195
6247;75;1;195
6248;75;1;195
6249;74;1;195
6250;74;1;195
6251;73;1;195
6252;73;1;195
6253;72;1;195
6254;72;1;195
6255;71;1;195
6256;71;1;195
6257;71;1;195
6258;70;1;195
6259;70;1;195
6260;70;1;195
6261;69;1;195
6262;69;1;195
6263;68;1;195
6264;68;1;195
6265;9;1;195
6266;8;1;195
6267;8;1;195
6268;7;1;195
6269;7;1;195
6270;6;1;195
6271;6;1;195
6272;2;1;196
6273;1;1;196
6274;1;1;196
6275;1;1;196
6276;1;1;196
6277;1;1;196
6278;1;1;196
6279;1;1;196
6280;2;1;196
6281;1;1;196
6282;1;1;196
6283;2;1;196
6284;1;1;196
6285;1;1;196
6286;1;1;196
6287;1;1;196
6288;1;1;196
6289;72;1;196
6290;72;1;196
6291;71;1;196
6292;71;1;196
6293;71;1;196
6294;70;1;196
6295;70;1;196
6296;69;1;196
6297;69;1;196
6298;69;1;196
6299;68;1;196
6300;68;1;196
6301;67;1;196
6302;7;1;196
6303;6;1;196
6304;1;1;197
6305;1;1;197
6306;1;1;197
6307;1;1;197
6308;1;1;197
6309;68;1;197
6310;67;1;197
6311;67;1;197
6312;66;1;197
6313;66;1;197
6314;65;1;197
6315;65;1;197
6316;64;1;197
6317;64;1;197
6318;64;1;197
6319;63;1;197
6320;63;1;197
6321;12;1;197
6322;11;1;197
6323;11;1;197
6324;11;1;197
6325;10;1;197
6326;10;1;197
6327;9;1;197
6328;9;1;197
6329;8;1;197
6330;8;1;197
6331;7;1;197
6332;7;1;197
6333;7;1;197
6334;6;1;197
6335;6;1;197
6336;131;1;198
6337;131;1;198
6338;131;1;198
6339;77;1;198
6340;77;1;198
6341;76;1;198
6342;76;1;198
6343;75;1;198
6344;75;1;198
6345;74;1;198
6346;74;1;198
6347;74;1;198
6348;73;1;198
6349;73;1;198
6350;73;1;198
6351;72;1;198
6352;72;1;198
6353;72;1;198
6354;71;1;198
6355;71;1;198
6356;70;1;198
6357;11;1;198
6358;10;1;198
6359;11;1;198
6360;10;1;198
6361;10;1;198
6362;9;1;198
6363;9;1;198
6364;8;1;198
6365;8;1;198
6366;8;1;198
6367;7;1;198
6368;2;1;199
6369;1;1;199
6370;1;1;199
6371;129;1;199
6372;129;1;199
6373;129;1;199
6374;128;1;199
6375;128;1;199
6376;75;1;199
6377;75;1;199
6378;74;1;199
6379;74;1;199
6380;74;1;199
6381;73;1;199
6382;73;1;199
6383;72;1;199
6384;72;1;199
6385;72;1;199
6386;71;1;199
6387;71;1;199
6388;70;1;199
6389;70;1;199
6390;69;1;199
6391;69;1;199
6392;68;1;199
6393;68;1;199
6394;8;1;199
6395;7;1;199
6396;7;1;199
6397;6;1;199
6398;7;1;199
6399;6;1;199
6400;1;1;200
6401;129;1;200
6402;129;1;200
6403;128;1;200
6404;128;1;200
6405;127;1;200
6406;127;1;200
6407;127;1;200
6408;126;1;200
6409;126;1;200
6410;125;1;200
6411;125;1;200
6412;73;1;200
6413;72;1;200
6414;72;1;200
6415;71;1;200
6416;71;1;200
6417;70;1;200
6418;70;1;200
6419;70;1;200
6420;69;1;200
6421;69;1;200
6422;68;1;200
6423;68;1;200
6424;67;1;200
6425;67;1;200
6426;66;1;200
6427;66;1;200
6428;65;1;200
6429;65;1;200
6430;6;1;200
6431;6;1;200
6432;1;1;201
6433;1;1;201
6434;1;1;201
6435;1;1;201
6436;1;1;201
6437;1;1;201
6438;1;1;201
6439;1;1;201
6440;1;1;201
6441;2;1;201
6442;1;1;201
6443;1;1;201
6444;1;1;201
6445;2;1;201
6446;1;1;201
6447;1;1;201
6448;12;1;201
6449;12;1;201
6450;11;1;201
6451;11;1;201
6452;10;1;201
6453;10;1;201
6454;9;1;201
6455;9;1;201
6456;9;1;201
6457;8;1;201
6458;8;1;201
6459;7;1;201
6460;7;1;201
6461;7;1;201
6462;6;1;201
6463;6;1;201
6464;2;1;202
6465;1;1;202
6466;2;1;202
6467;1;1;202
6468;1;1;202
6469;1;1;202
6470;1;1;202
6471;1;1;202
6472;77;1;202
6473;76;1;202
6474;76;1;202
6475;75;1;202
6476;75;1;202
6477;75;1;202
6478;74;1;202
6479;74;1;202
6480;73;1;202
6481;73;1;202
6482;72;1;202
6483;72;1;202
6484;11;1;202
6485;11;1;202
6486;10;1;202
6487;10;1;202
6488;9;1;202
6489;9;1;202
6490;8;1;202
6491;8;1;202
6492;7;1;202
6493;7;1;202
6494;6;1;202
6495;6;1;202
6496;1;1;203
6497;1;1;203
6498;1;1;203
6499;1;1;203
6500;1;1;203
6501;1;1;203
6502;1;1;203
6503;1;1;203
6504;75;1;203
6505;75;1;203
6506;74;1;203
6507;74;1;203
6508;73;1;203
6509;73;1;203
6510;72;1;203
6511;72;1;203
6512;72;1;203
6513;71;1;203
6514;71;1;203
6515;70;1;203
6516;70;1;203
6517;69;1;203
6518;69;1;203
6519;68;1;203
6520;9;1;203
6521;9;1;203
6522;8;1;203
6523;8;1;203
6524;8;1;203
6525;7;1;203
6526;7;1;203
6527;6;1;203
6528;1;1;204
6529;1;1;204
6530;1;1;204
6531;2;1;204
6532;1;1;204
6533;1;1;204
6534;1;1;204
6535;1;1;204
6536;1;1;204
6537;1;1;204
6538;1;1;204
6539;2;1;204
6540;1;1;204
6560;2;20;205
6561;1;1;205
6562;1;1;205
6563;1;1;205
6564;1;1;205
6565;1;1;205
6566;1;1;205
6567;1;1;205
6568;1;1;205
6569;1;1;205
6570;1;1;205
6571;1;1;205
6592;2;21;206
6593;1;1;206
6624;1;31;207
6625;1;1;207
6626;1;1;207
6627;1;1;207
6628;1;1;207
6629;76;1;207
6630;75;1;207
6631;75;1;207
6632;74;1;207
6633;74;1;207
6634;74;1;207
6635;73;1;207
6636;73;1;207
6637;72;1;207
6638;72;1;207
6639;71;1;207
6640;71;1;207
6641;70;1;207
6642;70;1;207
6643;69;1;207
6644;69;1;207
6645;68;1;207
6646;10;1;207
6647;9;1;207
6648;9;1;207
6649;8;1;207
6650;8;1;207
6651;7;1;207
6652;7;1;207
6653;6;1;207
6654;6;1;207
6655;5;1;207
6656;1;1;208
6657;2;1;208
6658;1;1;208
6659;1;1;208
6660;1;1;208
6661;1;1;208
6662;1;1;208
6663;1;1;208
6664;1;1;208
6665;1;1;208
6666;1;1;208
6667;1;1;208
6668;1;1;208
6669;1;1;208
6670;71;1;208
6671;71;1;208
6672;70;1;208
6673;70;1;208
6674;69;1;208
6675;69;1;208
6676;69;1;208
6677;68;1;208
6678;68;1;208
6679;68;1;208
6680;67;1;208
6681;67;1;208
6682;9;1;208
6683;8;1;208
6684;8;1;208
6685;7;1;208
6686;7;1;208
6687;6;1;208
6688;1;1;209
6689;2;1;209
6690;1;1;209
6691;2;1;209
6692;1;1;209
6693;1;1;209
6694;128;1;209
6695;128;1;209
6696;127;1;209
6697;127;1;209
6698;126;1;209
6699;126;1;209
6700;73;1;209
6701;72;1;209
6702;72;1;209
6703;71;1;209
6704;71;1;209
6705;71;1;209
6706;70;1;209
6707;70;1;209
6708;69;1;209
6709;69;1;209
6710;69;1;209
6711;68;1;209
6712;68;1;209
6713;67;1;209
6714;67;1;209
6715;66;1;209
6716;66;1;209
6717;67;1;209
6718;8;1;209
6719;7;1;209
6720;1;1;210
6721;2;1;210
6722;1;1;210
6723;1;1;210
6724;1;1;210
6725;1;1;210
6726;70;1;210
6727;70;1;210
6728;71;1;210
6729;70;1;210
6730;70;1;210
6731;70;1;210
6732;69;1;210
6733;68;1;210
6734;68;1;210
6735;68;1;210
6736;14;1;210
6737;14;1;210
6738;13;1;210
6739;13;1;210
6740;12;1;210
6741;12;1;210
6742;12;1;210
6743;11;1;210
6744;11;1;210
6745;10;1;210
6746;10;1;210
6747;10;1;210
6748;9;1;210
6749;9;1;210
6750;8;1;210
6751;8;1;210
6752;1;1;211
6753;1;1;211
6754;1;1;211
6784;2;30;212
6785;132;1;212
6786;132;1;212
6787;131;1;212
6788;130;1;212
6789;130;1;212
6790;76;1;212
6791;75;1;212
6792;75;1;212
6793;75;1;212
6794;74;1;212
6795;74;1;212
6796;73;1;212
6797;73;1;212
6798;73;1;212
6799;72;1;212
6800;72;1;212
6801;71;1;212
6802;71;1;212
6803;70;1;212
6804;70;1;212
6805;70;1;212
6806;69;1;212
6807;69;1;212
6808;9;1;212
6809;9;1;212
6810;8;1;212
6811;8;1;212
6812;7;1;212
6813;7;1;212
6814;7;1;212
6815;6;1;212
6816;1;1;213
6817;2;1;213
6818;1;1;213
6819;1;1;213
6820;1;1;213
6821;1;1;213
6822;1;1;213
6823;1;1;213
6824;1;1;213
6825;1;1;213
6826;1;1;213
6827;1;1;213
6828;1;1;213
6829;1;1;213
6830;1;1;213
6831;1;1;213
6832;1;1;213
6833;72;1;213
6834;72;1;213
6835;72;1;213
6836;71;1;213
6837;71;1;213
6838;70;1;213
6839;70;1;213
6840;70;1;213
6841;69;1;213
6842;69;1;213
6843;68;1;213
6844;7;1;213
6845;7;1;213
6846;7;1;213
6847;6;1;213
6848;1;1;214
6849;1;1;214
6850;1;1;214
6851;1;1;214
6852;1;1;214
6853;1;1;214
6854;1;1;214
6855;1;1;214
6856;67;1;214
6857;67;1;214
6858;66;1;214
6859;66;1;214
6860;66;1;214
6861;65;1;214
6862;13;1;214
6863;13;1;214
6864;13;1;214
6865;13;1;214
6866;12;1;214
6867;12;1;214
6868;11;1;214
6869;11;1;214
6870;11;1;214
6871;10;1;214
6872;10;1;214
6873;10;1;214
6874;9;1;214
6875;9;1;214
6876;8;1;214
6877;8;1;214
6878;7;1;214
6879;7;1;214
6880;2;1;215
6881;1;1;215
6882;1;1;215
6883;1;1;215
6884;1;1;215
6885;1;1;215
6886;75;1;215
6887;74;1;215
6888;74;1;215
6889;74;1;215
6890;73;1;215
6891;73;1;215
6892;72;1;215
6893;72;1;215
6894;71;1;215
6895;71;1;215
6896;70;1;215
6897;70;1;215
6898;12;1;215
6899;11;1;215
6900;11;1;215
6901;10;1;215
6902;10;1;215
6903;9;1;215
6904;9;1;215
6905;8;1;215
6906;8;1;215
6907;8;1;215
6908;7;1;215
6909;7;1;215
6910;6;1;215
6911;6;1;215
6912;2;1;216
6913;1;1;216
6914;1;1;216
6915;131;1;216
6916;78;1;216
6917;77;1;216
6918;77;1;216
6919;77;1;216
6920;76;1;216
6921;76;1;216
6922;75;1;216
6923;75;1;216
6924;75;1;216
6925;74;1;216
6926;74;1;216
6927;73;1;216
6928;73;1;216
6929;73;1;216
6930;72;1;216
6931;72;1;216
6932;71;1;216
6933;71;1;216
6934;11;1;216
6935;10;1;216
6936;10;1;216
6937;9;1;216
6938;9;1;216
6939;9;1;216
6940;8;1;216
6941;8;1;216
6942;7;1;216
6943;7;1;216
6944;2;1;217
6945;1;1;217
6946;1;1;217
6947;1;1;217
6948;128;1;217
6949;127;1;217
6950;127;1;217
6951;126;1;217
6952;74;1;217
6953;74;1;217
6954;73;1;217
6955;73;1;217
6956;72;1;217
6957;72;1;217
6958;71;1;217
6959;71;1;217
6960;71;1;217
6961;70;1;217
6962;70;1;217
6963;69;1;217
6964;69;1;217
6965;68;1;217
6966;68;1;217
6967;68;1;217
6968;67;1;217
6969;67;1;217
6970;8;1;217
6971;7;1;217
6972;7;1;217
6973;7;1;217
6974;6;1;217
6975;6;1;217
7008;2;33;219
7009;1;1;219
7010;1;1;219
7011;1;1;219
7012;1;1;219
7013;1;1;219
7014;1;1;219
7015;1;1;219
7016;1;1;219
7017;2;1;219
7018;1;1;219
7019;1;1;219
7020;1;1;219
7021;1;1;219
7022;1;1;219
7023;2;1;219
7024;2;1;219
7025;1;1;219
7026;1;1;219
7027;1;1;219
7028;2;1;219
7029;1;1;219
7030;1;1;219
7031;9;1;219
7032;9;1;219
7033;9;1;219
7034;8;1;219
7035;8;1;219
7036;7;1;219
7037;7;1;219
7038;6;1;219
7039;6;1;219
7040;2;1;220
7041;1;1;220
7042;1;1;220
7043;1;1;220
7044;1;1;220
7045;1;1;220
7046;2;1;220
7047;1;1;220
7048;1;1;220
7049;1;1;220
7050;1;1;220
7051;1;1;220
7052;1;1;220
7053;1;1;220
7054;1;1;220
7055;1;1;220
7056;1;1;220
7057;1;1;220
7058;1;1;220
7059;1;1;220
7060;1;1;220
7061;2;1;220
7062;1;1;220
7063;2;1;220
7064;1;1;220
7065;1;1;220
7066;1;1;220
7067;0;1;220
7068;1;1;220
7069;1;1;220
7070;1;1;220
7071;1;1;220
7072;2;1;221
7073;1;1;221
7074;1;1;221
7075;1;1;221
7076;1;1;221
7077;53;1;221
7078;53;1;221
7079;53;1;221
7080;52;1;221
7081;52;1;221
7082;51;1;221
7083;51;1;221
7084;50;1;221
7085;50;1;221
7086;49;1;221
7087;49;1;221
7088;48;1;221
7089;48;1;221
7090;47;1;221
7091;47;1;221
7092;46;1;221
7093;46;1;221
7094;10;1;221
7095;9;1;221
7096;9;1;221
7097;8;1;221
7098;8;1;221
7099;7;1;221
7100;7;1;221
7101;6;1;221
7102;6;1;221
7103;6;1;221
7104;1;1;222
7105;68;1;222
7106;67;1;222
7107;67;1;222
7108;67;1;222
7109;66;1;222
7110;66;1;222
7111;65;1;222
7112;65;1;222
7113;64;1;222
7114;64;1;222
7115;64;1;222
7116;63;1;222
7117;62;1;222
7118;62;1;222
7119;62;1;222
7120;13;1;222
7121;12;1;222
7122;12;1;222
7123;11;1;222
7124;11;1;222
7125;11;1;222
7126;10;1;222
7127;10;1;222
7128;10;1;222
7129;9;1;222
7130;9;1;222
7131;8;1;222
7132;8;1;222
7133;7;1;222
7134;7;1;222
7135;6;1;222
7136;1;1;223
7168;1;32;224
7169;1;1;224
7170;1;1;224
7171;1;1;224
7172;2;1;224
7173;1;1;224
7174;1;1;224
7200;1;26;225
7201;1;1;225
7202;1;1;225
7203;1;1;225
7204;1;1;225
7205;1;1;225
7206;1;1;225
7207;74;1;225
7208;74;1;225
7209;74;1;225
7210;73;1;225
7211;73;1;225
7212;72;1;225
7213;72;1;225
7214;71;1;225
7215;71;1;225
7216;71;1;225
7217;70;1;225
7218;70;1;225
7219;69;1;225
7220;69;1;225
7221;10;1;225
7222;10;1;225
7223;9;1;225
7224;9;1;225
7225;8;1;225
7226;8;1;225
7227;7;1;225
7228;7;1;225
7229;6;1;225
7230;6;1;225
7231;6;1;225
7232;2;1;226
7233;1;1;226
7264;2;31;227
7265;1;1;227
7266;2;1;227
7267;1;1;227
7268;1;1;227
7269;127;1;227
7270;127;1;227
7271;127;1;227
7272;126;1;227
7273;126;1;227
7274;125;1;227
7275;125;1;227
7276;125;1;227
7277;73;1;227
7278;72;1;227
7279;72;1;227
7280;71;1;227
7281;71;1;227
7282;71;1;227
7283;70;1;227
7284;70;1;227
7285;69;1;227
7286;69;1;227
7287;68;1;227
7288;68;1;227
7289;67;1;227
7290;67;1;227
7291;67;1;227
7292;66;1;227
7293;66;1;227
7294;65;1;227
7295;6;1;227
7296;1;1;228
7297;1;1;228
7298;71;1;228
7299;71;1;228
7300;71;1;228
7301;70;1;228
7302;70;1;228
7303;69;1;228
7304;69;1;228
7305;69;1;228
7306;68;1;228
7307;67;1;228
7308;67;1;228
7309;66;1;228
7310;66;1;228
7311;65;1;228
7312;65;1;228
7313;12;1;228
7314;12;1;228
7315;11;1;228
7316;11;1;228
7317;10;1;228
7318;10;1;228
7319;9;1;228
7320;9;1;228
7321;9;1;228
7322;8;1;228
7323;8;1;228
7324;7;1;228
7325;7;1;228
7326;6;1;228
7327;6;1;228
7328;2;1;229
7329;1;1;229
7330;1;1;229
7331;1;1;229
7332;1;1;229
7333;1;1;229
7334;1;1;229
7335;1;1;229
7336;1;1;229
7337;1;1;229
7338;1;1;229
7339;1;1;229
7340;1;1;229
7341;1;1;229
7342;73;1;229
7343;72;1;229
7344;72;1;229
7345;71;1;229
7346;71;1;229
7347;70;1;229
7348;70;1;229
7349;10;1;229
7350;10;1;229
7351;9;1;229
7352;9;1;229
7353;8;1;229
7354;8;1;229
7355;7;1;229
7356;7;1;229
7357;6;1;229
7358;6;1;229
7359;6;1;229
7360;1;1;230
7361;2;1;230
7362;1;1;230
7363;1;1;230
7364;127;1;230
7365;127;1;230
7366;127;1;230
7367;75;1;230
7368;74;1;230
7369;74;1;230
7370;73;1;230
7371;73;1;230
7372;73;1;230
7373;72;1;230
7374;72;1;230
7375;71;1;230
7376;71;1;230
7377;70;1;230
7378;70;1;230
7379;70;1;230
7380;69;1;230
7381;69;1;230
7382;68;1;230
7383;68;1;230
7384;67;1;230
7385;9;1;230
7386;8;1;230
7387;8;1;230
7388;7;1;230
7389;7;1;230
7390;6;1;230
7391;6;1;230
7392;1;1;231
7393;2;1;231
7394;1;1;231
7395;1;1;231
7396;1;1;231
7397;129;1;231
7398;128;1;231
7399;128;1;231
7400;127;1;231
7401;127;1;231
7402;126;1;231
7403;73;1;231
7404;72;1;231
7405;72;1;231
7406;72;1;231
7407;71;1;231
7408;71;1;231
7409;71;1;231
7410;70;1;231
7411;70;1;231
7412;69;1;231
7413;69;1;231
7414;68;1;231
7415;68;1;231
7416;67;1;231
7417;67;1;231
7418;66;1;231
7419;66;1;231
7420;66;1;231
7421;7;1;231
7422;7;1;231
7423;6;1;231
7424;1;1;232
7425;2;1;232
7426;1;1;232
7427;1;1;232
7428;2;1;232
7429;1;1;232
7430;1;1;232
7431;1;1;232
7432;2;1;232
7433;1;1;232
7434;1;1;232
7435;1;1;232
7436;1;1;232
7437;1;1;232
7438;1;1;232
7439;1;1;232
7440;1;1;232
7441;1;1;232
7442;1;1;232
7443;1;1;232
7444;1;1;232
7445;1;1;232
7446;1;1;232
7447;1;1;232
7448;1;1;232
7449;1;1;232
7450;1;1;232
7451;1;1;232
7452;1;1;232
7453;1;1;232
7454;1;1;232
7455;1;1;232
7456;1;1;233
7457;1;1;233
7458;1;1;233
7459;1;1;233
7460;2;1;233
7461;1;1;233
7462;1;1;233
7463;1;1;233
7464;1;1;233
7465;1;1;233
7466;1;1;233
7467;1;1;233
7468;1;1;233
7469;1;1;233
7470;1;1;233
7471;1;1;233
7472;1;1;233
7473;1;1;233
7474;1;1;233
7475;2;1;233
7476;1;1;233
7477;2;1;233
7478;1;1;233
7479;8;1;233
7480;8;1;233
7481;8;1;233
7482;7;1;233
7483;7;1;233
7484;6;1;233
7485;6;1;233
7486;6;1;233
7487;5;1;233
7488;1;1;234
7489;1;1;234
7490;1;1;234
7491;1;1;234
7492;1;1;234
7493;76;1;234
7494;76;1;234
7495;75;1;234
7496;75;1;234
7497;74;1;234
7498;74;1;234
7499;74;1;234
7500;73;1;234
7501;73;1;234
7502;72;1;234
7503;72;1;234
7504;72;1;234
7505;71;1;234
7506;71;1;234
7507;70;1;234
7508;70;1;234
7509;69;1;234
7510;69;1;234
7511;9;1;234
7512;9;1;234
7513;9;1;234
7514;8;1;234
7515;8;1;234
7516;7;1;234
7517;7;1;234
7518;6;1;234
7519;6;1;234
7520;1;1;235
7521;1;1;235
7522;1;1;235
7523;1;1;235
7524;1;1;235
7525;1;1;235
7526;1;1;235
7527;1;1;235
7528;1;1;235
7529;1;1;235
7530;1;1;235
7531;1;1;235
7532;1;1;235
7533;1;1;235
7534;2;1;235
7535;1;1;235
7536;1;1;235
7537;1;1;235
7538;68;1;235
7539;67;1;235
7540;67;1;235
7541;67;1;235
7542;66;1;235
7543;66;1;235
7544;65;1;235
7545;65;1;235
7546;64;1;235
7547;7;1;235
7548;7;1;235
7549;6;1;235
7550;6;1;235
7551;5;1;235
7552;1;1;236
7553;1;1;236
7554;1;1;236
7555;1;1;236
7556;1;1;236
7557;1;1;236
7558;1;1;236
7559;2;1;236
7560;127;1;236
7561;127;1;236
7562;126;1;236
7563;126;1;236
7564;126;1;236
7565;72;1;236
7566;72;1;236
7567;71;1;236
7568;71;1;236
7569;70;1;236
7570;70;1;236
7571;69;1;236
7572;69;1;236
7573;69;1;236
7574;68;1;236
7575;68;1;236
7576;67;1;236
7577;67;1;236
7578;66;1;236
7579;66;1;236
7580;65;1;236
7581;65;1;236
7582;64;1;236
7583;6;1;236
7584;73;1;237
7585;73;1;237
7586;73;1;237
7587;72;1;237
7588;72;1;237
7589;71;1;237
7590;71;1;237
7591;70;1;237
7592;70;1;237
7593;70;1;237
7594;69;1;237
7595;69;1;237
7596;68;1;237
7597;67;1;237
7598;67;1;237
7599;67;1;237
7600;66;1;237
7601;13;1;237
7602;12;1;237
7603;12;1;237
7604;11;1;237
7605;11;1;237
7606;10;1;237
7607;10;1;237
7608;10;1;237
7609;9;1;237
7610;9;1;237
7611;9;1;237
7612;8;1;237
7613;8;1;237
7614;7;1;237
7615;7;1;237
7616;1;1;238
7617;1;1;238
7618;1;1;238
7619;1;1;238
7620;1;1;238
7621;1;1;238
7622;2;1;238
7623;1;1;238
7624;1;1;238
7625;1;1;238
7626;1;1;238
7627;1;1;238
7628;1;1;238
7629;1;1;238
7630;1;1;238
7631;2;1;238
7632;1;1;238
7633;1;1;238
7634;1;1;238
7635;1;1;238
7636;1;1;238
7637;1;1;238
7638;10;1;238
7639;9;1;238
7640;9;1;238
7641;9;1;238
7642;8;1;238
7643;8;1;238
7644;7;1;238
7645;7;1;238
7646;6;1;238
7647;6;1;238
7648;2;1;239
7649;1;1;239
7650;1;1;239
7651;1;1;239
7652;1;1;239
7653;1;1;239
7654;128;1;239
7655;75;1;239
7656;75;1;239
7657;74;1;239
7658;74;1;239
7659;74;1;239
7660;73;1;239
7661;73;1;239
7662;72;1;239
7663;72;1;239
7664;71;1;239
7665;71;1;239
7666;70;1;239
7667;70;1;239
7668;70;1;239
7669;69;1;239
7670;69;1;239
7671;68;1;239
7672;9;1;239
7673;8;1;239
7674;8;1;239
7675;8;1;239
7676;7;1;239
7677;7;1;239
7678;6;1;239
7679;6;1;239
7680;2;1;240
7681;1;1;240
7682;1;1;240
7683;1;1;240
7684;1;1;240
7685;1;1;240
7686;1;1;240
7687;1;1;240
7688;129;1;240
7689;128;1;240
7690;76;1;240
7691;75;1;240
7692;75;1;240
7693;74;1;240
7694;74;1;240
7695;73;1;240
7696;73;1;240
7697;73;1;240
7698;72;1;240
7699;72;1;240
7700;71;1;240
7701;71;1;240
7702;71;1;240
7703;70;1;240
7704;70;1;240
7705;69;1;240
7706;68;1;240
7707;68;1;240
7708;8;1;240
7709;7;1;240
7710;7;1;240
7711;7;1;240
7712;2;1;241
7713;1;1;241
7714;2;1;241
7715;1;1;241
7716;1;1;241
7717;128;1;241
7718;128;1;241
7719;127;1;241
7720;127;1;241
7721;126;1;241
7722;126;1;241
7723;126;1;241
7724;125;1;241
7725;125;1;241
7726;72;1;241
7727;71;1;241
7728;71;1;241
7729;71;1;241
7730;71;1;241
7731;70;1;241
7732;70;1;241
7733;69;1;241
7734;69;1;241
7735;68;1;241
7736;68;1;241
7737;68;1;241
7738;67;1;241
7739;67;1;241
7740;66;1;241
7741;66;1;241
7742;65;1;241
7743;6;1;241
7744;1;1;242
7745;72;1;242
7746;72;1;242
7747;71;1;242
7748;70;1;242
7749;70;1;242
7750;70;1;242
7751;69;1;242
7752;69;1;242
7753;68;1;242
7754;68;1;242
7755;67;1;242
7756;67;1;242
7757;66;1;242
7758;66;1;242
7759;65;1;242
7760;12;1;242
7761;11;1;242
7762;11;1;242
7763;11;1;242
7764;10;1;242
7765;10;1;242
7766;9;1;242
7767;9;1;242
7768;9;1;242
7769;9;1;242
7770;8;1;242
7771;8;1;242
7772;7;1;242
7773;7;1;242
7774;7;1;242
7775;6;1;242
7776;2;1;243
7777;1;1;243
7778;1;1;243
7779;1;1;243
7780;1;1;243
7781;1;1;243
7782;1;1;243
7783;1;1;243
7784;1;1;243
7785;1;1;243
7786;1;1;243
7787;1;1;243
7788;1;1;243
7789;1;1;243
7790;1;1;243
7791;1;1;243
7792;1;1;243
7793;1;1;243
7794;1;1;243
7795;11;1;243
7796;11;1;243
7797;10;1;243
7798;10;1;243
7799;9;1;243
7800;9;1;243
7801;9;1;243
7802;8;1;243
7803;8;1;243
7804;7;1;243
7805;7;1;243
7806;7;1;243
7807;6;1;243
7808;2;1;244
7809;130;1;244
7810;130;1;244
7811;129;1;244
7812;77;1;244
7813;76;1;244
7814;76;1;244
7815;75;1;244
7816;75;1;244
7817;75;1;244
7818;74;1;244
7819;75;1;244
7820;74;1;244
7821;74;1;244
7822;74;1;244
7823;73;1;244
7824;73;1;244
7825;72;1;244
7826;72;1;244
7827;71;1;244
7828;71;1;244
7829;71;1;244
7830;11;1;244
7831;11;1;244
7832;10;1;244
7833;10;1;244
7834;9;1;244
7835;9;1;244
7836;8;1;244
7837;8;1;244
7838;7;1;244
7839;7;1;244
7840;1;1;245
7841;1;1;245
7842;1;1;245
7843;1;1;245
7844;1;1;245
7845;1;1;245
7846;1;1;245
7847;1;1;245
7848;1;1;245
7849;1;1;245
7850;1;1;245
7851;1;1;245
7852;1;1;245
7853;1;1;245
7854;1;1;245
7855;78;1;245
7856;78;1;245
7857;78;1;245
7858;77;1;245
7859;77;1;245
7860;76;1;245
7861;76;1;245
7862;75;1;245
7863;75;1;245
7864;16;1;245
7865;15;1;245
7866;15;1;245
7867;14;1;245
7868;14;1;245
7869;14;1;245
7870;14;1;245
7871;7;1;245
7872;1;1;246
7873;1;1;246
7874;1;1;246
7875;1;1;246
7876;1;1;246
7877;1;1;246
7878;1;1;246
7879;1;1;246
7880;1;1;246
7881;1;1;246
7882;1;1;246
7883;1;1;246
7884;1;1;246
7885;1;1;246
7886;0;1;246
7887;1;1;246
7888;1;1;246
7889;1;1;246
7890;1;1;246
7891;1;1;246
7892;1;1;246
7893;1;1;246
7894;67;1;246
7895;67;1;246
7896;66;1;246
7897;66;1;246
7898;8;1;246
7899;7;1;246
7900;7;1;246
7901;6;1;246
7902;6;1;246
7903;6;1;246
7904;1;1;247
7905;1;1;247
7906;1;1;247
7907;1;1;247
7908;1;1;247
7909;1;1;247
7910;130;1;247
7911;129;1;247
7912;129;1;247
7913;128;1;247
7914;128;1;247
7915;74;1;247
7916;74;1;247
7917;73;1;247
7918;73;1;247
7919;73;1;247
7920;72;1;247
7921;72;1;247
7922;71;1;247
7923;71;1;247
7924;71;1;247
7925;70;1;247
7926;70;1;247
7927;70;1;247
7928;69;1;247
7929;69;1;247
7930;68;1;247
7931;68;1;247
7932;8;1;247
7933;7;1;247
7934;6;1;247
7935;6;1;247
7936;1;1;248
7937;1;1;248
7938;1;1;248
7939;1;1;248
7940;1;1;248
7941;142;1;248
7942;141;1;248
7943;141;1;248
7944;141;1;248
7945;140;1;248
7946;139;1;248
7947;139;1;248
7948;139;1;248
7949;86;1;248
7950;85;1;248
7951;85;1;248
7952;84;1;248
7953;84;1;248
7954;83;1;248
7955;83;1;248
7956;82;1;248
7957;82;1;248
7958;82;1;248
7959;81;1;248
7960;81;1;248
7961;80;1;248
7962;80;1;248
7963;80;1;248
7964;79;1;248
7965;79;1;248
7966;18;1;248
7967;17;1;248
7968;2;1;249
7969;1;1;249
7970;1;1;249
7971;62;1;249
7972;61;1;249
7973;61;1;249
7974;60;1;249
7975;60;1;249
7976;60;1;249
7977;59;1;249
7978;59;1;249
7979;58;1;249
7980;58;1;249
7981;57;1;249
7982;56;1;249
7983;15;1;249
7984;14;1;249
7985;14;1;249
7986;13;1;249
7987;13;1;249
7988;12;1;249
7989;12;1;249
7990;12;1;249
7991;11;1;249
7992;11;1;249
7993;10;1;249
7994;10;1;249
7995;8;1;249
7996;7;1;249
7997;7;1;249
7998;6;1;249
7999;6;1;249
8000;79;1;250
8001;78;1;250
8002;78;1;250
8003;77;1;250
8004;77;1;250
8005;77;1;250
8006;76;1;250
8007;76;1;250
8008;75;1;250
8009;75;1;250
8010;75;1;250
8011;74;1;250
8012;74;1;250
8013;74;1;250
8014;73;1;250
8015;73;1;250
8016;72;1;250
8017;13;1;250
8018;12;1;250
8019;12;1;250
8020;11;1;250
8021;11;1;250
8022;11;1;250
8023;10;1;250
8024;10;1;250
8025;9;1;250
8026;9;1;250
8027;8;1;250
8028;8;1;250
8029;7;1;250
8030;7;1;250
8031;7;1;250
8032;134;1;251
8033;133;1;251
8034;79;1;251
8035;79;1;251
8036;78;1;251
8037;78;1;251
8038;77;1;251
8039;77;1;251
8040;76;1;251
8041;76;1;251
8042;76;1;251
8043;75;1;251
8044;75;1;251
8045;74;1;251
8046;74;1;251
8047;74;1;251
8048;73;1;251
8049;73;1;251
8050;72;1;251
8051;12;1;251
8052;11;1;251
8053;11;1;251
8054;10;1;251
8055;10;1;251
8056;9;1;251
8057;9;1;251
8058;8;1;251
8059;8;1;251
8060;8;1;251
8061;7;1;251
8062;7;1;251
8063;6;1;251
8064;1;1;252
8065;1;1;252
8066;1;1;252
8067;1;1;252
8068;1;1;252
8069;1;1;252
8070;1;1;252
8071;1;1;252
8072;1;1;252
8073;1;1;252
8074;1;1;252
8075;1;1;252
8076;1;1;252
8077;1;1;252
8078;1;1;252
8079;1;1;252
8080;1;1;252
8081;1;1;252
8082;1;1;252
8083;1;1;252
8084;1;1;252
8085;1;1;252
8086;1;1;252
8087;1;1;252
8088;1;1;252
8089;1;1;252
8090;1;1;252
8091;1;1;252
8092;7;1;252
8093;7;1;252
8094;6;1;252
8095;6;1;252
8096;1;1;253
8097;1;1;253
8098;131;1;253
8099;131;1;253
8100;130;1;253
8101;130;1;253
8102;76;1;253
8103;75;1;253
8104;75;1;253
8105;74;1;253
8106;74;1;253
8107;73;1;253
8108;73;1;253
8109;72;1;253
8110;72;1;253
8111;71;1;253
8112;71;1;253
8113;70;1;253
8114;70;1;253
8115;70;1;253
8116;69;1;253
8117;69;1;253
8118;68;1;253
8119;9;1;253
8120;9;1;253
8121;8;1;253
8122;8;1;253
8123;7;1;253
8124;7;1;253
8125;6;1;253
8126;6;1;253
8127;6;1;253
8128;2;1;254
8129;1;1;254
8130;1;1;254
8131;1;1;254
8132;1;1;254
8133;1;1;254
8134;1;1;254
8135;1;1;254
8136;1;1;254
8137;1;1;254
8138;1;1;254
8139;1;1;254
8140;1;1;254
8141;1;1;254
8142;1;1;254
8143;1;1;254
8144;1;1;254
