1;108;1;1
2;108;1;1
3;108;1;1
4;107;1;1
5;107;1;1
6;106;1;1
7;105;1;1
8;105;1;1
9;103;1;1
10;69;1;1
11;68;1;1
12;68;1;1
13;67;1;1
14;67;1;1
15;66;1;1
16;65;1;1
17;65;1;1
18;64;1;1
19;64;1;1
20;63;1;1
21;63;1;1
22;62;1;1
23;62;1;1
24;61;1;1
25;61;1;1
26;61;1;1
27;60;1;1
28;60;1;1
29;58;1;1
30;29;1;1
31;29;1;1
32;2;1;2
33;2;1;2
34;1;1;2
64;1;30;3
65;1;1;3
66;88;1;3
67;88;1;3
68;87;1;3
69;86;1;3
70;86;1;3
71;85;1;3
72;84;1;3
73;70;1;3
74;70;1;3
75;69;1;3
76;69;1;3
77;68;1;3
78;67;1;3
79;66;1;3
80;66;1;3
81;65;1;3
82;65;1;3
83;65;1;3
84;64;1;3
85;64;1;3
86;63;1;3
87;63;1;3
88;63;1;3
89;62;1;3
90;62;1;3
91;61;1;3
92;60;1;3
93;30;1;3
94;30;1;3
95;29;1;3
96;2;1;4
97;2;1;4
98;1;1;4
99;1;1;4
100;1;1;4
101;1;1;4
102;1;1;4
128;1;26;5
129;2;1;5
160;1;31;6
161;1;1;6
162;1;1;6
163;1;1;6
164;1;1;6
165;1;1;6
166;1;1;6
167;52;1;6
168;53;1;6
169;53;1;6
170;52;1;6
171;52;1;6
172;38;1;6
173;28;1;6
174;27;1;6
175;27;1;6
176;27;1;6
177;26;1;6
178;25;1;6
179;25;1;6
180;25;1;6
181;24;1;6
182;24;1;6
183;23;1;6
184;23;1;6
185;23;1;6
186;22;1;6
187;21;1;6
188;21;1;6
189;20;1;6
190;20;1;6
191;20;1;6
192;1;1;7
224;1;32;8
225;1;1;8
226;1;1;8
227;2;1;8
228;87;1;8
229;86;1;8
230;86;1;8
231;85;1;8
232;83;1;8
233;57;1;8
234;57;1;8
235;56;1;8
236;56;1;8
237;55;1;8
238;55;1;8
239;54;1;8
240;54;1;8
241;53;1;8
242;53;1;8
243;53;1;8
244;52;1;8
245;52;1;8
246;51;1;8
247;51;1;8
248;50;1;8
249;50;1;8
250;50;1;8
251;49;1;8
252;48;1;8
253;17;1;8
254;16;1;8
255;16;1;8
256;2;1;9
257;1;1;9
258;1;1;9
288;1;30;10
289;1;1;10
290;88;1;10
291;88;1;10
292;87;1;10
293;86;1;10
294;57;1;10
295;56;1;10
296;56;1;10
297;56;1;10
298;55;1;10
299;55;1;10
300;54;1;10
301;54;1;10
302;53;1;10
303;52;1;10
304;52;1;10
305;52;1;10
306;51;1;10
307;51;1;10
308;50;1;10
309;50;1;10
310;49;1;10
311;49;1;10
312;49;1;10
313;48;1;10
314;47;1;10
315;17;1;10
316;17;1;10
317;16;1;10
318;16;1;10
319;15;1;10
352;1;33;12
353;1;1;12
354;93;1;12
355;93;1;12
356;93;1;12
357;91;1;12
358;61;1;12
359;61;1;12
360;60;1;12
361;60;1;12
362;59;1;12
363;59;1;12
364;59;1;12
365;58;1;12
366;59;1;12
367;58;1;12
368;58;1;12
369;57;1;12
370;56;1;12
371;56;1;12
372;55;1;12
373;55;1;12
374;55;1;12
375;54;1;12
376;54;1;12
377;54;1;12
378;53;1;12
379;49;1;12
380;22;1;12
381;21;1;12
382;21;1;12
383;20;1;12
416;2;33;14
417;1;1;14
418;1;1;14
419;142;1;14
420;142;1;14
421;141;1;14
422;141;1;14
423;140;1;14
424;93;1;14
425;92;1;14
426;92;1;14
427;91;1;14
428;91;1;14
429;90;1;14
430;90;1;14
431;89;1;14
432;89;1;14
433;88;1;14
434;88;1;14
435;89;1;14
436;88;1;14
437;88;1;14
438;87;1;14
439;87;1;14
440;86;1;14
441;86;1;14
442;86;1;14
443;85;1;14
444;85;1;14
445;85;1;14
446;85;1;14
447;27;1;14
448;1;1;15
449;3;1;15
450;2;1;15
451;2;1;15
480;2;29;16
481;1;1;16
482;1;1;16
483;1;1;16
484;1;1;16
485;1;1;16
486;1;1;16
487;1;1;16
488;1;1;16
489;1;1;16
490;85;1;16
491;86;1;16
492;85;1;16
493;85;1;16
494;84;1;16
495;30;1;16
496;30;1;16
497;29;1;16
498;29;1;16
499;28;1;16
500;28;1;16
501;27;1;16
502;27;1;16
503;26;1;16
504;26;1;16
505;25;1;16
506;24;1;16
507;24;1;16
508;23;1;16
509;23;1;16
510;23;1;16
511;23;1;16
512;1;1;17
544;1;32;18
545;1;1;18
546;1;1;18
547;1;1;18
548;1;1;18
549;1;1;18
550;1;1;18
551;1;1;18
552;0;1;18
553;1;1;18
554;2;1;18
555;1;1;18
556;86;1;18
557;85;1;18
558;84;1;18
559;84;1;18
560;84;1;18
561;83;1;18
562;83;1;18
563;82;1;18
564;82;1;18
565;81;1;18
566;81;1;18
567;80;1;18
568;80;1;18
569;79;1;18
570;24;1;18
571;24;1;18
572;24;1;18
573;23;1;18
574;23;1;18
575;23;1;18
608;1;33;20
609;1;1;20
610;97;1;20
611;97;1;20
612;96;1;20
613;95;1;20
614;95;1;20
615;95;1;20
616;94;1;20
617;93;1;20
618;93;1;20
619;93;1;20
620;92;1;20
621;37;1;20
622;37;1;20
623;36;1;20
624;36;1;20
625;36;1;20
626;35;1;20
627;34;1;20
628;34;1;20
629;33;1;20
630;33;1;20
631;32;1;20
632;32;1;20
633;31;1;20
634;31;1;20
635;31;1;20
636;30;1;20
637;30;1;20
638;29;1;20
639;28;1;20
640;1;1;21
641;2;1;21
672;152;31;22
673;98;1;22
674;97;1;22
675;97;1;22
676;96;1;22
677;95;1;22
678;94;1;22
679;94;1;22
680;94;1;22
681;93;1;22
682;93;1;22
683;93;1;22
684;92;1;22
685;92;1;22
686;91;1;22
687;91;1;22
688;90;1;22
689;89;1;22
690;80;1;22
691;80;1;22
692;79;1;22
693;79;1;22
694;78;1;22
695;78;1;22
696;77;1;22
697;77;1;22
698;76;1;22
699;76;1;22
700;31;1;22
701;31;1;22
702;30;1;22
703;30;1;22
704;2;1;23
705;2;1;23
706;3;1;23
707;2;1;23
736;2;29;24
737;1;1;24
738;2;1;24
739;1;1;24
740;1;1;24
741;1;1;24
742;88;1;24
743;88;1;24
744;87;1;24
745;87;1;24
746;86;1;24
747;85;1;24
748;85;1;24
749;85;1;24
750;84;1;24
751;84;1;24
752;83;1;24
753;83;1;24
754;29;1;24
755;28;1;24
756;28;1;24
757;28;1;24
758;27;1;24
759;27;1;24
760;26;1;24
761;26;1;24
762;26;1;24
763;25;1;24
764;24;1;24
765;24;1;24
766;23;1;24
767;23;1;24
768;3;1;25
769;1;1;25
770;2;1;25
800;80;30;26
801;80;1;26
802;79;1;26
803;79;1;26
804;78;1;26
805;79;1;26
806;78;1;26
807;78;1;26
808;26;1;26
809;26;1;26
810;25;1;26
811;25;1;26
812;25;1;26
813;24;1;26
814;24;1;26
815;24;1;26
816;23;1;26
817;23;1;26
818;23;1;26
819;22;1;26
820;21;1;26
821;20;1;26
822;20;1;26
823;20;1;26
824;19;1;26
825;19;1;26
826;18;1;26
827;18;1;26
828;17;1;26
829;17;1;26
830;16;1;26
831;15;1;26
832;2;1;27
833;1;1;27
834;1;1;27
835;1;1;27
836;1;1;27
837;2;1;27
838;1;1;27
839;1;1;27
840;1;1;27
841;2;1;27
842;1;1;27
843;1;1;27
844;1;1;27
845;1;1;27
846;1;1;27
847;1;1;27
848;1;1;27
849;1;1;27
850;1;1;27
851;1;1;27
852;1;1;27
864;2;12;28
865;1;1;28
866;1;1;28
867;1;1;28
868;1;1;28
896;2;28;29
897;1;1;29
898;2;1;29
899;1;1;29
900;1;1;29
901;1;1;29
902;1;1;29
903;1;1;29
904;1;1;29
905;1;1;29
906;1;1;29
907;1;1;29
908;1;1;29
909;1;1;29
910;1;1;29
911;1;1;29
912;60;1;29
913;60;1;29
914;60;1;29
915;59;1;29
916;59;1;29
917;58;1;29
918;58;1;29
919;58;1;29
920;12;1;29
921;11;1;29
922;11;1;29
923;10;1;29
924;10;1;29
925;9;1;29
926;9;1;29
927;8;1;29
928;1;1;30
929;0;1;30
930;1;1;30
931;1;1;30
960;37;29;31
961;37;1;31
962;36;1;31
963;36;1;31
964;35;1;31
965;34;1;31
966;34;1;31
967;33;1;31
968;33;1;31
969;33;1;31
970;33;1;31
971;32;1;31
972;32;1;31
973;31;1;31
974;31;1;31
975;30;1;31
976;30;1;31
977;30;1;31
978;29;1;31
979;28;1;31
980;28;1;31
981;27;1;31
982;27;1;31
983;26;1;31
984;26;1;31
985;25;1;31
986;25;1;31
987;24;1;31
988;25;1;31
989;25;1;31
990;24;1;31
991;23;1;31
992;1;1;32
1024;125;32;33
1025;124;1;33
1026;124;1;33
1027;124;1;33
1028;123;1;33
1029;122;1;33
1030;121;1;33
1031;121;1;33
1032;121;1;33
1033;121;1;33
1034;120;1;33
1035;120;1;33
1036;119;1;33
1037;119;1;33
1038;118;1;33
1039;118;1;33
1040;117;1;33
1041;116;1;33
1042;116;1;33
1043;115;1;33
1044;65;1;33
1045;65;1;33
1046;65;1;33
1047;64;1;33
1048;64;1;33
1049;63;1;33
1050;64;1;33
1051;63;1;33
1052;62;1;33
1053;62;1;33
1054;61;1;33
1055;61;1;33
1056;1;1;34
1088;1;32;35
1089;1;1;35
1090;1;1;35
1091;1;1;35
1120;60;29;36
1121;60;1;36
1122;60;1;36
1123;59;1;36
1124;58;1;36
1125;57;1;36
1126;57;1;36
1127;56;1;36
1128;56;1;36
1129;55;1;36
1130;56;1;36
1131;56;1;36
1132;55;1;36
1133;55;1;36
1134;54;1;36
1135;53;1;36
1136;53;1;36
1137;52;1;36
1138;52;1;36
1139;15;1;36
1140;14;1;36
1141;14;1;36
1142;13;1;36
1143;13;1;36
1144;13;1;36
1145;12;1;36
1146;11;1;36
1147;10;1;36
1148;10;1;36
1149;10;1;36
1150;9;1;36
1151;9;1;36
1152;1;1;37
1153;2;1;37
1154;1;1;37
1155;1;1;37
1184;2;29;38
1185;1;1;38
1186;1;1;38
1187;1;1;38
1188;1;1;38
1189;1;1;38
1190;1;1;38
1191;1;1;38
1192;1;1;38
1193;1;1;38
1194;1;1;38
1195;74;1;38
1196;74;1;38
1197;73;1;38
1198;73;1;38
1199;72;1;38
1200;22;1;38
1201;21;1;38
1202;21;1;38
1203;20;1;38
1204;20;1;38
1205;20;1;38
1206;19;1;38
1207;19;1;38
1208;18;1;38
1209;18;1;38
1210;18;1;38
1211;18;1;38
1212;17;1;38
1213;16;1;38
1214;15;1;38
1215;15;1;38
1216;2;1;39
1248;2;32;40
1249;1;1;40
1250;1;1;40
1251;1;1;40
1252;1;1;40
1253;1;1;40
1254;1;1;40
1255;1;1;40
1256;1;1;40
1257;1;1;40
1258;1;1;40
1259;1;1;40
1260;1;1;40
1261;32;1;40
1262;32;1;40
1263;32;1;40
1264;31;1;40
1265;31;1;40
1266;30;1;40
1267;30;1;40
1268;30;1;40
1269;29;1;40
1270;29;1;40
1271;28;1;40
1272;28;1;40
1273;27;1;40
1274;26;1;40
1275;25;1;40
1276;25;1;40
1277;25;1;40
1278;24;1;40
1279;24;1;40
1280;1;1;41
1312;2;32;42
1313;92;1;42
1314;92;1;42
1315;92;1;42
1316;91;1;42
1317;91;1;42
1318;90;1;42
1319;90;1;42
1320;89;1;42
1321;89;1;42
1322;36;1;42
1323;36;1;42
1324;35;1;42
1325;35;1;42
1326;34;1;42
1327;34;1;42
1328;33;1;42
1329;33;1;42
1330;33;1;42
1331;32;1;42
1332;32;1;42
1333;31;1;42
1334;31;1;42
1335;30;1;42
1336;30;1;42
1337;29;1;42
1338;29;1;42
1339;29;1;42
1340;28;1;42
1341;28;1;42
1342;27;1;42
1343;26;1;42
1376;89;33;44
1377;88;1;44
1378;88;1;44
1379;88;1;44
1380;87;1;44
1381;86;1;44
1382;85;1;44
1383;85;1;44
1384;33;1;44
1385;33;1;44
1386;32;1;44
1387;32;1;44
1388;31;1;44
1389;31;1;44
1390;30;1;44
1391;29;1;44
1392;29;1;44
1393;28;1;44
1394;28;1;44
1395;27;1;44
1396;27;1;44
1397;26;1;44
1398;26;1;44
1399;25;1;44
1400;25;1;44
1401;24;1;44
1402;23;1;44
1403;23;1;44
1404;22;1;44
1405;22;1;44
1406;22;1;44
1407;21;1;44
1408;1;1;45
1409;2;1;45
1440;1;31;46
1441;1;1;46
1442;1;1;46
1443;1;1;46
1444;1;1;46
1445;81;1;46
1446;31;1;46
1447;31;1;46
1448;30;1;46
1449;30;1;46
1450;30;1;46
1451;29;1;46
1452;29;1;46
1453;29;1;46
1454;28;1;46
1455;29;1;46
1456;28;1;46
1457;27;1;46
1458;26;1;46
1459;26;1;46
1460;26;1;46
1461;25;1;46
1462;25;1;46
1463;25;1;46
1464;24;1;46
1465;24;1;46
1466;23;1;46
1467;23;1;46
1468;22;1;46
1469;22;1;46
1470;21;1;46
1471;21;1;46
1504;1;33;48
1505;2;1;48
1506;1;1;48
1507;91;1;48
1508;38;1;48
1509;37;1;48
1510;37;1;48
1511;36;1;48
1512;36;1;48
1513;36;1;48
1514;35;1;48
1515;35;1;48
1516;34;1;48
1517;34;1;48
1518;34;1;48
1519;33;1;48
1520;33;1;48
1521;32;1;48
1522;31;1;48
1523;31;1;48
1524;30;1;48
1525;30;1;48
1526;29;1;48
1527;29;1;48
1528;28;1;48
1529;28;1;48
1530;28;1;48
1531;27;1;48
1532;27;1;48
1533;26;1;48
1534;25;1;48
1535;25;1;48
1536;2;1;49
1537;2;1;49
1538;2;1;49
1539;2;1;49
1540;1;1;49
1541;1;1;49
1542;1;1;49
1543;1;1;49
1544;1;1;49
1545;1;1;49
1568;2;23;50
1569;86;1;50
1570;86;1;50
1571;86;1;50
1572;32;1;50
1573;32;1;50
1574;31;1;50
1575;31;1;50
1576;30;1;50
1577;30;1;50
1578;29;1;50
1579;29;1;50
1580;28;1;50
1581;28;1;50
1582;28;1;50
1583;27;1;50
1584;26;1;50
1585;26;1;50
1586;25;1;50
1587;25;1;50
1588;24;1;50
1589;24;1;50
1590;23;1;50
1591;23;1;50
1592;23;1;50
1593;22;1;50
1594;22;1;50
1595;21;1;50
1596;20;1;50
1597;20;1;50
1598;19;1;50
1599;19;1;50
1632;1;33;52
1633;92;1;52
1634;91;1;52
1635;91;1;52
1636;39;1;52
1637;38;1;52
1638;38;1;52
1639;38;1;52
1640;37;1;52
1641;37;1;52
1642;36;1;52
1643;36;1;52
1644;35;1;52
1645;35;1;52
1646;34;1;52
1647;34;1;52
1648;34;1;52
1649;34;1;52
1650;33;1;52
1651;32;1;52
1652;32;1;52
1653;31;1;52
1654;31;1;52
1655;31;1;52
1656;31;1;52
1657;30;1;52
1658;30;1;52
1659;29;1;52
1660;29;1;52
1661;29;1;52
1662;28;1;52
1663;28;1;52
1696;87;33;54
1697;87;1;54
1698;87;1;54
1699;86;1;54
1700;86;1;54
1701;85;1;54
1702;33;1;54
1703;33;1;54
1704;32;1;54
1705;32;1;54
1706;32;1;54
1707;31;1;54
1708;31;1;54
1709;30;1;54
1710;30;1;54
1711;29;1;54
1712;29;1;54
1713;29;1;54
1714;29;1;54
1715;28;1;54
1716;28;1;54
1717;28;1;54
1718;28;1;54
1719;28;1;54
1720;27;1;54
1721;27;1;54
1722;26;1;54
1723;25;1;54
1724;25;1;54
1725;24;1;54
1726;24;1;54
1727;23;1;54
1728;2;1;55
1729;1;1;55
1730;2;1;55
1731;1;1;55
1732;1;1;55
1760;2;28;56
1761;1;1;56
1762;1;1;56
1763;1;1;56
1764;1;1;56
1765;1;1;56
1766;1;1;56
1767;83;1;56
1768;33;1;56
1769;33;1;56
1770;33;1;56
1771;32;1;56
1772;32;1;56
1773;31;1;56
1774;31;1;56
1775;31;1;56
1776;30;1;56
1777;30;1;56
1778;29;1;56
1779;28;1;56
1780;28;1;56
1781;28;1;56
1782;27;1;56
1783;27;1;56
1784;26;1;56
1785;26;1;56
1786;25;1;56
1787;25;1;56
1788;24;1;56
1789;24;1;56
1790;24;1;56
1791;23;1;56
1792;3;1;57
1793;1;1;57
1794;1;1;57
1795;1;1;57
1796;1;1;57
1824;1;28;58
1825;1;1;58
1826;1;1;58
1827;85;1;58
1828;84;1;58
1829;84;1;58
1830;83;1;58
1831;83;1;58
1832;82;1;58
1833;82;1;58
1834;81;1;58
1835;30;1;58
1836;30;1;58
1837;30;1;58
1838;29;1;58
1839;29;1;58
1840;29;1;58
1841;28;1;58
1842;28;1;58
1843;27;1;58
1844;26;1;58
1845;26;1;58
1846;25;1;58
1847;25;1;58
1848;24;1;58
1849;24;1;58
1850;23;1;58
1851;22;1;58
1852;22;1;58
1853;21;1;58
1854;20;1;58
1855;20;1;58
1888;1;33;60
1889;1;1;60
1890;84;1;60
1891;84;1;60
1892;83;1;60
1893;83;1;60
1894;82;1;60
1895;82;1;60
1896;81;1;60
1897;81;1;60
1898;80;1;60
1899;80;1;60
1900;80;1;60
1901;79;1;60
1902;27;1;60
1903;26;1;60
1904;26;1;60
1905;25;1;60
1906;25;1;60
1907;24;1;60
1908;23;1;60
1909;23;1;60
1910;22;1;60
1911;22;1;60
1912;22;1;60
1913;21;1;60
1914;21;1;60
1915;20;1;60
1916;20;1;60
1917;19;1;60
1918;19;1;60
1919;18;1;60
1920;3;1;61
1952;1;32;62
1953;1;1;62
1954;1;1;62
1955;1;1;62
1956;1;1;62
1957;1;1;62
1958;1;1;62
1959;82;1;62
1960;82;1;62
1961;81;1;62
1962;81;1;62
1963;80;1;62
1964;80;1;62
1965;79;1;62
1966;79;1;62
1967;78;1;62
1968;78;1;62
1969;29;1;62
1970;28;1;62
1971;28;1;62
1972;27;1;62
1973;27;1;62
1974;26;1;62
1975;26;1;62
1976;26;1;62
1977;25;1;62
1978;24;1;62
1979;24;1;62
1980;23;1;62
1981;23;1;62
1982;23;1;62
1983;22;1;62
1984;1;1;63
1985;2;1;63
1986;1;1;63
1987;1;1;63
1988;1;1;63
1989;1;1;63
1990;1;1;63
1991;1;1;63
1992;1;1;63
2016;1;24;64
2017;81;1;64
2018;81;1;64
2019;81;1;64
2020;80;1;64
2021;79;1;64
2022;79;1;64
2023;79;1;64
2024;78;1;64
2025;78;1;64
2026;77;1;64
2027;77;1;64
2028;76;1;64
2029;76;1;64
2030;76;1;64
2031;75;1;64
2032;75;1;64
2033;75;1;64
2034;74;1;64
2035;73;1;64
2036;22;1;64
2037;22;1;64
2038;21;1;64
2039;21;1;64
2040;20;1;64
2041;20;1;64
2042;19;1;64
2043;19;1;64
2044;19;1;64
2045;18;1;64
2046;18;1;64
2047;18;1;64
2048;1;1;65
2049;1;1;65
2050;1;1;65
2080;1;30;66
2081;2;1;66
2082;1;1;66
2083;1;1;66
2084;1;1;66
2085;75;1;66
2086;75;1;66
2087;75;1;66
2088;75;1;66
2089;74;1;66
2090;74;1;66
2091;73;1;66
2092;73;1;66
2093;72;1;66
2094;71;1;66
2095;71;1;66
2096;70;1;66
2097;70;1;66
2098;69;1;66
2099;69;1;66
2100;68;1;66
2101;68;1;66
2102;67;1;66
2103;67;1;66
2104;20;1;66
2105;19;1;66
2106;19;1;66
2107;19;1;66
2108;18;1;66
2109;18;1;66
2110;18;1;66
2111;17;1;66
2112;2;1;67
2113;1;1;67
2144;1;31;68
2145;1;1;68
2146;1;1;68
2147;1;1;68
2148;1;1;68
2149;1;1;68
2150;1;1;68
2151;1;1;68
2152;1;1;68
2153;1;1;68
2154;1;1;68
2155;1;1;68
2156;2;1;68
2157;1;1;68
2158;1;1;68
2159;82;1;68
2160;82;1;68
2161;82;1;68
2162;81;1;68
2163;81;1;68
2164;81;1;68
2165;80;1;68
2166;80;1;68
2167;80;1;68
2168;79;1;68
2169;79;1;68
2170;78;1;68
2171;78;1;68
2172;28;1;68
2173;28;1;68
2174;27;1;68
2175;27;1;68
2176;2;1;69
2177;2;1;69
2178;1;1;69
2208;1;30;70
2209;1;1;70
2210;86;1;70
2211;86;1;70
2212;85;1;70
2213;84;1;70
2214;84;1;70
2215;84;1;70
2216;83;1;70
2217;83;1;70
2218;83;1;70
2219;82;1;70
2220;82;1;70
2221;81;1;70
2222;81;1;70
2223;80;1;70
2224;80;1;70
2225;80;1;70
2226;79;1;70
2227;79;1;70
2228;78;1;70
2229;78;1;70
2230;77;1;70
2231;77;1;70
2232;78;1;70
2233;77;1;70
2234;77;1;70
2235;76;1;70
2236;76;1;70
2237;75;1;70
2238;22;1;70
2239;21;1;70
2240;2;1;71
2241;1;1;71
2272;1;31;72
2273;1;1;72
2274;1;1;72
2275;34;1;72
2276;33;1;72
2277;33;1;72
2278;32;1;72
2279;32;1;72
2280;31;1;72
2281;31;1;72
2282;31;1;72
2283;31;1;72
2284;31;1;72
2285;30;1;72
2286;30;1;72
2287;29;1;72
2288;29;1;72
2289;29;1;72
2290;28;1;72
2291;28;1;72
2292;27;1;72
2293;27;1;72
2294;26;1;72
2295;25;1;72
2296;25;1;72
2297;24;1;72
2298;24;1;72
2299;24;1;72
2300;23;1;72
2301;23;1;72
2302;22;1;72
2303;22;1;72
2336;1;33;74
2337;1;1;74
2338;1;1;74
2339;2;1;74
2340;1;1;74
2341;1;1;74
2342;1;1;74
2343;1;1;74
2344;1;1;74
2345;1;1;74
2346;1;1;74
2347;1;1;74
2348;1;1;74
2349;27;1;74
2350;27;1;74
2351;26;1;74
2352;26;1;74
2353;25;1;74
2354;25;1;74
2355;24;1;74
2356;24;1;74
2357;23;1;74
2358;23;1;74
2359;23;1;74
2360;22;1;74
2361;21;1;74
2362;21;1;74
2363;20;1;74
2364;20;1;74
2365;20;1;74
2366;20;1;74
2367;19;1;74
2400;1;33;76
2401;1;1;76
2402;1;1;76
2403;1;1;76
2404;80;1;76
2405;80;1;76
2406;28;1;76
2407;28;1;76
2408;28;1;76
2409;27;1;76
2410;27;1;76
2411;26;1;76
2412;26;1;76
2413;25;1;76
2414;25;1;76
2415;25;1;76
2416;25;1;76
2417;24;1;76
2418;23;1;76
2419;23;1;76
2420;22;1;76
2421;22;1;76
2422;21;1;76
2423;21;1;76
2424;20;1;76
2425;20;1;76
2426;19;1;76
2427;18;1;76
2428;18;1;76
2429;18;1;76
2430;17;1;76
2431;17;1;76
2432;2;1;77
2433;1;1;77
2434;1;1;77
2435;1;1;77
2464;1;29;78
2465;1;1;78
2466;1;1;78
2467;1;1;78
2468;1;1;78
2469;83;1;78
2470;83;1;78
2471;83;1;78
2472;33;1;78
2473;32;1;78
2474;32;1;78
2475;31;1;78
2476;31;1;78
2477;31;1;78
2478;29;1;78
2479;29;1;78
2480;28;1;78
2481;28;1;78
2482;27;1;78
2483;27;1;78
2484;26;1;78
2485;26;1;78
2486;25;1;78
2487;25;1;78
2488;24;1;78
2489;24;1;78
2490;23;1;78
2491;23;1;78
2492;22;1;78
2493;22;1;78
2494;22;1;78
2495;21;1;78
2496;1;1;79
2528;1;32;80
2529;1;1;80
2530;1;1;80
2531;1;1;80
2532;87;1;80
2533;87;1;80
2534;86;1;80
2535;86;1;80
2536;85;1;80
2537;85;1;80
2538;35;1;80
2539;34;1;80
2540;34;1;80
2541;34;1;80
2542;33;1;80
2543;32;1;80
2544;32;1;80
2545;31;1;80
2546;31;1;80
2547;31;1;80
2548;30;1;80
2549;30;1;80
2550;29;1;80
2551;29;1;80
2552;28;1;80
2553;28;1;80
2554;27;1;80
2555;27;1;80
2556;26;1;80
2557;25;1;80
2558;25;1;80
2559;24;1;80
2560;2;1;81
2561;2;1;81
2562;2;1;81
2563;2;1;81
2564;1;1;81
2565;1;1;81
2566;1;1;81
2567;1;1;81
2592;2;25;82
2593;1;1;82
2594;81;1;82
2595;81;1;82
2596;81;1;82
2597;80;1;82
2598;80;1;82
2599;79;1;82
2600;79;1;82
2601;78;1;82
2602;78;1;82
2603;77;1;82
2604;28;1;82
2605;28;1;82
2606;27;1;82
2607;27;1;82
2608;26;1;82
2609;26;1;82
2610;25;1;82
2611;25;1;82
2612;24;1;82
2613;24;1;82
2614;24;1;82
2615;23;1;82
2616;23;1;82
2617;22;1;82
2618;21;1;82
2619;21;1;82
2620;20;1;82
2621;20;1;82
2622;20;1;82
2623;19;1;82
2624;1;1;83
2625;2;1;83
2626;1;1;83
2627;1;1;83
2656;2;29;84
2657;1;1;84
2658;85;1;84
2659;85;1;84
2660;84;1;84
2661;83;1;84
2662;83;1;84
2663;82;1;84
2664;82;1;84
2665;81;1;84
2666;81;1;84
2667;80;1;84
2668;80;1;84
2669;79;1;84
2670;78;1;84
2671;78;1;84
2672;28;1;84
2673;28;1;84
2674;28;1;84
2675;28;1;84
2676;27;1;84
2677;27;1;84
2678;26;1;84
2679;26;1;84
2680;25;1;84
2681;24;1;84
2682;24;1;84
2683;23;1;84
2684;23;1;84
2685;23;1;84
2686;22;1;84
2687;21;1;84
2688;1;1;85
2689;2;1;85
2690;1;1;85
2691;1;1;85
2692;1;1;85
2693;1;1;85
2694;1;1;85
2695;1;1;85
2696;1;1;85
2697;1;1;85
2698;1;1;85
2720;2;22;86
2721;1;1;86
2722;1;1;86
2723;1;1;86
2724;1;1;86
2725;1;1;86
2726;1;1;86
2727;72;1;86
2728;72;1;86
2729;72;1;86
2730;71;1;86
2731;71;1;86
2732;71;1;86
2733;71;1;86
2734;71;1;86
2735;71;1;86
2736;70;1;86
2737;69;1;86
2738;69;1;86
2739;68;1;86
2740;18;1;86
2741;18;1;86
2742;17;1;86
2743;17;1;86
2744;16;1;86
2745;16;1;86
2746;15;1;86
2747;15;1;86
2748;14;1;86
2749;13;1;86
2750;13;1;86
2751;12;1;86
2752;2;1;87
2753;1;1;87
2754;1;1;87
2755;1;1;87
2784;2;29;88
2785;83;1;88
2786;83;1;88
2787;83;1;88
2788;82;1;88
2789;81;1;88
2790;80;1;88
2791;80;1;88
2792;79;1;88
2793;79;1;88
2794;79;1;88
2795;78;1;88
2796;78;1;88
2797;78;1;88
2798;77;1;88
2799;77;1;88
2800;77;1;88
2801;76;1;88
2802;75;1;88
2803;75;1;88
2804;74;1;88
2805;74;1;88
2806;23;1;88
2807;22;1;88
2808;22;1;88
2809;21;1;88
2810;21;1;88
2811;20;1;88
2812;20;1;88
2813;19;1;88
2814;19;1;88
2815;19;1;88
2816;2;1;89
2817;1;1;89
2818;2;1;89
2848;1;30;90
2849;74;1;90
2850;73;1;90
2851;73;1;90
2852;72;1;90
2853;71;1;90
2854;71;1;90
2855;70;1;90
2856;70;1;90
2857;69;1;90
2858;69;1;90
2859;68;1;90
2860;68;1;90
2861;68;1;90
2862;67;1;90
2863;66;1;90
2864;65;1;90
2865;65;1;90
2866;65;1;90
2867;64;1;90
2868;63;1;90
2869;63;1;90
2870;62;1;90
2871;62;1;90
2872;62;1;90
2873;21;1;90
2874;21;1;90
2875;20;1;90
2876;20;1;90
2877;20;1;90
2878;19;1;90
2879;19;1;90
2880;2;1;91
2881;1;1;91
2882;1;1;91
2883;1;1;91
2884;1;1;91
2912;1;28;92
2913;1;1;92
2914;1;1;92
2915;83;1;92
2916;82;1;92
2917;81;1;92
2918;81;1;92
2919;81;1;92
2920;80;1;92
2921;80;1;92
2922;80;1;92
2923;80;1;92
2924;80;1;92
2925;80;1;92
2926;80;1;92
2927;79;1;92
2928;79;1;92
2929;79;1;92
2930;78;1;92
2931;78;1;92
2932;77;1;92
2933;76;1;92
2934;76;1;92
2935;75;1;92
2936;75;1;92
2937;74;1;92
2938;74;1;92
2939;73;1;92
2940;73;1;92
2941;28;1;92
2942;27;1;92
2943;27;1;92
2944;1;1;93
2945;4;1;93
2946;4;1;93
2947;4;1;93
2948;4;1;93
2976;31;28;94
2977;31;1;94
2978;31;1;94
2979;30;1;94
2980;30;1;94
2981;29;1;94
2982;28;1;94
2983;28;1;94
2984;27;1;94
2985;27;1;94
2986;26;1;94
2987;26;1;94
2988;25;1;94
2989;25;1;94
2990;25;1;94
2991;24;1;94
2992;24;1;94
2993;23;1;94
2994;22;1;94
2995;22;1;94
2996;21;1;94
2997;21;1;94
2998;20;1;94
2999;20;1;94
3000;20;1;94
3001;19;1;94
3002;19;1;94
3003;19;1;94
3004;19;1;94
3005;18;1;94
3006;18;1;94
3007;18;1;94
3008;2;1;95
3009;1;1;95
3040;37;31;96
3041;37;1;96
3042;36;1;96
3043;36;1;96
3044;36;1;96
3045;35;1;96
3046;34;1;96
3047;34;1;96
3048;33;1;96
3049;33;1;96
3050;33;1;96
3051;32;1;96
3052;32;1;96
3053;29;1;96
3054;29;1;96
3055;28;1;96
3056;28;1;96
3057;27;1;96
3058;26;1;96
3059;26;1;96
3060;25;1;96
3061;25;1;96
3062;24;1;96
3063;24;1;96
3064;23;1;96
3065;23;1;96
3066;22;1;96
3067;21;1;96
3068;21;1;96
3069;20;1;96
3070;20;1;96
3071;20;1;96
3072;1;1;97
3073;2;1;97
3104;74;31;98
3105;73;1;98
3106;73;1;98
3107;73;1;98
3108;73;1;98
3109;72;1;98
3110;72;1;98
3111;71;1;98
3112;71;1;98
3113;70;1;98
3114;70;1;98
3115;69;1;98
3116;69;1;98
3117;68;1;98
3118;68;1;98
3119;67;1;98
3120;67;1;98
3121;67;1;98
3122;66;1;98
3123;65;1;98
3124;65;1;98
3125;65;1;98
3126;64;1;98
3127;22;1;98
3128;21;1;98
3129;21;1;98
3130;21;1;98
3131;20;1;98
3132;20;1;98
3133;20;1;98
3134;19;1;98
3135;19;1;98
3136;1;1;99
3137;1;1;99
3168;1;31;100
3169;1;1;100
3170;1;1;100
3171;77;1;100
3172;77;1;100
3173;76;1;100
3174;76;1;100
3175;75;1;100
3176;75;1;100
3177;74;1;100
3178;74;1;100
3179;74;1;100
3180;73;1;100
3181;73;1;100
3182;73;1;100
3183;72;1;100
3184;73;1;100
3185;72;1;100
3186;71;1;100
3187;71;1;100
3188;71;1;100
3189;70;1;100
3190;70;1;100
3191;69;1;100
3192;69;1;100
3193;68;1;100
3194;68;1;100
3195;67;1;100
3196;67;1;100
3197;17;1;100
3198;17;1;100
3199;16;1;100
3200;1;1;101
3201;2;1;101
3202;1;1;101
3203;1;1;101
3264;1;61;103
3265;1;1;103
3266;1;1;103
3267;25;1;103
3268;25;1;103
3269;26;1;103
3270;25;1;103
3271;25;1;103
3272;25;1;103
3273;25;1;103
3274;25;1;103
3275;24;1;103
3276;24;1;103
3277;23;1;103
3278;23;1;103
3279;22;1;103
3280;22;1;103
3281;21;1;103
3282;20;1;103
3283;20;1;103
3284;19;1;103
3285;19;1;103
3286;18;1;103
3287;18;1;103
3288;17;1;103
3289;17;1;103
3290;17;1;103
3291;16;1;103
3292;15;1;103
3293;15;1;103
3294;15;1;103
3295;14;1;103
3296;1;1;104
3328;2;32;105
3329;1;1;105
3330;1;1;105
3331;1;1;105
3332;1;1;105
3333;1;1;105
3334;0;1;105
3335;1;1;105
3336;80;1;105
3337;31;1;105
3338;30;1;105
3339;30;1;105
3340;29;1;105
3341;29;1;105
3342;28;1;105
3343;28;1;105
3344;27;1;105
3345;27;1;105
3346;26;1;105
3347;26;1;105
3348;26;1;105
3349;26;1;105
3350;25;1;105
3351;25;1;105
3352;24;1;105
3353;24;1;105
3354;24;1;105
3355;23;1;105
3356;23;1;105
3357;22;1;105
3358;22;1;105
3359;21;1;105
3360;1;1;106
3361;3;1;106
3362;3;1;106
3363;2;1;106
3364;2;1;106
3392;82;28;107
3393;81;1;107
3394;81;1;107
3395;81;1;107
3396;80;1;107
3397;79;1;107
3398;80;1;107
3399;79;1;107
3400;79;1;107
3401;79;1;107
3402;79;1;107
3403;78;1;107
3404;78;1;107
3405;77;1;107
3406;77;1;107
3407;26;1;107
3408;25;1;107
3409;25;1;107
3410;25;1;107
3411;24;1;107
3412;24;1;107
3413;23;1;107
3414;23;1;107
3415;23;1;107
3416;22;1;107
3417;22;1;107
3418;22;1;107
3419;21;1;107
3420;21;1;107
3421;20;1;107
3422;19;1;107
3423;19;1;107
3456;1;33;109
3457;0;1;109
3458;1;1;109
3459;2;1;109
3460;1;1;109
3461;1;1;109
3462;83;1;109
3463;83;1;109
3464;83;1;109
3465;82;1;109
3466;82;1;109
3467;82;1;109
3468;81;1;109
3469;81;1;109
3470;81;1;109
3471;80;1;109
3472;80;1;109
3473;80;1;109
3474;79;1;109
3475;79;1;109
3476;28;1;109
3477;27;1;109
3478;27;1;109
3479;27;1;109
3480;26;1;109
3481;26;1;109
3482;26;1;109
3483;25;1;109
3484;25;1;109
3485;24;1;109
3486;23;1;109
3487;22;1;109
3488;1;1;110
3489;2;1;110
3490;2;1;110
3491;1;1;110
3492;1;1;110
3493;1;1;110
3520;2;27;111
3521;87;1;111
3522;87;1;111
3523;86;1;111
3524;86;1;111
3525;85;1;111
3526;85;1;111
3527;84;1;111
3528;76;1;111
3529;76;1;111
3530;75;1;111
3531;75;1;111
3532;74;1;111
3533;74;1;111
3534;74;1;111
3535;73;1;111
3536;72;1;111
3537;70;1;111
3538;70;1;111
3539;69;1;111
3540;69;1;111
3541;68;1;111
3542;68;1;111
3543;67;1;111
3544;67;1;111
3545;67;1;111
3546;25;1;111
3547;24;1;111
3548;25;1;111
3549;25;1;111
3550;24;1;111
3551;24;1;111
3552;1;1;112
3553;1;1;112
3584;1;31;113
3585;1;1;113
3586;1;1;113
3587;42;1;113
3588;41;1;113
3589;40;1;113
3590;40;1;113
3591;39;1;113
3592;39;1;113
3593;39;1;113
3594;38;1;113
3595;37;1;113
3596;37;1;113
3597;36;1;113
3598;36;1;113
3599;35;1;113
3600;34;1;113
3601;34;1;113
3602;34;1;113
3603;34;1;113
3604;33;1;113
3605;33;1;113
3606;32;1;113
3607;32;1;113
3608;32;1;113
3609;31;1;113
3610;31;1;113
3611;30;1;113
3612;29;1;113
3613;28;1;113
3614;28;1;113
3615;27;1;113
3616;1;1;114
3617;3;1;114
3618;2;1;114
3648;1;30;115
3649;1;1;115
3650;2;1;115
3651;1;1;115
3652;2;1;115
3653;1;1;115
3654;1;1;115
3655;30;1;115
3656;31;1;115
3657;30;1;115
3658;30;1;115
3659;30;1;115
3660;29;1;115
3661;29;1;115
3662;27;1;115
3663;27;1;115
3664;26;1;115
3665;26;1;115
3666;26;1;115
3667;25;1;115
3668;25;1;115
3669;24;1;115
3670;24;1;115
3671;24;1;115
3672;23;1;115
3673;23;1;115
3674;22;1;115
3675;22;1;115
3676;22;1;115
3677;21;1;115
3678;20;1;115
3679;19;1;115
3680;1;1;116
3681;1;1;116
3712;1;31;117
3713;1;1;117
3714;87;1;117
3715;87;1;117
3716;86;1;117
3717;85;1;117
3718;35;1;117
3719;34;1;117
3720;34;1;117
3721;34;1;117
3722;33;1;117
3723;33;1;117
3724;33;1;117
3725;32;1;117
3726;32;1;117
3727;31;1;117
3728;31;1;117
3729;30;1;117
3730;29;1;117
3731;29;1;117
3732;24;1;117
3733;24;1;117
3734;23;1;117
3735;23;1;117
3736;22;1;117
3737;22;1;117
3738;22;1;117
3739;21;1;117
3740;20;1;117
3741;20;1;117
3742;19;1;117
3743;19;1;117
3744;2;1;118
3745;2;1;118
3746;1;1;118
3747;1;1;118
3776;1;29;119
3777;85;1;119
3778;84;1;119
3779;84;1;119
3780;83;1;119
3781;83;1;119
3782;82;1;119
3783;82;1;119
3784;81;1;119
3785;81;1;119
3786;30;1;119
3787;29;1;119
3788;28;1;119
3789;28;1;119
3790;28;1;119
3791;27;1;119
3792;26;1;119
3793;25;1;119
3794;25;1;119
3795;25;1;119
3796;24;1;119
3797;24;1;119
3798;23;1;119
3799;23;1;119
3800;23;1;119
3801;23;1;119
3802;22;1;119
3803;21;1;119
3804;21;1;119
3805;20;1;119
3806;20;1;119
3807;19;1;119
3808;2;1;120
3809;2;1;120
3840;1;31;121
3841;2;1;121
3842;1;1;121
3843;1;1;121
3844;1;1;121
3845;1;1;121
3846;1;1;121
3847;1;1;121
3848;79;1;121
3849;79;1;121
3850;79;1;121
3851;78;1;121
3852;78;1;121
3853;77;1;121
3854;76;1;121
3855;76;1;121
3856;29;1;121
3857;29;1;121
3858;28;1;121
3859;28;1;121
3860;27;1;121
3861;27;1;121
3862;27;1;121
3863;27;1;121
3864;26;1;121
3865;26;1;121
3866;26;1;121
3867;25;1;121
3868;24;1;121
3869;24;1;121
3870;23;1;121
3871;23;1;121
3872;4;1;122
3873;1;1;122
3904;81;31;123
3905;81;1;123
3906;80;1;123
3907;80;1;123
3908;79;1;123
3909;78;1;123
3910;78;1;123
3911;77;1;123
3912;76;1;123
3913;76;1;123
3914;76;1;123
3915;76;1;123
3916;75;1;123
3917;75;1;123
3918;74;1;123
3919;74;1;123
3920;73;1;123
3921;73;1;123
3922;72;1;123
3923;72;1;123
3924;71;1;123
3925;71;1;123
3926;21;1;123
3927;21;1;123
3928;21;1;123
3929;20;1;123
3930;20;1;123
3931;19;1;123
3932;19;1;123
3933;19;1;123
3934;18;1;123
3935;18;1;123
3968;89;33;125
3969;89;1;125
3970;88;1;125
3971;88;1;125
3972;88;1;125
3973;87;1;125
3974;86;1;125
3975;86;1;125
3976;86;1;125
3977;85;1;125
3978;85;1;125
3979;84;1;125
3980;84;1;125
3981;83;1;125
3982;83;1;125
3983;83;1;125
3984;82;1;125
3985;82;1;125
3986;82;1;125
3987;81;1;125
3988;81;1;125
3989;80;1;125
3990;80;1;125
3991;80;1;125
3992;79;1;125
3993;79;1;125
3994;78;1;125
3995;78;1;125
3996;24;1;125
3997;23;1;125
3998;23;1;125
3999;23;1;125
4000;1;1;126
4001;1;1;126
4002;1;1;126
4003;1;1;126
4004;1;1;126
4032;2;28;127
4033;37;1;127
4034;37;1;127
4035;36;1;127
4036;35;1;127
4037;35;1;127
4038;35;1;127
4039;34;1;127
4040;34;1;127
4041;33;1;127
4042;33;1;127
4043;32;1;127
4044;32;1;127
4045;31;1;127
4046;31;1;127
4047;31;1;127
4048;30;1;127
4049;30;1;127
4050;29;1;127
4051;28;1;127
4052;28;1;127
4053;28;1;127
4054;27;1;127
4055;27;1;127
4056;27;1;127
4057;26;1;127
4058;26;1;127
4059;25;1;127
4060;25;1;127
4061;25;1;127
4062;26;1;127
4063;25;1;127
4096;1;33;129
4097;81;1;129
4098;80;1;129
4099;80;1;129
4100;79;1;129
4101;37;1;129
4102;37;1;129
4103;36;1;129
4104;36;1;129
4105;35;1;129
4106;35;1;129
4107;34;1;129
4108;34;1;129
4109;33;1;129
4110;32;1;129
4111;32;1;129
4112;31;1;129
4113;31;1;129
4114;30;1;129
4115;30;1;129
4116;29;1;129
4117;29;1;129
4118;29;1;129
4119;28;1;129
4120;28;1;129
4121;28;1;129
4122;27;1;129
4123;27;1;129
4124;27;1;129
4125;25;1;129
4126;25;1;129
4127;24;1;129
4128;2;1;130
4160;1;32;131
4161;1;1;131
4162;1;1;131
4163;1;1;131
4164;1;1;131
4165;1;1;131
4166;71;1;131
4167;70;1;131
4168;70;1;131
4169;70;1;131
4170;69;1;131
4171;29;1;131
4172;29;1;131
4173;28;1;131
4174;28;1;131
4175;27;1;131
4176;26;1;131
4177;26;1;131
4178;25;1;131
4179;25;1;131
4180;24;1;131
4181;24;1;131
4182;24;1;131
4183;23;1;131
4184;22;1;131
4185;22;1;131
4186;21;1;131
4187;20;1;131
4188;20;1;131
4189;19;1;131
4190;19;1;131
4191;18;1;131
4192;2;1;132
4193;2;1;132
4194;1;1;132
4195;1;1;132
4224;1;29;133
4225;1;1;133
4226;1;1;133
4227;1;1;133
4228;1;1;133
4229;1;1;133
4230;82;1;133
4231;82;1;133
4232;82;1;133
4233;81;1;133
4234;81;1;133
4235;81;1;133
4236;80;1;133
4237;80;1;133
4238;80;1;133
4239;79;1;133
4240;79;1;133
4241;30;1;133
4242;29;1;133
4243;29;1;133
4244;28;1;133
4245;28;1;133
4246;27;1;133
4247;27;1;133
4248;26;1;133
4249;26;1;133
4250;25;1;133
4251;25;1;133
4252;25;1;133
4253;25;1;133
4254;24;1;133
4255;24;1;133
4288;1;33;135
4289;1;1;135
4290;1;1;135
4291;1;1;135
4292;1;1;135
4293;1;1;135
4294;83;1;135
4295;83;1;135
4296;83;1;135
4297;82;1;135
4298;82;1;135
4299;82;1;135
4300;81;1;135
4301;81;1;135
4302;80;1;135
4303;80;1;135
4304;79;1;135
4305;78;1;135
4306;78;1;135
4307;77;1;135
4308;77;1;135
4309;76;1;135
4310;76;1;135
4311;27;1;135
4312;26;1;135
4313;26;1;135
4314;26;1;135
4315;26;1;135
4316;25;1;135
4317;25;1;135
4318;24;1;135
4319;23;1;135
4320;1;1;136
4321;2;1;136
4322;2;1;136
4323;1;1;136
4324;1;1;136
4325;1;1;136
4326;1;1;136
4327;1;1;136
4328;1;1;136
4329;1;1;136
4330;2;1;136
4352;1;22;137
4353;11;1;137
4354;1;1;137
4355;1;1;137
4356;1;1;137
4357;1;1;137
4358;1;1;137
4359;1;1;137
4360;1;1;137
4361;68;1;137
4362;67;1;137
4363;67;1;137
4364;67;1;137
4365;66;1;137
4366;66;1;137
4367;65;1;137
4368;65;1;137
4369;64;1;137
4370;64;1;137
4371;63;1;137
4372;63;1;137
4373;62;1;137
4374;61;1;137
4375;61;1;137
4376;60;1;137
4377;60;1;137
4378;59;1;137
4379;59;1;137
4380;59;1;137
4381;21;1;137
4382;20;1;137
4383;20;1;137
4384;2;1;138
4385;1;1;138
4416;33;31;139
4417;33;1;139
4418;33;1;139
4419;32;1;139
4420;32;1;139
4421;30;1;139
4422;30;1;139
4423;30;1;139
4424;29;1;139
4425;29;1;139
4426;28;1;139
4427;27;1;139
4428;27;1;139
4429;27;1;139
4430;26;1;139
4431;26;1;139
4432;25;1;139
4433;24;1;139
4434;24;1;139
4435;23;1;139
4436;23;1;139
4437;23;1;139
4438;22;1;139
4439;23;1;139
4440;22;1;139
4441;22;1;139
4442;21;1;139
4443;21;1;139
4444;19;1;139
4445;19;1;139
4446;19;1;139
4447;18;1;139
4448;3;1;140
4480;1;32;141
4481;81;1;141
4482;80;1;141
4483;80;1;141
4484;79;1;141
4485;78;1;141
4486;29;1;141
4487;28;1;141
4488;28;1;141
4489;27;1;141
4490;27;1;141
4491;26;1;141
4492;26;1;141
4493;26;1;141
4494;25;1;141
4495;24;1;141
4496;24;1;141
4497;23;1;141
4498;23;1;141
4499;22;1;141
4500;22;1;141
4501;21;1;141
4502;21;1;141
4503;20;1;141
4504;20;1;141
4505;19;1;141
4506;18;1;141
4507;17;1;141
4508;17;1;141
4509;16;1;141
4510;16;1;141
4511;16;1;141
4512;1;1;142
4513;2;1;142
4514;1;1;142
4515;1;1;142
4544;2;29;143
4545;1;1;143
4546;1;1;143
4547;1;1;143
4548;85;1;143
4549;85;1;143
4550;85;1;143
4551;85;1;143
4552;85;1;143
4553;84;1;143
4554;84;1;143
4555;84;1;143
4556;35;1;143
4557;34;1;143
4558;34;1;143
4559;34;1;143
4560;33;1;143
4561;32;1;143
4562;31;1;143
4563;31;1;143
4564;30;1;143
4565;30;1;143
4566;30;1;143
4567;30;1;143
4568;29;1;143
4569;29;1;143
4570;28;1;143
4571;27;1;143
4572;26;1;143
4573;26;1;143
4574;25;1;143
4575;25;1;143
4576;1;1;144
4577;2;1;144
4578;2;1;144
4579;2;1;144
4608;84;29;145
4609;84;1;145
4610;84;1;145
4611;84;1;145
4612;84;1;145
4613;83;1;145
4614;83;1;145
4615;82;1;145
4616;81;1;145
4617;81;1;145
4618;80;1;145
4619;80;1;145
4620;79;1;145
4621;79;1;145
4622;79;1;145
4623;78;1;145
4624;78;1;145
4625;77;1;145
4626;26;1;145
4627;25;1;145
4628;25;1;145
4629;24;1;145
4630;23;1;145
4631;23;1;145
4632;23;1;145
4633;22;1;145
4634;22;1;145
4635;21;1;145
4636;21;1;145
4637;21;1;145
4638;20;1;145
4639;20;1;145
4672;88;33;147
4673;87;1;147
4674;87;1;147
4675;86;1;147
4676;85;1;147
4677;85;1;147
4678;84;1;147
4679;84;1;147
4680;84;1;147
4681;83;1;147
4682;83;1;147
4683;82;1;147
4684;82;1;147
4685;81;1;147
4686;81;1;147
4687;81;1;147
4688;80;1;147
4689;79;1;147
4690;79;1;147
4691;78;1;147
4692;78;1;147
4693;78;1;147
4694;25;1;147
4695;25;1;147
4696;25;1;147
4697;24;1;147
4698;24;1;147
4699;23;1;147
4700;23;1;147
4701;22;1;147
4702;22;1;147
4703;21;1;147
4736;1;33;149
4737;1;1;149
4738;1;1;149
4739;103;1;149
4740;102;1;149
4741;101;1;149
4742;101;1;149
4743;100;1;149
4744;100;1;149
4745;99;1;149
4746;99;1;149
4747;98;1;149
4748;98;1;149
4749;97;1;149
4750;97;1;149
4751;96;1;149
4752;95;1;149
4753;95;1;149
4754;94;1;149
4755;94;1;149
4756;94;1;149
4757;93;1;149
4758;92;1;149
4759;92;1;149
4760;92;1;149
4761;91;1;149
4762;42;1;149
4763;42;1;149
4764;42;1;149
4765;41;1;149
4766;41;1;149
4767;40;1;149
4768;1;1;150
4769;1;1;150
4770;2;1;150
4771;1;1;150
4800;2;29;151
4801;1;1;151
4802;1;1;151
4803;81;1;151
4804;81;1;151
4805;81;1;151
4806;80;1;151
4807;80;1;151
4808;79;1;151
4809;79;1;151
4810;79;1;151
4811;78;1;151
4812;78;1;151
4813;77;1;151
4814;77;1;151
4815;76;1;151
4816;75;1;151
4817;74;1;151
4818;74;1;151
4819;74;1;151
4820;73;1;151
4821;73;1;151
4822;72;1;151
4823;72;1;151
4824;71;1;151
4825;71;1;151
4826;71;1;151
4827;70;1;151
4828;70;1;151
4829;69;1;151
4830;23;1;151
4831;23;1;151
4832;1;1;152
4833;2;1;152
4834;2;1;152
4835;1;1;152
4836;1;1;152
4837;1;1;152
4838;1;1;152
4839;1;1;152
4864;44;25;153
4865;43;1;153
4866;43;1;153
4867;43;1;153
4868;42;1;153
4869;42;1;153
4870;41;1;153
4871;40;1;153
4872;40;1;153
4873;39;1;153
4874;39;1;153
4875;38;1;153
4876;38;1;153
4877;37;1;153
4878;37;1;153
4879;36;1;153
4880;35;1;153
4881;35;1;153
4882;34;1;153
4883;34;1;153
4884;34;1;153
4885;33;1;153
4886;33;1;153
4887;32;1;153
4888;32;1;153
4889;31;1;153
4890;31;1;153
4891;30;1;153
4892;30;1;153
4893;29;1;153
4894;29;1;153
4895;29;1;153
4896;1;1;154
4928;2;32;155
4929;1;1;155
4960;2;31;156
4961;1;1;156
4962;93;1;156
4963;93;1;156
4964;92;1;156
4965;92;1;156
4966;48;1;156
4967;48;1;156
4968;47;1;156
4969;47;1;156
4970;47;1;156
4971;46;1;156
4972;46;1;156
4973;45;1;156
4974;46;1;156
4975;45;1;156
4976;45;1;156
4977;44;1;156
4978;44;1;156
4979;43;1;156
4980;43;1;156
4981;42;1;156
4982;42;1;156
4983;41;1;156
4984;41;1;156
4985;40;1;156
4986;40;1;156
4987;29;1;156
4988;29;1;156
4989;28;1;156
4990;28;1;156
4991;27;1;156
4992;2;1;157
5024;1;32;158
5025;1;1;158
5026;98;1;158
5027;98;1;158
5028;97;1;158
5029;96;1;158
5030;96;1;158
5031;95;1;158
5032;95;1;158
5033;94;1;158
5034;94;1;158
5035;94;1;158
5036;36;1;158
5037;35;1;158
5038;34;1;158
5039;33;1;158
5040;33;1;158
5041;32;1;158
5042;32;1;158
5043;32;1;158
5044;32;1;158
5045;32;1;158
5046;31;1;158
5047;31;1;158
5048;30;1;158
5049;30;1;158
5050;30;1;158
5051;29;1;158
5052;29;1;158
5053;29;1;158
5054;28;1;158
5055;28;1;158
5056;1;1;159
5057;2;1;159
5058;1;1;159
5059;1;1;159
5060;1;1;159
5061;1;1;159
5062;1;1;159
5063;1;1;159
5064;1;1;159
5088;1;24;160
5089;1;1;160
5090;1;1;160
5091;1;1;160
5092;32;1;160
5093;32;1;160
5094;31;1;160
5095;31;1;160
5096;30;1;160
5097;30;1;160
5098;29;1;160
5099;29;1;160
5100;29;1;160
5101;28;1;160
5102;28;1;160
5103;27;1;160
5104;26;1;160
5105;26;1;160
5106;26;1;160
5107;25;1;160
5108;25;1;160
5109;24;1;160
5110;24;1;160
5111;23;1;160
5112;23;1;160
5113;23;1;160
5114;22;1;160
5115;21;1;160
5116;21;1;160
5117;20;1;160
5118;20;1;160
5119;19;1;160
5120;2;1;161
5121;1;1;161
5122;1;1;161
5123;1;1;161
5124;1;1;161
5125;1;1;161
5126;1;1;161
5127;0;1;161
5128;1;1;161
5129;1;1;161
5130;1;1;161
5131;1;1;161
5132;1;1;161
5133;1;1;161
5134;1;1;161
5135;2;1;161
5136;1;1;161
5137;1;1;161
5138;1;1;161
5139;1;1;161
5140;1;1;161
5141;1;1;161
5142;1;1;161
5143;1;1;161
5144;1;1;161
5152;2;8;162
5153;1;1;162
5154;1;1;162
5155;1;1;162
5156;1;1;162
5157;1;1;162
5158;1;1;162
5159;1;1;162
5160;59;1;162
5161;58;1;162
5162;58;1;162
5163;58;1;162
5164;58;1;162
5165;57;1;162
5166;57;1;162
5167;57;1;162
5168;56;1;162
5169;56;1;162
5170;55;1;162
5171;54;1;162
5172;53;1;162
5173;53;1;162
5174;52;1;162
5175;52;1;162
5176;51;1;162
5177;51;1;162
5178;50;1;162
5179;50;1;162
5180;49;1;162
5181;48;1;162
5182;48;1;162
5183;47;1;162
5184;1;1;163
5185;2;1;163
5186;2;1;163
5187;1;1;163
5188;1;1;163
5189;1;1;163
5190;1;1;163
5191;1;1;163
5192;1;1;163
5193;2;1;163
5194;1;1;163
5195;1;1;163
5196;1;1;163
5197;1;1;163
5216;2;19;164
5217;1;1;164
5218;1;1;164
5219;2;1;164
5220;1;1;164
5221;1;1;164
5222;1;1;164
5223;1;1;164
5248;2;25;165
5249;77;1;165
5250;76;1;165
5251;75;1;165
5252;75;1;165
5253;75;1;165
5254;74;1;165
5255;74;1;165
5256;73;1;165
5257;73;1;165
5258;72;1;165
5259;28;1;165
5260;28;1;165
5261;28;1;165
5262;27;1;165
5263;27;1;165
5264;26;1;165
5265;25;1;165
5266;25;1;165
5267;24;1;165
5268;23;1;165
5269;23;1;165
5270;22;1;165
5271;22;1;165
5272;21;1;165
5273;21;1;165
5274;20;1;165
5275;19;1;165
5276;19;1;165
5277;19;1;165
5278;18;1;165
5279;18;1;165
5280;2;1;166
5281;2;1;166
5282;1;1;166
5283;1;1;166
5284;1;1;166
5285;1;1;166
5286;1;1;166
5287;1;1;166
5288;1;1;166
5289;1;1;166
5312;2;23;167
5313;83;1;167
5314;83;1;167
5315;83;1;167
5316;82;1;167
5317;81;1;167
5318;81;1;167
5319;80;1;167
5320;80;1;167
5321;79;1;167
5322;79;1;167
5323;78;1;167
5324;78;1;167
5325;77;1;167
5326;77;1;167
5327;77;1;167
5328;76;1;167
5329;75;1;167
5330;26;1;167
5331;25;1;167
5332;25;1;167
5333;24;1;167
5334;24;1;167
5335;23;1;167
5336;23;1;167
5337;22;1;167
5338;22;1;167
5339;21;1;167
5340;20;1;167
5341;20;1;167
5342;20;1;167
5343;20;1;167
5344;1;1;168
5345;2;1;168
5346;1;1;168
5347;2;1;168
5348;1;1;168
5349;2;1;168
5350;1;1;168
5351;1;1;168
5352;1;1;168
5353;1;1;168
5354;1;1;168
5355;1;1;168
5356;1;1;168
5357;2;1;168
5376;1;19;169
5377;1;1;169
5378;1;1;169
5379;1;1;169
5380;1;1;169
5381;1;1;169
5382;1;1;169
5383;1;1;169
5384;1;1;169
5385;1;1;169
5386;1;1;169
5387;1;1;169
5388;1;1;169
5389;1;1;169
5390;1;1;169
5391;72;1;169
5392;72;1;169
5393;71;1;169
5394;71;1;169
5395;71;1;169
5396;70;1;169
5397;70;1;169
5398;70;1;169
5399;69;1;169
5400;69;1;169
5401;17;1;169
5402;17;1;169
5403;16;1;169
5404;16;1;169
5405;15;1;169
5406;15;1;169
5407;14;1;169
5408;3;1;170
5409;2;1;170
5440;68;31;171
5441;68;1;171
5442;67;1;171
5443;67;1;171
5444;66;1;171
5445;65;1;171
5446;64;1;171
5447;63;1;171
5448;63;1;171
5449;62;1;171
5450;62;1;171
5451;61;1;171
5452;61;1;171
5453;60;1;171
5454;60;1;171
5455;59;1;171
5456;31;1;171
5457;31;1;171
5458;30;1;171
5459;30;1;171
5460;29;1;171
5461;29;1;171
5462;29;1;171
5463;28;1;171
5464;28;1;171
5465;27;1;171
5466;27;1;171
5467;26;1;171
5468;26;1;171
5469;25;1;171
5470;25;1;171
5471;24;1;171
5472;2;1;172
5473;3;1;172
5474;2;1;172
5504;2;30;173
5505;1;1;173
5506;83;1;173
5507;83;1;173
5508;82;1;173
5509;81;1;173
5510;81;1;173
5511;81;1;173
5512;80;1;173
5513;80;1;173
5514;79;1;173
5515;79;1;173
5516;79;1;173
5517;78;1;173
5518;78;1;173
5519;77;1;173
5520;77;1;173
5521;76;1;173
5522;75;1;173
5523;75;1;173
5524;74;1;173
5525;74;1;173
5526;25;1;173
5527;24;1;173
5528;24;1;173
5529;24;1;173
5530;23;1;173
5531;23;1;173
5532;22;1;173
5533;22;1;173
5534;21;1;173
5535;20;1;173
5536;2;1;174
5537;1;1;174
5568;2;31;175
5569;1;1;175
5570;78;1;175
5571;78;1;175
5572;77;1;175
5573;76;1;175
5574;76;1;175
5575;75;1;175
5576;74;1;175
5577;74;1;175
5578;74;1;175
5579;73;1;175
5580;73;1;175
5581;72;1;175
5582;72;1;175
5583;71;1;175
5584;71;1;175
5585;70;1;175
5586;70;1;175
5587;69;1;175
5588;69;1;175
5589;68;1;175
5590;68;1;175
5591;67;1;175
5592;67;1;175
5593;67;1;175
5594;66;1;175
5595;66;1;175
5596;66;1;175
5597;16;1;175
5598;15;1;175
5599;15;1;175
5600;2;1;176
5601;1;1;176
5602;1;1;176
5603;1;1;176
5604;1;1;176
5605;1;1;176
5606;1;1;176
5607;1;1;176
5608;1;1;176
5609;1;1;176
5610;1;1;176
5611;1;1;176
5612;1;1;176
5613;1;1;176
5614;1;1;176
5615;1;1;176
5616;1;1;176
5617;1;1;176
5618;0;1;176
5619;1;1;176
5664;1;45;178
5696;1;32;179
5697;1;1;179
5698;1;1;179
5699;63;1;179
5700;62;1;179
5701;62;1;179
5702;22;1;179
5703;22;1;179
5704;21;1;179
5705;21;1;179
5706;20;1;179
5707;20;1;179
5708;19;1;179
5709;19;1;179
5710;19;1;179
5711;18;1;179
5712;17;1;179
5713;17;1;179
5714;17;1;179
5715;17;1;179
5716;16;1;179
5717;15;1;179
5718;15;1;179
5719;14;1;179
5720;14;1;179
5721;13;1;179
5722;13;1;179
5723;12;1;179
5724;12;1;179
5725;11;1;179
5726;11;1;179
5727;10;1;179
5728;2;1;180
5729;1;1;180
5730;1;1;180
5731;1;1;180
5732;1;1;180
5733;1;1;180
5734;1;1;180
5735;1;1;180
5736;1;1;180
5737;1;1;180
5738;1;1;180
5760;1;22;181
5761;1;1;181
5762;1;1;181
5763;1;1;181
5764;1;1;181
5765;1;1;181
5766;1;1;181
5767;1;1;181
5768;1;1;181
5769;77;1;181
5770;77;1;181
5771;77;1;181
5772;26;1;181
5773;25;1;181
5774;24;1;181
5775;24;1;181
5776;24;1;181
5777;23;1;181
5778;23;1;181
5779;23;1;181
5780;22;1;181
5781;22;1;181
5782;21;1;181
5783;21;1;181
5784;20;1;181
5785;20;1;181
5786;20;1;181
5787;19;1;181
5788;19;1;181
5789;18;1;181
5790;18;1;181
5791;17;1;181
5792;2;1;182
5793;1;1;182
5794;2;1;182
5795;1;1;182
5796;1;1;182
5797;1;1;182
5798;1;1;182
5824;1;26;183
5825;2;1;183
5826;90;1;183
5827;90;1;183
5828;89;1;183
5829;88;1;183
5830;88;1;183
5831;88;1;183
5832;88;1;183
5833;87;1;183
5834;87;1;183
5835;86;1;183
5836;86;1;183
5837;85;1;183
5838;84;1;183
5839;84;1;183
5840;83;1;183
5841;34;1;183
5842;34;1;183
5843;33;1;183
5844;33;1;183
5845;32;1;183
5846;32;1;183
5847;31;1;183
5848;31;1;183
5849;30;1;183
5850;30;1;183
5851;29;1;183
5852;28;1;183
5853;28;1;183
5854;27;1;183
5855;27;1;183
5888;2;33;185
5889;1;1;185
5890;84;1;185
5891;83;1;185
5892;83;1;185
5893;83;1;185
5894;82;1;185
5895;82;1;185
5896;81;1;185
5897;81;1;185
5898;81;1;185
5899;80;1;185
5900;80;1;185
5901;79;1;185
5902;79;1;185
5903;79;1;185
5904;78;1;185
5905;78;1;185
5906;77;1;185
5907;77;1;185
5908;76;1;185
5909;76;1;185
5910;76;1;185
5911;25;1;185
5912;24;1;185
5913;24;1;185
5914;24;1;185
5915;23;1;185
5916;23;1;185
5917;22;1;185
5918;22;1;185
5919;21;1;185
5920;2;1;186
5952;1;32;187
5953;1;1;187
5954;1;1;187
5955;1;1;187
5956;1;1;187
5957;1;1;187
5958;1;1;187
5959;1;1;187
5960;85;1;187
5961;85;1;187
5962;85;1;187
5963;84;1;187
5964;84;1;187
5965;83;1;187
5966;83;1;187
5967;82;1;187
5968;82;1;187
5969;81;1;187
5970;81;1;187
5971;81;1;187
5972;80;1;187
5973;79;1;187
5974;79;1;187
5975;79;1;187
5976;78;1;187
5977;78;1;187
5978;77;1;187
5979;76;1;187
5980;76;1;187
5981;28;1;187
5982;28;1;187
5983;27;1;187
5984;2;1;188
5985;2;1;188
5986;2;1;188
6016;2;30;189
6017;1;1;189
6018;1;1;189
6019;1;1;189
6020;1;1;189
6021;1;1;189
6022;1;1;189
6023;1;1;189
6024;25;1;189
6025;25;1;189
6026;25;1;189
6027;24;1;189
6028;23;1;189
6029;23;1;189
6030;22;1;189
6031;22;1;189
6032;21;1;189
6033;21;1;189
6034;21;1;189
6035;21;1;189
6036;20;1;189
6037;20;1;189
6038;19;1;189
6039;19;1;189
6040;19;1;189
6041;18;1;189
6042;18;1;189
6043;18;1;189
6044;16;1;189
6045;16;1;189
6046;16;1;189
6047;15;1;189
6080;1;33;191
6081;68;1;191
6082;57;1;191
6083;57;1;191
6084;56;1;191
6085;55;1;191
6086;29;1;191
6087;28;1;191
6088;28;1;191
6089;27;1;191
6090;27;1;191
6091;26;1;191
6092;26;1;191
6093;26;1;191
6094;25;1;191
6095;25;1;191
6096;24;1;191
6097;24;1;191
6098;23;1;191
6099;23;1;191
6100;22;1;191
6101;22;1;191
6102;21;1;191
6103;21;1;191
6104;21;1;191
6105;21;1;191
6106;20;1;191
6107;20;1;191
6108;19;1;191
6109;19;1;191
6110;19;1;191
6111;17;1;191
6112;2;1;192
6144;82;32;193
6145;82;1;193
6146;82;1;193
6147;81;1;193
6148;81;1;193
6149;80;1;193
6150;79;1;193
6151;79;1;193
6152;78;1;193
6153;78;1;193
6154;77;1;193
6155;77;1;193
6156;29;1;193
6157;29;1;193
6158;28;1;193
6159;28;1;193
6160;27;1;193
6161;26;1;193
6162;26;1;193
6163;26;1;193
6164;25;1;193
6165;25;1;193
6166;25;1;193
6167;24;1;193
6168;24;1;193
6169;23;1;193
6170;23;1;193
6171;22;1;193
6172;21;1;193
6173;20;1;193
6174;20;1;193
6175;19;1;193
6176;1;1;194
6177;1;1;194
6178;2;1;194
6179;1;1;194
6208;78;29;195
6209;78;1;195
6210;78;1;195
6211;78;1;195
6212;78;1;195
6213;77;1;195
6214;77;1;195
6215;76;1;195
6216;75;1;195
6217;75;1;195
6218;74;1;195
6219;74;1;195
6220;74;1;195
6221;73;1;195
6222;73;1;195
6223;72;1;195
6224;72;1;195
6225;71;1;195
6226;22;1;195
6227;21;1;195
6228;21;1;195
6229;20;1;195
6230;20;1;195
6231;19;1;195
6232;19;1;195
6233;18;1;195
6234;18;1;195
6235;18;1;195
6236;17;1;195
6237;16;1;195
6238;15;1;195
6239;15;1;195
6240;2;1;196
6241;1;1;196
6242;1;1;196
6243;1;1;196
6244;1;1;196
6245;2;1;196
6246;1;1;196
6272;83;26;197
6273;83;1;197
6274;83;1;197
6275;82;1;197
6276;82;1;197
6277;69;1;197
6278;69;1;197
6279;68;1;197
6280;68;1;197
6281;68;1;197
6282;67;1;197
6283;67;1;197
6284;66;1;197
6285;66;1;197
6286;66;1;197
6287;65;1;197
6288;65;1;197
6289;65;1;197
6290;64;1;197
6291;63;1;197
6292;63;1;197
6293;62;1;197
6294;62;1;197
6295;21;1;197
6296;21;1;197
6297;20;1;197
6298;20;1;197
6299;19;1;197
6300;19;1;197
6301;18;1;197
6302;18;1;197
6303;18;1;197
6304;1;1;198
6305;1;1;198
6306;2;1;198
6307;1;1;198
6308;1;1;198
6336;74;28;199
6337;74;1;199
6338;73;1;199
6339;73;1;199
6340;72;1;199
6341;71;1;199
6342;70;1;199
6343;70;1;199
6344;70;1;199
6345;69;1;199
6346;69;1;199
6347;68;1;199
6348;68;1;199
6349;67;1;199
6350;66;1;199
6351;66;1;199
6352;65;1;199
6353;65;1;199
6354;64;1;199
6355;64;1;199
6356;64;1;199
6357;63;1;199
6358;63;1;199
6359;62;1;199
6360;62;1;199
6361;61;1;199
6362;60;1;199
6363;60;1;199
6364;12;1;199
6365;11;1;199
6366;11;1;199
6367;11;1;199
6368;1;1;200
6369;1;1;200
6370;1;1;200
6371;1;1;200
6372;1;1;200
6400;2;28;201
6401;1;1;201
6402;1;1;201
6403;1;1;201
6404;1;1;201
6405;1;1;201
6406;1;1;201
6407;1;1;201
6408;1;1;201
6409;26;1;201
6410;26;1;201
6411;26;1;201
6412;25;1;201
6413;25;1;201
6414;25;1;201
6415;24;1;201
6416;24;1;201
6417;23;1;201
6418;23;1;201
6419;22;1;201
6420;22;1;201
6421;21;1;201
6422;21;1;201
6423;20;1;201
6424;20;1;201
6425;19;1;201
6426;19;1;201
6427;18;1;201
6428;17;1;201
6429;17;1;201
6430;16;1;201
6431;16;1;201
6432;1;1;202
6433;2;1;202
6434;1;1;202
6435;1;1;202
6436;0;1;202
6437;1;1;202
6438;1;1;202
6439;1;1;202
6440;1;1;202
6441;1;1;202
6442;1;1;202
6464;1;22;203
6465;1;1;203
6466;1;1;203
6467;2;1;203
6468;1;1;203
6469;1;1;203
6470;29;1;203
6471;29;1;203
6472;28;1;203
6473;28;1;203
6474;28;1;203
6475;27;1;203
6476;27;1;203
6477;27;1;203
6478;26;1;203
6479;26;1;203
6480;24;1;203
6481;24;1;203
6482;24;1;203
6483;23;1;203
6484;23;1;203
6485;22;1;203
6486;22;1;203
6487;21;1;203
6488;21;1;203
6489;20;1;203
6490;20;1;203
6491;20;1;203
6492;19;1;203
6493;19;1;203
6494;18;1;203
6495;17;1;203
6528;1;33;205
6529;1;1;205
6530;1;1;205
6531;2;1;205
6532;1;1;205
6533;88;1;205
6534;88;1;205
6535;37;1;205
6536;37;1;205
6537;36;1;205
6538;36;1;205
6539;36;1;205
6540;35;1;205
6541;35;1;205
6542;34;1;205
6543;34;1;205
6544;33;1;205
6545;32;1;205
6546;32;1;205
6547;31;1;205
6548;31;1;205
6549;30;1;205
6550;29;1;205
6551;29;1;205
6552;29;1;205
6553;28;1;205
6554;28;1;205
6555;28;1;205
6556;27;1;205
6557;26;1;205
6558;26;1;205
6559;26;1;205
6560;1;1;206
6561;2;1;206
6562;2;1;206
6592;82;30;207
6593;82;1;207
6594;82;1;207
6595;81;1;207
6596;80;1;207
6597;79;1;207
6598;79;1;207
6599;78;1;207
6600;78;1;207
6601;78;1;207
6602;77;1;207
6603;77;1;207
6604;77;1;207
6605;26;1;207
6606;26;1;207
6607;25;1;207
6608;24;1;207
6609;24;1;207
6610;24;1;207
6611;23;1;207
6612;23;1;207
6613;22;1;207
6614;22;1;207
6615;21;1;207
6616;21;1;207
6617;21;1;207
6618;20;1;207
6619;20;1;207
6620;19;1;207
6621;18;1;207
6622;18;1;207
6623;17;1;207
6624;1;1;208
6625;1;1;208
6626;1;1;208
6627;2;1;208
6628;1;1;208
6629;2;1;208
6630;1;1;208
6631;1;1;208
6632;1;1;208
6633;1;1;208
6634;1;1;208
6656;2;22;209
6657;1;1;209
6658;1;1;209
6659;1;1;209
6660;1;1;209
6661;1;1;209
6662;1;1;209
6688;2;26;210
6689;1;1;210
6690;1;1;210
6691;1;1;210
6720;1;29;211
6721;1;1;211
6722;1;1;211
6723;1;1;211
6724;1;1;211
6752;1;28;212
6753;1;1;212
6754;1;1;212
6784;74;30;213
6785;74;1;213
6786;73;1;213
6787;73;1;213
6788;72;1;213
6789;71;1;213
6790;71;1;213
6791;70;1;213
6792;70;1;213
6793;69;1;213
6794;69;1;213
6795;69;1;213
6796;68;1;213
6797;68;1;213
6798;18;1;213
6799;17;1;213
6800;17;1;213
6801;16;1;213
6802;16;1;213
6803;15;1;213
6804;15;1;213
6805;14;1;213
6806;14;1;213
6807;13;1;213
6808;13;1;213
6809;12;1;213
6810;11;1;213
6811;11;1;213
6812;11;1;213
6813;10;1;213
6814;9;1;213
6815;8;1;213
6816;2;1;214
6817;1;1;214
6818;1;1;214
6819;1;1;214
6820;1;1;214
6821;1;1;214
6848;111;27;215
6849;111;1;215
6850;110;1;215
6851;110;1;215
6852;109;1;215
6853;108;1;215
6854;108;1;215
6855;107;1;215
6856;107;1;215
6857;106;1;215
6858;106;1;215
6859;105;1;215
6860;105;1;215
6861;105;1;215
6862;104;1;215
6863;103;1;215
6864;102;1;215
6865;102;1;215
6866;102;1;215
6867;53;1;215
6868;52;1;215
6869;52;1;215
6870;51;1;215
6871;51;1;215
6872;51;1;215
6873;50;1;215
6874;50;1;215
6875;49;1;215
6876;48;1;215
6877;47;1;215
6878;47;1;215
6879;46;1;215
6880;2;1;216
6881;2;1;216
6882;2;1;216
6883;1;1;216
6944;1;61;218
6945;2;1;218
6946;1;1;218
6947;1;1;218
6948;1;1;218
6949;1;1;218
6950;1;1;218
6951;1;1;218
6952;1;1;218
6953;1;1;218
6954;1;1;218
6955;1;1;218
6956;1;1;218
6976;2;20;219
6977;1;1;219
6978;1;1;219
6979;1;1;219
6980;1;1;219
6981;1;1;219
6982;1;1;219
6983;1;1;219
6984;1;1;219
6985;59;1;219
6986;59;1;219
6987;59;1;219
6988;58;1;219
6989;58;1;219
6990;57;1;219
6991;56;1;219
6992;56;1;219
6993;55;1;219
6994;55;1;219
6995;54;1;219
6996;54;1;219
6997;53;1;219
6998;53;1;219
6999;52;1;219
7000;51;1;219
7001;50;1;219
7002;50;1;219
7003;50;1;219
7004;9;1;219
7005;8;1;219
7006;8;1;219
7007;8;1;219
7040;1;33;221
7041;27;1;221
7042;26;1;221
7043;26;1;221
7044;25;1;221
7045;24;1;221
7046;24;1;221
7047;23;1;221
7048;23;1;221
7049;22;1;221
7050;22;1;221
7051;21;1;221
7052;21;1;221
7053;20;1;221
7054;19;1;221
7055;19;1;221
7056;18;1;221
7057;18;1;221
7058;17;1;221
7059;17;1;221
7060;16;1;221
7061;16;1;221
7062;15;1;221
7063;15;1;221
7064;14;1;221
7065;13;1;221
7066;13;1;221
7067;13;1;221
7068;12;1;221
7069;12;1;221
7070;12;1;221
7071;11;1;221
7072;3;1;222
7073;1;1;222
7074;1;1;222
7104;1;30;223
7105;1;1;223
7106;1;1;223
7107;1;1;223
7108;2;1;223
7109;1;1;223
7110;1;1;223
7111;1;1;223
7112;1;1;223
7113;1;1;223
7114;1;1;223
7115;1;1;223
7116;2;1;223
7117;1;1;223
7118;1;1;223
7119;1;1;223
7120;2;1;223
7121;1;1;223
7122;1;1;223
7123;1;1;223
7124;1;1;223
7125;31;1;223
7126;31;1;223
7127;30;1;223
7128;29;1;223
7129;29;1;223
7130;29;1;223
7131;28;1;223
7132;28;1;223
7133;27;1;223
7134;27;1;223
7135;27;1;223
7136;1;1;224
7137;2;1;224
7168;2;31;225
7169;1;1;225
7170;1;1;225
7171;1;1;225
7172;1;1;225
7173;2;1;225
7174;1;1;225
7175;78;1;225
7176;78;1;225
7177;78;1;225
7178;77;1;225
7179;34;1;225
7180;34;1;225
7181;33;1;225
7182;33;1;225
7183;32;1;225
7184;32;1;225
7185;31;1;225
7186;31;1;225
7187;30;1;225
7188;30;1;225
7189;30;1;225
7190;29;1;225
7191;29;1;225
7192;28;1;225
7193;27;1;225
7194;27;1;225
7195;26;1;225
7196;25;1;225
7197;25;1;225
7198;24;1;225
7199;24;1;225
7200;2;1;226
7201;3;1;226
7202;2;1;226
7203;2;1;226
7204;1;1;226
7205;1;1;226
7206;1;1;226
7207;1;1;226
7232;2;25;227
7233;1;1;227
7234;2;1;227
7235;1;1;227
7236;1;1;227
7237;1;1;227
7238;1;1;227
7239;1;1;227
7240;1;1;227
7241;1;1;227
7242;1;1;227
7243;1;1;227
7244;1;1;227
7245;1;1;227
7246;31;1;227
7247;31;1;227
7248;31;1;227
7249;31;1;227
7250;30;1;227
7251;28;1;227
7252;27;1;227
7253;27;1;227
7254;27;1;227
7255;26;1;227
7256;26;1;227
7257;25;1;227
7258;24;1;227
7259;24;1;227
7260;23;1;227
7261;23;1;227
7262;23;1;227
7263;23;1;227
7296;2;33;229
7297;1;1;229
7298;1;1;229
7299;1;1;229
7300;1;1;229
7301;1;1;229
7302;1;1;229
7303;1;1;229
7304;1;1;229
7305;27;1;229
7306;27;1;229
7307;27;1;229
7308;26;1;229
7309;26;1;229
7310;25;1;229
7311;24;1;229
7312;23;1;229
7313;23;1;229
7314;23;1;229
7315;22;1;229
7316;22;1;229
7317;21;1;229
7318;21;1;229
7319;20;1;229
7320;20;1;229
7321;19;1;229
7322;19;1;229
7323;18;1;229
7324;18;1;229
7325;18;1;229
7326;17;1;229
7327;16;1;229
7328;1;1;230
7329;2;1;230
7330;1;1;230
7331;1;1;230
7332;1;1;230
7360;1;28;231
7361;1;1;231
7362;1;1;231
7363;1;1;231
7364;1;1;231
7365;79;1;231
7366;79;1;231
7367;28;1;231
7368;27;1;231
7369;27;1;231
7370;26;1;231
7371;26;1;231
7372;26;1;231
7373;25;1;231
7374;25;1;231
7375;24;1;231
7376;24;1;231
7377;23;1;231
7378;22;1;231
7379;22;1;231
7380;22;1;231
7381;21;1;231
7382;21;1;231
7383;21;1;231
7384;20;1;231
7385;20;1;231
7386;20;1;231
7387;19;1;231
7388;18;1;231
7389;18;1;231
7390;18;1;231
7391;18;1;231
7392;4;1;232
7393;4;1;232
7394;2;1;232
7395;1;1;232
7424;1;29;233
7425;73;1;233
7426;72;1;233
7427;72;1;233
7428;71;1;233
7429;70;1;233
7430;70;1;233
7431;70;1;233
7432;69;1;233
7433;69;1;233
7434;68;1;233
7435;68;1;233
7436;68;1;233
7437;67;1;233
7438;18;1;233
7439;17;1;233
7440;17;1;233
7441;16;1;233
7442;16;1;233
7443;15;1;233
7444;15;1;233
7445;15;1;233
7446;14;1;233
7447;14;1;233
7448;13;1;233
7449;13;1;233
7450;13;1;233
7451;13;1;233
7452;12;1;233
7453;11;1;233
7454;11;1;233
7455;10;1;233
7456;2;1;234
7488;1;32;235
7489;1;1;235
7490;85;1;235
7491;85;1;235
7492;84;1;235
7493;83;1;235
7494;83;1;235
7495;83;1;235
7496;83;1;235
7497;82;1;235
7498;82;1;235
7499;82;1;235
7500;81;1;235
7501;81;1;235
7502;81;1;235
7503;80;1;235
7504;80;1;235
7505;80;1;235
7506;79;1;235
7507;26;1;235
7508;26;1;235
7509;25;1;235
7510;25;1;235
7511;25;1;235
7512;24;1;235
7513;24;1;235
7514;23;1;235
7515;23;1;235
7516;22;1;235
7517;22;1;235
7518;22;1;235
7519;21;1;235
7520;2;1;236
7521;1;1;236
7522;1;1;236
7523;2;1;236
7524;1;1;236
7525;1;1;236
7526;1;1;236
7527;1;1;236
7528;1;1;236
7529;2;1;236
7530;1;1;236
7552;2;22;237
7553;1;1;237
7554;1;1;237
7555;1;1;237
7556;1;1;237
7557;1;1;237
7558;1;1;237
7559;1;1;237
7560;1;1;237
7561;1;1;237
7562;1;1;237
7563;1;1;237
7564;1;1;237
7565;1;1;237
7566;2;1;237
7567;71;1;237
7568;71;1;237
7569;70;1;237
7570;70;1;237
7571;70;1;237
7572;69;1;237
7573;69;1;237
7574;68;1;237
7575;20;1;237
7576;20;1;237
7577;19;1;237
7578;18;1;237
7579;18;1;237
7580;17;1;237
7581;17;1;237
7582;17;1;237
7583;16;1;237
7584;2;1;238
7616;1;32;239
7617;1;1;239
7618;1;1;239
7619;1;1;239
7620;1;1;239
7621;1;1;239
7622;82;1;239
7623;81;1;239
7624;81;1;239
7625;80;1;239
7626;80;1;239
7627;80;1;239
7628;79;1;239
7629;78;1;239
7630;78;1;239
7631;77;1;239
7632;77;1;239
7633;76;1;239
7634;76;1;239
7635;75;1;239
7636;75;1;239
7637;75;1;239
7638;74;1;239
7639;74;1;239
7640;73;1;239
7641;73;1;239
7642;72;1;239
7643;23;1;239
7644;23;1;239
7645;22;1;239
7646;22;1;239
7647;21;1;239
7648;1;1;240
7649;2;1;240
7650;2;1;240
7651;1;1;240
7652;2;1;240
7653;1;1;240
7654;1;1;240
7680;1;26;241
7681;1;1;241
7682;75;1;241
7683;75;1;241
7684;74;1;241
7685;73;1;241
7686;73;1;241
7687;72;1;241
7688;72;1;241
7689;71;1;241
7690;71;1;241
7691;70;1;241
7692;70;1;241
7693;69;1;241
7694;69;1;241
7695;69;1;241
7696;68;1;241
7697;68;1;241
7698;67;1;241
7699;67;1;241
7700;66;1;241
7701;66;1;241
7702;65;1;241
7703;65;1;241
7704;65;1;241
7705;64;1;241
7706;64;1;241
7707;63;1;241
7708;63;1;241
7709;62;1;241
7710;61;1;241
7711;14;1;241
7712;3;1;242
7713;1;1;242
7714;2;1;242
7744;122;30;243
7745;88;1;243
7746;87;1;243
7747;87;1;243
7748;86;1;243
7749;85;1;243
7750;85;1;243
7751;84;1;243
7752;84;1;243
7753;84;1;243
7754;83;1;243
7755;83;1;243
7756;83;1;243
7757;82;1;243
7758;82;1;243
7759;81;1;243
7760;81;1;243
7761;80;1;243
7762;79;1;243
7763;79;1;243
7764;21;1;243
7765;21;1;243
7766;21;1;243
7767;20;1;243
7768;20;1;243
7769;19;1;243
7770;19;1;243
7771;18;1;243
7772;18;1;243
7773;17;1;243
7774;17;1;243
7775;16;1;243
7776;2;1;244
7777;1;1;244
7778;1;1;244
7779;1;1;244
7780;1;1;244
7781;1;1;244
7782;1;1;244
7783;1;1;244
7784;1;1;244
7785;1;1;244
7786;1;1;244
7787;1;1;244
7788;1;1;244
7789;1;1;244
7808;1;19;245
7809;1;1;245
7810;1;1;245
7811;86;1;245
7812;85;1;245
7813;84;1;245
7814;84;1;245
7815;83;1;245
7816;83;1;245
7817;83;1;245
7818;82;1;245
7819;83;1;245
7820;83;1;245
7821;82;1;245
7822;82;1;245
7823;81;1;245
7824;81;1;245
7825;80;1;245
7826;79;1;245
7827;79;1;245
7828;79;1;245
7829;78;1;245
7830;78;1;245
7831;77;1;245
7832;26;1;245
7833;26;1;245
7834;25;1;245
7835;25;1;245
7836;24;1;245
7837;23;1;245
7838;23;1;245
7839;22;1;245
7840;1;1;246
7841;3;1;246
7842;2;1;246
7872;1;30;247
7873;1;1;247
7874;81;1;247
7875;81;1;247
7876;80;1;247
7877;79;1;247
7878;79;1;247
7879;78;1;247
7880;78;1;247
7881;78;1;247
7882;77;1;247
7883;77;1;247
7884;76;1;247
7885;76;1;247
7886;76;1;247
7887;75;1;247
7888;75;1;247
7889;74;1;247
7890;73;1;247
7891;73;1;247
7892;72;1;247
7893;72;1;247
7894;72;1;247
7895;71;1;247
7896;71;1;247
7897;70;1;247
7898;70;1;247
7899;70;1;247
7900;69;1;247
7901;21;1;247
7902;21;1;247
7903;21;1;247
7904;2;1;248
7905;1;1;248
7906;1;1;248
7907;1;1;248
7908;1;1;248
7909;1;1;248
7936;1;27;249
7937;2;1;249
7938;1;1;249
7939;1;1;249
7940;1;1;249
7941;30;1;249
7942;30;1;249
7943;29;1;249
7944;29;1;249
7945;28;1;249
7946;28;1;249
7947;27;1;249
7948;26;1;249
7949;26;1;249
7950;26;1;249
7951;25;1;249
7952;24;1;249
7953;24;1;249
7954;24;1;249
7955;23;1;249
7956;23;1;249
7957;22;1;249
7958;22;1;249
7959;21;1;249
7960;21;1;249
7961;20;1;249
7962;20;1;249
7963;19;1;249
7964;18;1;249
7965;18;1;249
7966;17;1;249
7967;17;1;249
7968;2;1;250
7969;1;1;250
7970;2;1;250
7971;1;1;250
7972;1;1;250
8000;1;28;251
8001;84;1;251
8002;84;1;251
8003;84;1;251
8004;83;1;251
8005;32;1;251
8006;32;1;251
8007;31;1;251
8008;31;1;251
8009;30;1;251
8010;30;1;251
8011;29;1;251
8012;29;1;251
8013;28;1;251
8014;28;1;251
8015;28;1;251
8016;27;1;251
8017;26;1;251
8018;25;1;251
8019;25;1;251
8020;24;1;251
8021;24;1;251
8022;23;1;251
8023;23;1;251
8024;22;1;251
8025;22;1;251
8026;22;1;251
8027;21;1;251
8028;20;1;251
8029;20;1;251
8030;19;1;251
8031;19;1;251
8032;2;1;252
8033;2;1;252
8034;1;1;252
8035;1;1;252
8036;1;1;252
8037;1;1;252
8038;1;1;252
8039;1;1;252
8040;1;1;252
8041;1;1;252
8042;1;1;252
8043;1;1;252
8044;1;1;252
8045;1;1;252
8064;2;19;253
8065;1;1;253
8066;1;1;253
8067;1;1;253
8068;1;1;253
8069;2;1;253
8070;1;1;253
8071;1;1;253
8072;1;1;253
8073;20;1;253
8074;19;1;253
8075;19;1;253
8076;18;1;253
8077;18;1;253
8078;17;1;253
8079;16;1;253
8080;15;1;253
8081;15;1;253
8082;15;1;253
8083;14;1;253
8084;14;1;253
8085;14;1;253
8086;13;1;253
8087;12;1;253
8088;12;1;253
8089;12;1;253
8090;11;1;253
8091;10;1;253
8092;10;1;253
8093;9;1;253
8094;9;1;253
8095;8;1;253
8096;1;1;254
8097;1;1;254
8098;1;1;254
8099;1;1;254
8100;1;1;254
8101;1;1;254
8102;1;1;254
8103;1;1;254
8104;1;1;254
8105;2;1;254
8106;1;1;254
8107;1;1;254
8128;1;21;255
8129;78;1;255
8130;78;1;255
8131;78;1;255
8132;77;1;255
8133;76;1;255
8134;76;1;255
8135;75;1;255
8136;75;1;255
8137;74;1;255
8138;74;1;255
8139;73;1;255
8140;73;1;255
8141;23;1;255
8142;22;1;255
8143;22;1;255
8144;21;1;255
8145;21;1;255
8146;20;1;255
8147;20;1;255
8148;20;1;255
8149;19;1;255
8150;19;1;255
8151;18;1;255
8152;18;1;255
8153;17;1;255
8154;17;1;255
8155;16;1;255
8156;15;1;255
8157;15;1;255
8158;14;1;255
8159;14;1;255
8192;89;33;257
8193;89;1;257
8194;88;1;257
8195;88;1;257
8196;87;1;257
8197;87;1;257
8198;86;1;257
8199;85;1;257
8200;85;1;257
8201;85;1;257
8202;84;1;257
8203;84;1;257
8204;83;1;257
8205;83;1;257
8206;82;1;257
8207;82;1;257
8208;81;1;257
8209;29;1;257
8210;29;1;257
8211;28;1;257
8212;28;1;257
8213;28;1;257
8214;28;1;257
8215;27;1;257
8216;27;1;257
8217;26;1;257
8218;26;1;257
8219;26;1;257
8220;25;1;257
8221;25;1;257
8222;24;1;257
8223;23;1;257
8224;4;1;258
8225;1;1;258
8226;2;1;258
8227;1;1;258
8228;2;1;258
8229;1;1;258
8230;1;1;258
8256;2;26;259
8257;1;1;259
8258;2;1;259
8259;1;1;259
8260;1;1;259
8261;92;1;259
8262;92;1;259
8263;92;1;259
8264;91;1;259
8265;91;1;259
8266;90;1;259
8267;90;1;259
8268;90;1;259
8269;90;1;259
8270;89;1;259
8271;89;1;259
8272;89;1;259
8273;88;1;259
8274;88;1;259
8275;87;1;259
8276;86;1;259
8277;35;1;259
8278;35;1;259
8279;34;1;259
8280;34;1;259
8281;33;1;259
8282;33;1;259
8283;33;1;259
8284;32;1;259
8285;32;1;259
8286;31;1;259
8287;30;1;259
8288;1;1;260
8289;2;1;260
8290;2;1;260
8291;2;1;260
8292;1;1;260
8293;1;1;260
8294;1;1;260
8320;1;26;261
8321;1;1;261
8322;1;1;261
8323;2;1;261
8324;2;1;261
8325;74;1;261
8326;74;1;261
8327;73;1;261
8328;73;1;261
8329;73;1;261
8330;73;1;261
8331;72;1;261
8332;71;1;261
8333;71;1;261
8334;71;1;261
8335;70;1;261
8336;70;1;261
8337;70;1;261
8338;69;1;261
8339;68;1;261
8340;68;1;261
8341;68;1;261
8342;67;1;261
8343;67;1;261
8344;66;1;261
8345;16;1;261
8346;16;1;261
8347;15;1;261
8348;15;1;261
8349;15;1;261
8350;14;1;261
8351;15;1;261
8352;1;1;262
8384;2;32;263
8385;77;1;263
8386;77;1;263
8387;77;1;263
8388;76;1;263
8389;75;1;263
8390;74;1;263
8391;73;1;263
8392;73;1;263
8393;73;1;263
8394;72;1;263
8395;72;1;263
8396;72;1;263
8397;71;1;263
8398;71;1;263
8399;70;1;263
8400;70;1;263
8401;70;1;263
8402;69;1;263
8403;68;1;263
8404;68;1;263
8405;67;1;263
8406;67;1;263
8407;66;1;263
8408;66;1;263
8409;66;1;263
8410;65;1;263
8411;65;1;263
8412;64;1;263
8413;15;1;263
8414;15;1;263
8415;14;1;263
8448;45;33;265
8449;45;1;265
8450;45;1;265
8451;44;1;265
8452;44;1;265
8453;44;1;265
8454;43;1;265
8455;42;1;265
8456;42;1;265
8457;41;1;265
8458;41;1;265
8459;40;1;265
8460;40;1;265
8461;40;1;265
8462;39;1;265
8463;39;1;265
8464;38;1;265
8465;37;1;265
8466;37;1;265
8467;36;1;265
8468;36;1;265
8469;35;1;265
8470;35;1;265
8471;34;1;265
8472;34;1;265
8473;33;1;265
8474;33;1;265
8475;33;1;265
8476;32;1;265
8477;31;1;265
8478;30;1;265
8479;30;1;265
8480;1;1;266
8481;2;1;266
8482;1;1;266
8483;1;1;266
8512;2;29;267
8513;87;1;267
8514;87;1;267
8515;86;1;267
8516;85;1;267
8517;85;1;267
8518;84;1;267
8519;84;1;267
8520;83;1;267
8521;83;1;267
8522;83;1;267
8523;82;1;267
8524;82;1;267
8525;82;1;267
8526;81;1;267
8527;81;1;267
8528;81;1;267
8529;80;1;267
8530;80;1;267
8531;79;1;267
8532;79;1;267
8533;78;1;267
8534;78;1;267
8535;77;1;267
8536;24;1;267
8537;24;1;267
8538;24;1;267
8539;23;1;267
8540;23;1;267
8541;22;1;267
8542;22;1;267
8543;21;1;267
8544;1;1;268
8545;1;1;268
8546;1;1;268
8576;1;30;269
8577;68;1;269
8578;68;1;269
8579;67;1;269
8580;66;1;269
8581;66;1;269
8582;65;1;269
8583;65;1;269
8584;64;1;269
8585;64;1;269
8586;63;1;269
8587;63;1;269
8588;62;1;269
8589;62;1;269
8590;62;1;269
8591;62;1;269
8592;61;1;269
8593;61;1;269
8594;61;1;269
8595;60;1;269
8596;59;1;269
8597;59;1;269
8598;58;1;269
8599;58;1;269
8600;58;1;269
8601;58;1;269
8602;57;1;269
8603;57;1;269
8604;56;1;269
8605;21;1;269
8606;21;1;269
8607;20;1;269
8608;1;1;270
8609;2;1;270
8610;1;1;270
8611;1;1;270
8612;1;1;270
8640;2;28;271
8641;1;1;271
8642;1;1;271
8643;1;1;271
8644;1;1;271
8645;1;1;271
8646;1;1;271
8647;1;1;271
8648;1;1;271
8649;1;1;271
8650;1;1;271
8651;2;1;271
8652;25;1;271
8653;24;1;271
8654;23;1;271
8655;23;1;271
8656;23;1;271
8657;22;1;271
8658;22;1;271
8659;21;1;271
8660;21;1;271
8661;20;1;271
8662;20;1;271
8663;19;1;271
8664;19;1;271
8665;19;1;271
8666;18;1;271
8667;17;1;271
8668;17;1;271
8669;16;1;271
8670;16;1;271
8671;15;1;271
8672;1;1;272
8673;2;1;272
8674;1;1;272
8675;1;1;272
8676;1;1;272
8677;1;1;272
8678;1;1;272
8679;1;1;272
8680;1;1;272
8681;1;1;272
8682;1;1;272
8704;97;22;273
8705;97;1;273
8706;97;1;273
8707;96;1;273
8708;96;1;273
8709;95;1;273
8710;42;1;273
8711;42;1;273
8712;41;1;273
8713;41;1;273
8714;40;1;273
8715;40;1;273
8716;40;1;273
8717;39;1;273
8718;39;1;273
8719;39;1;273
8720;39;1;273
8721;38;1;273
8722;38;1;273
8723;38;1;273
8724;37;1;273
8725;36;1;273
8726;35;1;273
8727;35;1;273
8728;34;1;273
8729;34;1;273
8730;33;1;273
8731;33;1;273
8732;32;1;273
8733;32;1;273
8734;31;1;273
8735;30;1;273
8736;1;1;274
8737;3;1;274
8768;1;31;275
8769;1;1;275
8770;1;1;275
8771;1;1;275
8772;1;1;275
8773;1;1;275
8774;82;1;275
8775;81;1;275
8776;81;1;275
8777;81;1;275
8778;80;1;275
8779;80;1;275
8780;30;1;275
8781;29;1;275
8782;29;1;275
8783;28;1;275
8784;28;1;275
8785;27;1;275
8786;27;1;275
8787;26;1;275
8788;26;1;275
8789;26;1;275
8790;25;1;275
8791;25;1;275
8792;25;1;275
8793;24;1;275
8794;24;1;275
8795;23;1;275
8796;23;1;275
8797;22;1;275
8798;21;1;275
8799;21;1;275
8800;3;1;276
8801;1;1;276
8832;1;31;277
8833;77;1;277
8834;76;1;277
8835;76;1;277
8836;75;1;277
8837;74;1;277
8838;74;1;277
8839;73;1;277
8840;73;1;277
8841;72;1;277
8842;71;1;277
8843;71;1;277
8844;71;1;277
8845;70;1;277
8846;70;1;277
8847;69;1;277
8848;21;1;277
8849;21;1;277
8850;20;1;277
8851;20;1;277
8852;19;1;277
8853;19;1;277
8854;18;1;277
8855;18;1;277
8856;17;1;277
8857;16;1;277
8858;16;1;277
8859;15;1;277
8860;15;1;277
8861;14;1;277
8862;13;1;277
8863;13;1;277
8896;2;33;279
8897;1;1;279
8898;1;1;279
8899;1;1;279
8900;1;1;279
8901;1;1;279
8902;1;1;279
8903;1;1;279
8904;1;1;279
8905;1;1;279
8906;1;1;279
8907;89;1;279
8908;89;1;279
8909;88;1;279
8910;87;1;279
8911;87;1;279
8912;86;1;279
8913;86;1;279
8914;85;1;279
8915;35;1;279
8916;35;1;279
8917;35;1;279
8918;35;1;279
8919;34;1;279
8920;34;1;279
8921;34;1;279
8922;33;1;279
8923;33;1;279
8924;32;1;279
8925;31;1;279
8926;30;1;279
8927;30;1;279
8928;2;1;280
8929;3;1;280
8930;2;1;280
8931;3;1;280
8932;2;1;280
8933;2;1;280
8934;1;1;280
8935;1;1;280
8936;1;1;280
8937;1;1;280
8960;75;23;281
8961;75;1;281
8962;74;1;281
8963;74;1;281
8964;72;1;281
8965;72;1;281
8966;71;1;281
8967;71;1;281
8968;70;1;281
8969;70;1;281
8970;69;1;281
8971;69;1;281
8972;68;1;281
8973;68;1;281
8974;67;1;281
8975;66;1;281
8976;66;1;281
8977;65;1;281
8978;65;1;281
8979;64;1;281
8980;64;1;281
8981;63;1;281
8982;63;1;281
8983;14;1;281
8984;14;1;281
8985;13;1;281
8986;13;1;281
8987;13;1;281
8988;13;1;281
8989;12;1;281
8990;12;1;281
8991;11;1;281
8992;2;1;282
8993;1;1;282
8994;1;1;282
8995;1;1;282
8996;1;1;282
8997;1;1;282
8998;1;1;282
8999;1;1;282
9000;1;1;282
9001;1;1;282
9002;1;1;282
9003;1;1;282
9004;1;1;282
9005;1;1;282
9024;77;19;283
9025;77;1;283
9026;77;1;283
9027;77;1;283
9028;76;1;283
9029;76;1;283
9030;74;1;283
9031;74;1;283
9032;74;1;283
9033;73;1;283
9034;73;1;283
9035;72;1;283
9036;72;1;283
9037;71;1;283
9038;71;1;283
9039;71;1;283
9040;70;1;283
9041;70;1;283
9042;70;1;283
9043;69;1;283
9044;68;1;283
9045;68;1;283
9046;67;1;283
9047;67;1;283
9048;66;1;283
9049;66;1;283
9050;65;1;283
9051;65;1;283
9052;14;1;283
9053;14;1;283
9054;13;1;283
9055;12;1;283
9056;2;1;284
9057;2;1;284
9088;1;31;285
9089;34;1;285
9090;34;1;285
9091;34;1;285
9092;33;1;285
9093;32;1;285
9094;31;1;285
9095;31;1;285
9096;31;1;285
9097;30;1;285
9098;30;1;285
9099;30;1;285
9100;29;1;285
9101;29;1;285
9102;28;1;285
9103;28;1;285
9104;28;1;285
9105;27;1;285
9106;27;1;285
9107;26;1;285
9108;25;1;285
9109;25;1;285
9110;24;1;285
9111;24;1;285
9112;24;1;285
9113;23;1;285
9114;23;1;285
9115;22;1;285
9116;22;1;285
9117;21;1;285
9118;21;1;285
9119;21;1;285
9152;80;33;287
9153;80;1;287
9154;32;1;287
9155;31;1;287
9156;31;1;287
9157;31;1;287
9158;30;1;287
9159;30;1;287
9160;30;1;287
9161;29;1;287
9162;29;1;287
9163;28;1;287
9164;28;1;287
9165;28;1;287
9166;28;1;287
9167;27;1;287
9168;27;1;287
9169;27;1;287
9170;26;1;287
9171;25;1;287
9172;24;1;287
9173;24;1;287
9174;23;1;287
9175;23;1;287
9176;22;1;287
9177;22;1;287
9178;22;1;287
9179;21;1;287
9180;21;1;287
9181;21;1;287
9182;20;1;287
9183;20;1;287
9184;2;1;288
9185;1;1;288
9186;1;1;288
9187;1;1;288
9216;1;29;289
9217;1;1;289
9218;1;1;289
9219;2;1;289
9220;0;1;289
9221;1;1;289
9222;2;1;289
9223;2;1;289
9224;1;1;289
9225;1;1;289
9226;1;1;289
9227;1;1;289
9228;1;1;289
9229;1;1;289
9230;1;1;289
9231;37;1;289
9232;37;1;289
9233;36;1;289
9234;36;1;289
9235;35;1;289
9236;35;1;289
9237;35;1;289
9238;34;1;289
9239;34;1;289
9240;33;1;289
9241;33;1;289
9242;32;1;289
9243;31;1;289
9244;31;1;289
9245;31;1;289
9246;30;1;289
9247;30;1;289
9280;2;33;291
9281;30;1;291
9282;31;1;291
9283;30;1;291
9284;29;1;291
9285;29;1;291
9286;28;1;291
9287;28;1;291
9288;27;1;291
9289;27;1;291
9290;27;1;291
9291;26;1;291
9292;26;1;291
9293;26;1;291
9294;25;1;291
9295;24;1;291
9296;24;1;291
9297;24;1;291
9298;23;1;291
9299;22;1;291
9300;22;1;291
9301;22;1;291
9302;21;1;291
9303;21;1;291
9304;21;1;291
9305;20;1;291
9306;20;1;291
9307;20;1;291
9308;20;1;291
9309;19;1;291
9310;19;1;291
9311;18;1;291
9312;2;1;292
9376;2;64;294
9377;1;1;294
9378;1;1;294
9379;1;1;294
9380;1;1;294
9381;1;1;294
9382;58;1;294
9383;58;1;294
9384;57;1;294
9385;57;1;294
9386;56;1;294
9387;56;1;294
9388;55;1;294
9389;55;1;294
9390;54;1;294
9391;53;1;294
9392;53;1;294
9393;52;1;294
9394;52;1;294
9395;52;1;294
9396;51;1;294
9397;51;1;294
9398;50;1;294
9399;50;1;294
9400;49;1;294
9401;49;1;294
9402;48;1;294
9403;47;1;294
9404;10;1;294
9405;9;1;294
9406;9;1;294
9407;9;1;294
9408;2;1;295
9409;1;1;295
9410;1;1;295
9411;1;1;295
9412;1;1;295
9440;38;28;296
9441;38;1;296
9442;38;1;296
9443;37;1;296
9444;37;1;296
9445;37;1;296
9446;36;1;296
9447;36;1;296
9448;32;1;296
9449;31;1;296
9450;31;1;296
9451;31;1;296
9452;31;1;296
9453;30;1;296
9454;30;1;296
9455;30;1;296
9456;29;1;296
9457;29;1;296
9458;28;1;296
9459;28;1;296
9460;28;1;296
9461;27;1;296
9462;27;1;296
9463;26;1;296
9464;26;1;296
9465;25;1;296
9466;25;1;296
9467;25;1;296
9468;24;1;296
9469;24;1;296
9470;23;1;296
9471;23;1;296
9504;92;33;298
9505;92;1;298
9506;91;1;298
9507;91;1;298
9508;90;1;298
9509;89;1;298
9510;39;1;298
9511;39;1;298
9512;38;1;298
9513;38;1;298
9514;38;1;298
9515;37;1;298
9516;37;1;298
9517;36;1;298
9518;36;1;298
9519;35;1;298
9520;34;1;298
9521;34;1;298
9522;34;1;298
9523;33;1;298
9524;33;1;298
9525;32;1;298
9526;32;1;298
9527;31;1;298
9528;31;1;298
9529;30;1;298
9530;30;1;298
9531;30;1;298
9532;29;1;298
9533;28;1;298
9534;28;1;298
9535;27;1;298
9568;1;33;300
9569;1;1;300
9570;1;1;300
9571;2;1;300
9572;88;1;300
9573;87;1;300
9574;87;1;300
9575;86;1;300
9576;86;1;300
9577;85;1;300
9578;85;1;300
9579;85;1;300
9580;34;1;300
9581;34;1;300
9582;34;1;300
9583;34;1;300
9584;33;1;300
9585;33;1;300
9586;32;1;300
9587;31;1;300
9588;31;1;300
9589;30;1;300
9590;30;1;300
9591;29;1;300
9592;29;1;300
9593;28;1;300
9594;28;1;300
9595;28;1;300
9596;27;1;300
9597;26;1;300
9598;26;1;300
9599;25;1;300
9600;2;1;301
9601;3;1;301
9602;2;1;301
9603;1;1;301
9604;1;1;301
9605;1;1;301
9606;1;1;301
9607;1;1;301
9608;1;1;301
9609;1;1;301
9632;1;23;302
9633;2;1;302
9634;82;1;302
9635;82;1;302
9636;81;1;302
9637;81;1;302
9638;80;1;302
9639;81;1;302
9640;81;1;302
9641;80;1;302
9642;80;1;302
9643;79;1;302
9644;79;1;302
9645;79;1;302
9646;78;1;302
9647;78;1;302
9648;78;1;302
9649;77;1;302
9650;27;1;302
9651;27;1;302
9652;27;1;302
9653;27;1;302
9654;26;1;302
9655;26;1;302
9656;26;1;302
9657;25;1;302
9658;25;1;302
9659;25;1;302
9660;24;1;302
9661;24;1;302
9662;23;1;302
9663;23;1;302
9664;1;1;303
9665;1;1;303
9666;1;1;303
9667;1;1;303
9668;1;1;303
9669;1;1;303
9670;1;1;303
9671;1;1;303
9672;1;1;303
9673;1;1;303
9674;1;1;303
9696;1;22;304
9697;74;1;304
9698;73;1;304
9699;69;1;304
9700;68;1;304
9701;68;1;304
9702;67;1;304
9703;67;1;304
9704;66;1;304
9705;66;1;304
9706;66;1;304
9707;65;1;304
9708;65;1;304
9709;65;1;304
9710;64;1;304
9711;64;1;304
9712;63;1;304
9713;62;1;304
9714;61;1;304
9715;61;1;304
9716;60;1;304
9717;60;1;304
9718;60;1;304
9719;16;1;304
9720;15;1;304
9721;15;1;304
9722;15;1;304
9723;14;1;304
9724;14;1;304
9725;13;1;304
9726;12;1;304
9727;11;1;304
9728;2;1;305
9760;1;32;306
9761;1;1;306
9762;81;1;306
9763;81;1;306
9764;80;1;306
9765;80;1;306
9766;79;1;306
9767;79;1;306
9768;78;1;306
9769;77;1;306
9770;77;1;306
9771;76;1;306
9772;76;1;306
9773;75;1;306
9774;75;1;306
9775;74;1;306
9776;73;1;306
9777;73;1;306
9778;73;1;306
9779;73;1;306
9780;72;1;306
9781;72;1;306
9782;72;1;306
9783;71;1;306
9784;71;1;306
9785;71;1;306
9786;70;1;306
9787;18;1;306
9788;18;1;306
9789;17;1;306
9790;17;1;306
9791;16;1;306
9792;2;1;307
9793;1;1;307
9794;2;1;307
9795;1;1;307
9796;1;1;307
9797;1;1;307
9798;1;1;307
9799;1;1;307
9824;1;25;308
9825;1;1;308
9826;1;1;308
9827;91;1;308
9828;91;1;308
9829;90;1;308
9830;90;1;308
9831;90;1;308
9832;89;1;308
9833;89;1;308
9834;89;1;308
9835;88;1;308
9836;88;1;308
9837;87;1;308
9838;87;1;308
9839;86;1;308
9840;86;1;308
9841;86;1;308
9842;85;1;308
9843;85;1;308
9844;84;1;308
9845;84;1;308
9846;83;1;308
9847;83;1;308
9848;82;1;308
9849;82;1;308
9850;82;1;308
9851;81;1;308
9852;81;1;308
9853;80;1;308
9854;80;1;308
9855;29;1;308
9856;3;1;309
9857;1;1;309
9888;1;31;310
9889;1;1;310
9890;1;1;310
9891;35;1;310
9892;35;1;310
9893;35;1;310
9894;34;1;310
9895;34;1;310
9896;33;1;310
9897;33;1;310
9898;33;1;310
9899;32;1;310
9900;32;1;310
9901;31;1;310
9902;31;1;310
9903;29;1;310
9904;29;1;310
9905;28;1;310
9906;28;1;310
9907;27;1;310
9908;27;1;310
9909;26;1;310
9910;26;1;310
9911;25;1;310
9912;25;1;310
9913;25;1;310
9914;24;1;310
9915;23;1;310
9916;23;1;310
9917;22;1;310
9918;21;1;310
9919;21;1;310
9920;2;1;311
9921;2;1;311
9922;2;1;311
9923;2;1;311
9952;1;29;312
9953;1;1;312
9954;1;1;312
9955;1;1;312
9956;90;1;312
9957;38;1;312
9958;37;1;312
9959;37;1;312
9960;37;1;312
9961;36;1;312
9962;36;1;312
9963;36;1;312
9964;35;1;312
9965;35;1;312
9966;34;1;312
9967;34;1;312
9968;33;1;312
9969;32;1;312
9970;32;1;312
9971;31;1;312
9972;31;1;312
9973;31;1;312
9974;30;1;312
9975;30;1;312
9976;29;1;312
9977;29;1;312
9978;28;1;312
9979;28;1;312
9980;28;1;312
9981;27;1;312
9982;26;1;312
9983;26;1;312
9984;2;1;313
9985;2;1;313
9986;2;1;313
9987;2;1;313
10016;2;29;314
10017;1;1;314
10018;1;1;314
10019;1;1;314
10020;1;1;314
10021;1;1;314
10022;1;1;314
10023;0;1;314
10024;1;1;314
10025;1;1;314
10026;1;1;314
10027;1;1;314
10028;28;1;314
10029;27;1;314
10030;27;1;314
10031;26;1;314
10032;26;1;314
10033;25;1;314
10034;25;1;314
10035;25;1;314
10036;24;1;314
10037;24;1;314
10038;23;1;314
10039;23;1;314
10040;22;1;314
10041;21;1;314
10042;21;1;314
10043;20;1;314
10044;20;1;314
10045;19;1;314
10046;19;1;314
10047;18;1;314
10048;1;1;315
10049;3;1;315
10050;2;1;315
10080;1;30;316
10081;1;1;316
10082;1;1;316
10083;2;1;316
10084;1;1;316
10085;1;1;316
10086;35;1;316
10087;34;1;316
10088;34;1;316
10089;33;1;316
10090;32;1;316
10091;32;1;316
10092;32;1;316
10093;31;1;316
10094;31;1;316
10095;31;1;316
10096;30;1;316
10097;29;1;316
10098;29;1;316
10099;28;1;316
10100;28;1;316
10101;27;1;316
10102;27;1;316
10103;27;1;316
10104;26;1;316
10105;26;1;316
10106;25;1;316
10107;25;1;316
10108;24;1;316
10109;23;1;316
10110;23;1;316
10111;23;1;316
10112;1;1;317
10113;1;1;317
10114;1;1;317
10115;1;1;317
10116;1;1;317
10117;1;1;317
10118;1;1;317
10119;1;1;317
10120;1;1;317
10121;1;1;317
10122;1;1;317
10123;1;1;317
10124;0;1;317
10125;1;1;317
10126;0;1;317
10144;1;18;318
