1;9;1;0
2;8;1;0
3;1;1;0
4;1;1;0
5;1;1;0
6;1;1;0
7;1;1;0
8;1;1;1
9;1;1;1
10;1;1;1
11;2;1;1
12;1;1;1
13;1;1;1
14;1;1;1
15;1;1;1
16;3;1;2
17;1;1;2
18;1;1;2
19;2;1;2
20;1;1;2
21;2;1;2
22;1;1;2
23;2;1;2
24;4;1;3
25;14;1;3
26;17;1;3
27;1;1;3
28;1;1;3
29;2;1;3
30;3;1;3
31;2;1;3
32;1;1;4
33;1;1;4
40;6;7;5
41;6;1;5
42;5;1;5
43;4;1;5
44;1;1;5
45;1;1;5
46;1;1;5
47;1;1;5
48;1;1;6
49;2;1;6
50;1;1;6
51;2;1;6
52;1;1;6
53;2;1;6
54;1;1;6
55;1;1;6
56;1;1;7
57;1;1;7
58;1;1;7
59;1;1;7
60;1;1;7
61;1;1;7
62;1;1;7
63;1;1;7
64;2;1;8
65;2;1;8
66;1;1;8
67;2;1;8
68;1;1;8
69;1;1;8
70;1;1;8
71;1;1;8
72;1;1;9
73;1;1;9
74;1;1;9
75;1;1;9
76;1;1;9
77;1;1;9
78;1;1;9
79;1;1;9
80;1;1;10
81;1;1;10
82;1;1;10
83;1;1;10
84;1;1;10
85;1;1;10
86;2;1;10
87;1;1;10
88;1;1;11
89;1;1;11
90;2;1;11
91;1;1;11
92;1;1;11
93;1;1;11
94;1;1;11
95;1;1;11
96;1;1;12
97;2;1;12
98;2;1;12
99;2;1;12
100;1;1;12
101;1;1;12
102;1;1;12
103;1;1;12
104;1;1;13
105;1;1;13
106;1;1;13
107;1;1;13
108;2;1;13
109;1;1;13
110;1;1;13
111;2;1;13
112;1;1;14
113;1;1;14
114;1;1;14
115;1;1;14
116;1;1;14
117;2;1;14
118;1;1;14
119;2;1;14
120;1;1;15
121;1;1;15
122;1;1;15
123;1;1;15
124;1;1;15
125;1;1;15
126;1;1;15
127;2;1;15
128;1;1;16
129;1;1;16
130;1;1;16
131;2;1;16
132;1;1;16
133;2;1;16
134;1;1;16
135;2;1;16
136;2;1;17
137;1;1;17
138;1;1;17
139;1;1;17
140;1;1;17
141;1;1;17
142;1;1;17
143;1;1;17
144;2;1;18
145;1;1;18
146;1;1;18
147;2;1;18
148;1;1;18
149;2;1;18
152;1;3;19
153;1;1;19
154;2;1;19
155;2;1;19
156;1;1;19
157;1;1;19
158;2;1;19
159;1;1;19
160;1;1;20
161;1;1;20
162;2;1;20
163;1;1;20
164;1;1;20
165;1;1;20
166;1;1;20
167;1;1;20
168;1;1;21
169;2;1;21
170;1;1;21
171;1;1;21
172;1;1;21
173;1;1;21
174;2;1;21
175;1;1;21
176;1;1;22
177;2;1;22
178;1;1;22
179;2;1;22
180;1;1;22
181;2;1;22
182;1;1;22
183;2;1;22
192;1;9;24
193;2;1;24
194;1;1;24
195;2;1;24
196;2;1;24
197;1;1;24
198;2;1;24
199;1;1;24
200;2;1;25
201;2;1;25
202;2;1;25
203;1;1;25
204;2;1;25
205;1;1;25
206;1;1;25
207;1;1;25
208;2;1;26
209;1;1;26
210;1;1;26
211;1;1;26
212;2;1;26
213;1;1;26
214;2;1;26
215;1;1;26
216;1;1;27
217;1;1;27
218;1;1;27
219;1;1;27
220;2;1;27
221;1;1;27
222;1;1;27
223;1;1;27
224;1;1;28
225;1;1;28
226;1;1;28
227;1;1;28
228;1;1;28
229;1;1;28
230;2;1;28
231;2;1;28
232;2;1;29
233;1;1;29
234;2;1;29
235;1;1;29
236;1;1;29
237;1;1;29
238;1;1;29
239;2;1;29
240;2;1;30
241;1;1;30
242;1;1;30
243;1;1;30
244;1;1;30
245;1;1;30
246;1;1;30
247;1;1;30
248;1;1;31
249;2;1;31
250;1;1;31
251;1;1;31
252;1;1;31
253;1;1;31
254;1;1;31
255;1;1;31
256;2;1;32
257;1;1;32
258;1;1;32
259;1;1;32
260;1;1;32
261;1;1;32
262;1;1;32
263;1;1;32
264;1;1;33
265;2;1;33
266;1;1;33
267;2;1;33
268;1;1;33
269;1;1;33
270;1;1;33
271;1;1;33
272;1;1;34
273;2;1;34
274;4;1;34
275;3;1;34
276;3;1;34
277;3;1;34
278;3;1;34
279;3;1;34
280;2;1;35
281;1;1;35
282;2;1;35
283;1;1;35
284;1;1;35
285;2;1;35
286;1;1;35
287;2;1;35
288;1;1;36
289;1;1;36
290;1;1;36
291;2;1;36
292;1;1;36
293;15;1;36
294;1;1;36
295;1;1;36
296;1;1;37
297;1;1;37
298;1;1;37
299;2;1;37
300;1;1;37
301;1;1;37
302;1;1;37
303;1;1;37
304;1;1;38
305;1;1;38
306;1;1;38
307;2;1;38
308;1;1;38
309;2;1;38
310;1;1;38
311;1;1;38
312;1;1;39
313;2;1;39
314;1;1;39
315;1;1;39
316;1;1;39
317;1;1;39
318;1;1;39
319;1;1;39
320;2;1;40
321;1;1;40
322;2;1;40
323;1;1;40
324;2;1;40
325;1;1;40
326;1;1;40
327;1;1;40
328;4;1;41
329;4;1;41
330;3;1;41
336;1;6;42
337;1;1;42
338;1;1;42
339;1;1;42
340;2;1;42
341;1;1;42
342;1;1;42
343;1;1;42
344;2;1;43
345;1;1;43
346;2;1;43
347;1;1;43
348;1;1;43
349;1;1;43
350;6;1;43
351;1;1;43
352;2;1;44
353;1;1;44
354;2;1;44
355;1;1;44
356;1;1;44
357;1;1;44
358;1;1;44
359;1;1;44
360;2;1;45
361;1;1;45
362;1;1;45
363;1;1;45
364;1;1;45
365;1;1;45
366;1;1;45
367;1;1;45
368;2;1;46
369;1;1;46
370;2;1;46
371;1;1;46
372;2;1;46
373;1;1;46
374;2;1;46
375;1;1;46
376;1;1;47
377;1;1;47
378;1;1;47
379;1;1;47
380;2;1;47
381;1;1;47
382;2;1;47
383;1;1;47
384;1;1;48
385;1;1;48
386;1;1;48
387;1;1;48
388;1;1;48
389;1;1;48
390;1;1;48
391;1;1;48
392;1;1;49
393;1;1;49
394;1;1;49
395;1;1;49
396;2;1;49
397;1;1;49
398;2;1;49
399;2;1;49
400;2;1;50
401;1;1;50
402;1;1;50
403;1;1;50
404;1;1;50
405;1;1;50
406;1;1;50
407;1;1;50
408;2;1;51
409;1;1;51
410;1;1;51
411;1;1;51
412;2;1;51
413;1;1;51
414;2;1;51
415;1;1;51
416;1;1;52
417;1;1;52
418;2;1;52
419;1;1;52
420;2;1;52
421;1;1;52
424;1;3;53
425;1;1;53
426;1;1;53
427;1;1;53
428;1;1;53
429;1;1;53
430;2;1;53
431;1;1;53
432;1;1;54
433;1;1;54
434;1;1;54
435;1;1;54
436;1;1;54
437;1;1;54
438;2;1;54
439;1;1;54
440;1;1;55
441;1;1;55
442;2;1;55
443;1;1;55
444;2;1;55
445;1;1;55
446;2;1;55
447;1;1;55
448;1;1;56
449;1;1;56
450;1;1;56
451;1;1;56
452;2;1;56
453;1;1;56
454;2;1;56
455;1;1;56
456;1;1;57
457;1;1;57
458;1;1;57
464;1;6;58
465;1;1;58
466;1;1;58
467;1;1;58
468;1;1;58
469;1;1;58
470;2;1;58
471;1;1;58
472;1;1;59
473;1;1;59
474;1;1;59
475;1;1;59
476;1;1;59
477;1;1;59
478;1;1;59
479;1;1;59
480;1;1;60
481;1;1;60
482;1;1;60
483;1;1;60
484;1;1;60
485;1;1;60
486;1;1;60
487;1;1;60
488;2;1;61
489;1;1;61
490;2;1;61
491;1;1;61
492;1;1;61
493;1;1;61
494;1;1;61
495;1;1;61
496;2;1;62
497;1;1;62
498;1;1;62
499;1;1;62
500;1;1;62
501;1;1;62
502;1;1;62
503;2;1;62
504;2;1;63
505;1;1;63
506;1;1;63
507;1;1;63
508;1;1;63
509;2;1;63
510;1;1;63
511;1;1;63
512;2;1;64
513;1;1;64
514;1;1;64
515;1;1;64
516;1;1;64
517;1;1;64
518;1;1;64
519;1;1;64
520;2;1;65
521;1;1;65
522;1;1;65
523;1;1;65
524;1;1;65
525;1;1;65
526;1;1;65
527;2;1;65
528;2;1;66
529;1;1;66
530;1;1;66
531;2;1;66
532;1;1;66
533;2;1;66
534;1;1;66
535;1;1;66
536;1;1;67
537;1;1;67
538;1;1;67
539;1;1;67
540;1;1;67
541;1;1;67
542;2;1;67
543;1;1;67
544;1;1;68
545;1;1;68
546;1;1;68
547;1;1;68
548;1;1;68
549;1;1;68
550;2;1;68
551;1;1;68
552;1;1;69
553;1;1;69
554;1;1;69
555;1;1;69
556;2;1;69
557;1;1;69
558;2;1;69
559;1;1;69
560;1;1;70
561;1;1;70
562;2;1;70
563;1;1;70
564;1;1;70
565;1;1;70
566;1;1;70
567;1;1;70
568;2;1;71
569;1;1;71
570;1;1;71
571;1;1;71
572;1;1;71
573;1;1;71
574;1;1;71
575;2;1;71
576;1;1;72
577;1;1;72
578;2;1;72
579;1;1;72
580;2;1;72
581;1;1;72
582;2;1;72
583;1;1;72
584;1;1;73
585;1;1;73
586;1;1;73
587;1;1;73
588;1;1;73
589;1;1;73
590;2;1;73
591;1;1;73
592;2;1;74
593;1;1;74
594;1;1;74
595;1;1;74
596;1;1;74
597;2;1;74
598;1;1;74
599;2;1;74
600;1;1;75
601;1;1;75
602;1;1;75
603;1;1;75
604;1;1;75
605;1;1;75
606;1;1;75
607;2;1;75
608;1;1;76
609;1;1;76
610;1;1;76
611;2;1;76
612;1;1;76
613;2;1;76
614;1;1;76
615;2;1;76
616;1;1;77
617;2;1;77
618;1;1;77
619;2;1;77
620;1;1;77
621;2;1;77
622;1;1;77
623;1;1;77
624;1;1;78
625;2;1;78
626;1;1;78
627;2;1;78
628;1;1;78
629;1;1;78
630;1;1;78
631;1;1;78
632;1;1;79
633;2;1;79
634;1;1;79
635;1;1;79
636;1;1;79
637;1;1;79
638;2;1;79
639;1;1;79
640;1;1;80
641;1;1;80
642;1;1;80
643;1;1;80
644;2;1;80
645;1;1;80
646;2;1;80
647;1;1;80
648;1;1;81
649;2;1;81
650;1;1;81
651;2;1;81
652;1;1;81
653;2;1;81
654;1;1;81
655;1;1;81
656;1;1;82
657;2;1;82
658;1;1;82
659;1;1;82
660;1;1;82
661;1;1;82
662;1;1;82
663;2;1;82
664;2;1;83
665;1;1;83
666;1;1;83
667;1;1;83
668;1;1;83
669;1;1;83
670;1;1;83
671;2;1;83
672;2;1;84
673;1;1;84
674;1;1;84
675;1;1;84
676;1;1;84
677;1;1;84
678;1;1;84
679;2;1;84
680;1;1;85
681;2;1;85
682;1;1;85
683;2;1;85
684;1;1;85
685;2;1;85
686;1;1;85
687;2;1;85
688;2;1;86
689;1;1;86
690;1;1;86
691;1;1;86
692;2;1;86
693;1;1;86
694;2;1;86
695;1;1;86
696;1;1;87
697;1;1;87
698;2;1;87
699;1;1;87
700;2;1;87
701;1;1;87
702;2;1;87
703;1;1;87
704;1;1;88
705;1;1;88
706;1;1;88
707;1;1;88
708;2;1;88
709;1;1;88
710;2;1;88
711;1;1;88
712;1;1;89
713;1;1;89
714;1;1;89
715;1;1;89
716;2;1;89
717;1;1;89
718;1;1;89
719;1;1;89
720;1;1;90
721;1;1;90
722;1;1;90
723;1;1;90
724;2;1;90
725;1;1;90
726;2;1;90
727;1;1;90
728;2;1;91
729;1;1;91
730;1;1;91
731;1;1;91
732;2;1;91
733;1;1;91
734;2;1;91
735;1;1;91
736;2;1;92
737;1;1;92
738;2;1;92
739;1;1;92
740;1;1;92
741;1;1;92
742;1;1;92
743;1;1;92
744;2;1;93
745;1;1;93
746;1;1;93
747;1;1;93
748;1;1;93
749;2;1;93
750;1;1;93
751;2;1;93
752;2;1;94
753;1;1;94
754;1;1;94
755;1;1;94
756;1;1;94
757;1;1;94
758;1;1;94
759;1;1;94
768;1;9;96
769;2;1;96
770;1;1;96
771;1;1;96
772;2;1;96
773;1;1;96
774;1;1;96
775;1;1;96
776;1;1;97
777;2;1;97
778;1;1;97
779;1;1;97
780;1;1;97
781;1;1;97
782;1;1;97
783;1;1;97
784;1;1;98
785;1;1;98
786;1;1;98
787;1;1;98
788;1;1;98
789;1;1;98
790;1;1;98
791;1;1;98
792;1;1;99
793;1;1;99
794;1;1;99
795;1;1;99
796;1;1;99
797;1;1;99
798;2;1;99
799;1;1;99
800;1;1;100
801;1;1;100
802;1;1;100
803;1;1;100
804;1;1;100
805;2;1;100
806;1;1;100
807;2;1;100
808;2;1;101
809;1;1;101
810;1;1;101
811;1;1;101
812;1;1;101
813;2;1;101
814;1;1;101
815;2;1;101
816;1;1;102
817;1;1;102
818;1;1;102
819;2;1;102
820;2;1;102
821;2;1;102
822;1;1;102
823;1;1;102
824;1;1;103
825;2;1;103
826;1;1;103
827;1;1;103
828;1;1;103
829;1;1;103
830;1;1;103
831;1;1;103
832;1;1;104
833;2;1;104
834;2;1;104
835;1;1;104
836;2;1;104
837;1;1;104
838;2;1;104
839;1;1;104
840;2;1;105
841;1;1;105
842;2;1;105
843;1;1;105
844;2;1;105
845;1;1;105
846;2;1;105
847;1;1;105
848;2;1;106
849;1;1;106
850;1;1;106
851;1;1;106
852;2;1;106
853;1;1;106
854;1;1;106
855;1;1;106
856;2;1;107
857;1;1;107
858;1;1;107
859;1;1;107
860;1;1;107
861;1;1;107
862;1;1;107
863;2;1;107
864;2;1;108
865;1;1;108
866;1;1;108
867;1;1;108
868;1;1;108
869;1;1;108
870;12;1;108
871;1;1;108
872;1;1;109
873;1;1;109
874;1;1;109
875;1;1;109
876;2;1;109
877;1;1;109
878;2;1;109
879;2;1;109
880;2;1;110
881;1;1;110
882;1;1;110
883;1;1;110
884;1;1;110
885;2;1;110
886;1;1;110
887;2;1;110
888;1;1;111
889;1;1;111
890;1;1;111
891;1;1;111
892;1;1;111
893;1;1;111
894;1;1;111
895;1;1;111
896;2;1;112
897;1;1;112
898;2;1;112
899;1;1;112
900;1;1;112
901;1;1;112
902;1;1;112
903;1;1;112
904;2;1;113
905;1;1;113
906;1;1;113
907;1;1;113
908;2;1;113
909;1;1;113
910;2;1;113
911;1;1;113
912;2;1;114
913;1;1;114
914;2;1;114
915;1;1;114
916;2;1;114
917;1;1;114
918;1;1;114
919;1;1;114
920;5;1;115
921;1;1;115
922;2;1;115
923;1;1;115
924;2;1;115
925;1;1;115
926;2;1;115
927;1;1;115
928;1;1;116
929;1;1;116
930;2;1;116
931;1;1;116
932;2;1;116
933;1;1;116
934;2;1;116
935;1;1;116
936;2;1;117
937;1;1;117
938;2;1;117
939;1;1;117
940;2;1;117
944;1;4;118
945;1;1;118
946;1;1;118
947;1;1;118
948;1;1;118
949;1;1;118
950;2;1;118
951;1;1;118
952;1;1;119
953;1;1;119
954;1;1;119
955;1;1;119
956;2;1;119
957;1;1;119
958;2;1;119
959;1;1;119
960;1;1;120
961;1;1;120
962;1;1;120
963;1;1;120
964;2;1;120
965;1;1;120
966;1;1;120
967;1;1;120
968;2;1;121
969;1;1;121
970;2;1;121
971;1;1;121
972;1;1;121
973;1;1;121
974;1;1;121
975;1;1;121
976;2;1;122
977;1;1;122
978;2;1;122
979;2;1;122
980;1;1;122
981;3;1;122
982;1;1;122
983;2;1;122
984;1;1;123
985;2;1;123
986;2;1;123
987;1;1;123
988;1;1;123
989;2;1;123
990;1;1;123
991;2;1;123
992;2;1;124
993;1;1;124
994;1;1;124
995;2;1;124
996;1;1;124
997;2;1;124
998;1;1;124
999;2;1;124
1000;1;1;125
1001;1;1;125
1002;1;1;125
1003;1;1;125
1004;1;1;125
1005;2;1;125
1006;1;1;125
1007;2;1;125
1008;1;1;126
1009;1;1;126
1010;1;1;126
1011;2;1;126
1012;1;1;126
1013;2;1;126
1014;1;1;126
1015;1;1;126
1016;1;1;127
1017;2;1;127
1018;1;1;127
1019;1;1;127
1020;1;1;127
1021;1;1;127
1022;1;1;127
1023;2;1;127
1024;1;1;128
1025;2;1;128
1026;1;1;128
1027;2;1;128
1028;1;1;128
1029;2;1;128
1030;1;1;128
1031;1;1;128
1032;1;1;129
1033;2;1;129
1034;1;1;129
1035;1;1;129
1036;1;1;129
1037;2;1;129
1038;1;1;129
1039;1;1;129
1040;1;1;130
1041;1;1;130
1042;1;1;130
1043;2;1;130
1044;1;1;130
1045;2;1;130
1046;1;1;130
1047;2;1;130
1048;1;1;131
1049;1;1;131
1050;1;1;131
1051;2;1;131
1052;2;1;131
1053;1;1;131
1054;2;1;131
1055;1;1;131
1056;1;1;132
1057;1;1;132
1058;1;1;132
1059;1;1;132
1060;2;1;132
1061;1;1;132
1062;1;1;132
1063;1;1;132
1064;2;1;133
1065;1;1;133
1066;2;1;133
1067;2;1;133
1068;1;1;133
1069;1;1;133
1070;1;1;133
1071;2;1;133
1072;2;1;134
1073;1;1;134
1074;1;1;134
1075;1;1;134
1076;1;1;134
1077;1;1;134
1080;1;3;135
1081;2;1;135
1082;2;1;135
1083;1;1;135
1084;1;1;135
1085;1;1;135
1086;1;1;135
1087;1;1;135
1088;2;1;136
1089;1;1;136
1090;2;1;136
1091;1;1;136
1092;1;1;136
1093;1;1;136
1094;1;1;136
1095;1;1;136
1096;2;1;137
1097;1;1;137
1098;2;1;137
1099;1;1;137
1100;2;1;137
1101;1;1;137
1102;2;1;137
1103;1;1;137
1104;2;1;138
1105;1;1;138
1106;2;1;138
1107;1;1;138
1108;2;1;138
1109;1;1;138
1110;1;1;138
1111;2;1;138
1112;2;1;139
1113;1;1;139
1114;1;1;139
1115;1;1;139
1116;1;1;139
1117;1;1;139
1118;1;1;139
1119;1;1;139
1120;2;1;140
1121;1;1;140
1122;1;1;140
1123;1;1;140
1124;2;1;140
1125;1;1;140
1126;1;1;140
1127;1;1;140
1128;1;1;141
1129;2;1;141
1130;1;1;141
1131;2;1;141
1132;1;1;141
1133;1;1;141
1134;1;1;141
1135;1;1;141
1136;1;1;142
1137;1;1;142
1138;1;1;142
1139;1;1;142
1140;1;1;142
1141;1;1;142
1142;2;1;142
1143;1;1;142
1144;1;1;143
1145;1;1;143
1146;1;1;143
1152;2;6;144
1153;1;1;144
1154;2;1;144
1155;1;1;144
1156;1;1;144
1157;1;1;144
1158;1;1;144
1159;1;1;144
1160;2;1;145
1161;1;1;145
1162;2;1;145
1163;1;1;145
1164;2;1;145
1165;1;1;145
1166;1;1;145
1167;1;1;145
1168;2;1;146
1169;1;1;146
1170;1;1;146
1171;2;1;146
1172;1;1;146
1173;1;1;146
1174;1;1;146
1175;1;1;146
1184;2;9;148
1185;1;1;148
1186;1;1;148
1187;1;1;148
1188;1;1;148
1189;1;1;148
1190;2;1;148
1191;1;1;148
1192;1;1;149
1193;1;1;149
1194;1;1;149
1195;1;1;149
1196;2;1;149
1197;1;1;149
1198;2;1;149
1199;1;1;149
1200;2;1;150
1201;1;1;150
1202;1;1;150
1203;1;1;150
1204;1;1;150
1205;1;1;150
1206;1;1;150
1207;2;1;150
1208;2;1;151
1209;1;1;151
1210;1;1;151
1211;1;1;151
1212;1;1;151
1213;1;1;151
1214;1;1;151
1215;1;1;151
1216;2;1;152
1217;1;1;152
1218;1;1;152
1219;1;1;152
1220;1;1;152
1221;1;1;152
1222;2;1;152
1223;1;1;152
1224;1;1;153
1225;1;1;153
1226;2;1;153
1227;1;1;153
1228;2;1;153
1229;1;1;153
1230;1;1;153
1231;1;1;153
1232;2;1;154
1233;1;1;154
1234;2;1;154
1235;1;1;154
1236;2;1;154
1237;1;1;154
1238;1;1;154
1239;1;1;154
1240;2;1;155
1241;1;1;155
1242;2;1;155
1243;1;1;155
1244;1;1;155
1245;1;1;155
1246;1;1;155
1247;1;1;155
1248;1;1;156
1249;2;1;156
1250;1;1;156
1251;2;1;156
1252;1;1;156
1253;1;1;156
1254;1;1;156
1255;1;1;156
1256;1;1;157
1257;2;1;157
1258;1;1;157
1259;2;1;157
1260;1;1;157
1261;1;1;157
1262;2;1;157
1263;1;1;157
1264;1;1;158
1265;1;1;158
1266;1;1;158
1267;1;1;158
1268;2;1;158
1269;1;1;158
1270;1;1;158
1271;1;1;158
1272;2;1;159
1273;1;1;159
1274;2;1;159
1275;1;1;159
1276;1;1;159
1277;1;1;159
1278;1;1;159
1279;2;1;159
1288;1;9;161
1289;2;1;161
1290;1;1;161
1291;2;1;161
1292;1;1;161
1293;2;1;161
1294;1;1;161
1295;1;1;161
1296;1;1;162
1297;2;1;162
1298;1;1;162
1299;2;1;162
1300;1;1;162
1301;1;1;162
1302;1;1;162
1303;1;1;162
1304;1;1;163
1305;2;1;163
1306;1;1;163
1307;1;1;163
1308;1;1;163
1309;1;1;163
1310;1;1;163
1311;1;1;163
1312;1;1;164
1313;1;1;164
1314;1;1;164
1315;1;1;164
1316;1;1;164
1317;1;1;164
1318;1;1;164
1319;1;1;164
1320;1;1;165
1321;1;1;165
1322;1;1;165
1323;1;1;165
1324;1;1;165
1325;1;1;165
1326;2;1;165
1327;1;1;165
1328;1;1;166
1329;1;1;166
1330;1;1;166
1331;1;1;166
1332;1;1;166
1333;1;1;166
1334;2;1;166
1335;1;1;166
1336;2;1;167
1337;1;1;167
1338;2;1;167
1339;1;1;167
1340;1;1;167
1341;1;1;167
1342;2;1;167
1343;1;1;167
1344;1;1;168
1345;2;1;168
1346;1;1;168
1347;2;1;168
1348;1;1;168
1349;2;1;168
1350;1;1;168
1351;1;1;168
1352;1;1;169
1353;2;1;169
1354;1;1;169
1355;1;1;169
1356;1;1;169
1357;1;1;169
1358;1;1;169
1359;1;1;169
1360;1;1;170
1361;1;1;170
1362;1;1;170
1363;1;1;170
1364;2;1;170
1365;1;1;170
1366;2;1;170
1367;1;1;170
1368;1;1;171
1369;2;1;171
1370;1;1;171
1371;2;1;171
1372;1;1;171
1373;2;1;171
1374;1;1;171
1375;2;1;171
1376;1;1;172
1377;1;1;172
1378;1;1;172
1379;2;1;172
1380;1;1;172
1381;2;1;172
1382;1;1;172
1383;2;1;172
1384;1;1;173
1385;2;1;173
1386;1;1;173
1387;2;1;173
1388;1;1;173
1389;2;1;173
1390;1;1;173
1391;2;1;173
1392;1;1;174
1393;1;1;174
1394;1;1;174
1395;1;1;174
1396;1;1;174
1397;1;1;174
1398;1;1;174
1399;1;1;174
1400;1;1;175
1401;2;1;175
1402;1;1;175
1403;1;1;175
1404;1;1;175
1405;2;1;175
1406;1;1;175
1407;1;1;175
1408;1;1;176
1409;2;1;176
1410;1;1;176
1411;2;1;176
1412;1;1;176
1413;2;1;176
1414;1;1;176
1415;1;1;176
1416;1;1;177
1417;2;1;177
1418;1;1;177
1419;1;1;177
1420;1;1;177
1421;1;1;177
1422;1;1;177
1423;1;1;177
1424;1;1;178
1425;2;1;178
1426;1;1;178
1427;2;1;178
1428;1;1;178
1429;1;1;178
1430;1;1;178
1431;1;1;178
1432;1;1;179
1433;2;1;179
1434;1;1;179
1435;2;1;179
1436;1;1;179
1437;2;1;179
1438;1;1;179
1439;1;1;179
1440;1;1;180
1441;2;1;180
1442;1;1;180
1443;2;1;180
1444;1;1;180
1445;2;1;180
1446;1;1;180
1447;1;1;180
1448;1;1;181
1449;2;1;181
1450;1;1;181
1451;2;1;181
1452;1;1;181
1453;1;1;181
1454;1;1;181
1455;1;1;181
1456;1;1;182
1457;1;1;182
1458;1;1;182
1459;1;1;182
1460;1;1;182
1461;1;1;182
1462;1;1;182
1463;2;1;182
1464;2;1;183
1465;1;1;183
1466;1;1;183
1467;1;1;183
1468;1;1;183
1469;1;1;183
1470;1;1;183
1471;2;1;183
1472;2;1;184
1473;1;1;184
1474;1;1;184
1475;1;1;184
1476;1;1;184
1477;2;1;184
1478;1;1;184
1479;1;1;184
1480;1;1;185
1481;2;1;185
1482;1;1;185
1483;1;1;185
1484;1;1;185
1485;1;1;185
1486;1;1;185
1487;1;1;185
1488;5;1;186
1489;1;1;186
1490;1;1;186
1491;2;1;186
1492;1;1;186
1493;2;1;186
1494;1;1;186
1495;1;1;186
1496;1;1;187
1497;1;1;187
1498;1;1;187
1499;2;1;187
1500;1;1;187
1501;2;1;187
1502;1;1;187
1503;2;1;187
1504;2;1;188
1505;1;1;188
1506;1;1;188
1507;1;1;188
1508;1;1;188
1509;1;1;188
1510;1;1;188
1511;2;1;188
1512;1;1;189
1513;2;1;189
1514;1;1;189
1515;2;1;189
1516;1;1;189
1517;1;1;189
1518;1;1;189
1519;1;1;189
1520;1;1;190
1521;2;1;190
1522;1;1;190
1523;1;1;190
1524;1;1;190
1525;2;1;190
1526;1;1;190
1527;2;1;190
1528;1;1;191
1529;2;1;191
1530;1;1;191
1531;1;1;191
1532;1;1;191
1533;1;1;191
1534;2;1;191
1535;1;1;191
1536;1;1;192
1537;1;1;192
1538;1;1;192
1539;1;1;192
1540;2;1;192
1541;1;1;192
1542;2;1;192
1543;1;1;192
1544;1;1;193
1552;2;8;194
1553;1;1;194
1554;2;1;194
1555;2;1;194
1556;1;1;194
1557;1;1;194
1558;1;1;194
1559;2;1;194
1560;1;1;195
1561;1;1;195
1562;2;1;195
1563;1;1;195
1564;1;1;195
1565;1;1;195
1566;1;1;195
1567;1;1;195
1568;2;1;196
1569;1;1;196
1576;1;7;197
1577;2;1;197
1578;1;1;197
1579;1;1;197
1580;1;1;197
1581;1;1;197
1582;1;1;197
1583;1;1;197
1584;2;1;198
1585;3;1;198
1592;1;7;199
1593;2;1;199
1594;1;1;199
1595;2;1;199
1596;1;1;199
1597;2;1;199
1598;1;1;199
1599;2;1;199
1600;1;1;200
1601;1;1;200
1602;1;1;200
1603;1;1;200
1604;1;1;200
1605;2;1;200
1606;1;1;200
1607;2;1;200
1608;1;1;201
1609;2;1;201
1610;1;1;201
1611;1;1;201
1612;1;1;201
1613;1;1;201
1614;1;1;201
1615;1;1;201
1616;1;1;202
1617;2;1;202
1618;1;1;202
1619;1;1;202
1620;1;1;202
1621;1;1;202
1622;1;1;202
1623;1;1;202
1624;1;1;203
1625;2;1;203
1626;1;1;203
1627;1;1;203
1628;1;1;203
1629;1;1;203
1630;1;1;203
1631;1;1;203
1632;1;1;204
1633;1;1;204
1634;1;1;204
1635;1;1;204
1636;2;1;204
1637;2;1;204
1638;1;1;204
1639;1;1;204
1640;1;1;205
1641;2;1;205
1642;1;1;205
1643;1;1;205
1644;1;1;205
1645;1;1;205
1646;1;1;205
1647;1;1;205
1648;1;1;206
1649;2;1;206
1650;1;1;206
1651;1;1;206
1652;1;1;206
1653;1;1;206
1654;2;1;206
1655;1;1;206
1656;1;1;207
1657;1;1;207
1658;1;1;207
1659;1;1;207
1660;1;1;207
1661;1;1;207
1662;2;1;207
1663;1;1;207
1664;1;1;208
1665;1;1;208
1666;1;1;208
1667;1;1;208
1668;2;1;208
1669;1;1;208
1670;1;1;208
1671;1;1;208
1672;2;1;209
1673;1;1;209
1674;2;1;209
1675;1;1;209
1676;2;1;209
1677;1;1;209
1678;1;1;209
1679;1;1;209
1680;2;1;210
1681;1;1;210
1682;2;1;210
1683;1;1;210
1684;2;1;210
1685;1;1;210
1686;2;1;210
1687;1;1;210
1688;2;1;211
1689;1;1;211
1690;1;1;211
1691;1;1;211
1692;2;1;211
1693;1;1;211
1694;2;1;211
1695;1;1;211
1696;1;1;212
1697;2;1;212
1698;1;1;212
1699;1;1;212
1700;1;1;212
1701;1;1;212
1702;1;1;212
1703;2;1;212
1704;1;1;213
1705;2;1;213
1706;1;1;213
1707;2;1;213
1708;1;1;213
1709;1;1;213
1710;1;1;213
1711;1;1;213
1712;1;1;214
1713;2;1;214
1714;1;1;214
1715;1;1;214
1716;1;1;214
1717;2;1;214
1718;1;1;214
1719;2;1;214
1720;1;1;215
1721;1;1;215
1722;1;1;215
1723;1;1;215
1724;1;1;215
1725;2;1;215
1726;1;1;215
1727;2;1;215
1728;1;1;216
1729;2;1;216
1730;1;1;216
1731;2;1;216
1732;1;1;216
1733;2;1;216
1734;1;1;216
1735;1;1;216
1736;1;1;217
1737;2;1;217
1738;1;1;217
1739;2;1;217
1740;1;1;217
1741;1;1;217
1742;1;1;217
1743;1;1;217
1744;2;1;218
1745;1;1;218
1746;1;1;218
1747;1;1;218
1748;1;1;218
1749;2;1;218
1750;1;1;218
1751;2;1;218
1752;1;1;219
1753;1;1;219
1754;1;1;219
1755;2;1;219
1756;1;1;219
1757;2;1;219
1758;1;1;219
1759;1;1;219
1760;1;1;220
1761;1;1;220
1762;1;1;220
1768;1;6;221
1769;1;1;221
1770;1;1;221
1771;1;1;221
1772;1;1;221
1773;1;1;221
1774;2;1;221
1775;1;1;221
1776;1;1;222
1777;1;1;222
1778;1;1;222
1779;1;1;222
1780;1;1;222
1781;1;1;222
1782;2;1;222
1783;1;1;222
1784;2;1;223
1785;1;1;223
1786;2;1;223
1787;1;1;223
1788;2;1;223
1789;2;1;223
1790;1;1;223
1791;1;1;223
1792;1;1;224
1793;2;1;224
1794;1;1;224
1795;2;1;224
1796;1;1;224
1797;1;1;224
1798;1;1;224
1799;1;1;224
1800;1;1;225
1801;2;1;225
1802;1;1;225
1808;1;6;226
1809;1;1;226
1810;1;1;226
1811;2;1;226
1812;2;1;226
1813;1;1;226
1814;2;1;226
1815;1;1;226
1816;1;1;227
1817;1;1;227
1818;1;1;227
1819;1;1;227
1820;2;1;227
1821;1;1;227
1822;2;1;227
1823;1;1;227
1824;1;1;228
1825;1;1;228
1826;1;1;228
1827;1;1;228
1828;2;1;228
1832;2;4;229
1833;1;1;229
1834;1;1;229
1835;1;1;229
1836;1;1;229
1837;1;1;229
1838;1;1;229
1839;2;1;229
1840;1;1;230
1841;1;1;230
1842;1;1;230
1843;1;1;230
1844;1;1;230
1845;2;1;230
1846;1;1;230
1847;1;1;230
1848;1;1;231
1849;1;1;231
1850;1;1;231
1851;1;1;231
1852;2;1;231
1853;1;1;231
1854;2;1;231
1855;1;1;231
1856;1;1;232
1857;2;1;232
1858;1;1;232
1859;2;1;232
1860;1;1;232
1861;1;1;232
1862;1;1;232
1863;1;1;232
1864;1;1;233
1865;2;1;233
1866;1;1;233
1867;1;1;233
1868;1;1;233
1869;1;1;233
1870;2;1;233
1871;1;1;233
1872;1;1;234
1873;1;1;234
1874;1;1;234
1875;1;1;234
1876;1;1;234
1877;1;1;234
1878;2;1;234
1879;2;1;234
1880;1;1;235
1881;1;1;235
1882;1;1;235
1883;1;1;235
1884;1;1;235
1885;1;1;235
1886;1;1;235
1887;2;1;235
1888;1;1;236
1889;2;1;236
1890;1;1;236
1891;1;1;236
1892;1;1;236
1893;2;1;236
1894;1;1;236
1895;1;1;236
1896;2;1;237
1897;1;1;237
1898;1;1;237
1899;1;1;237
1900;1;1;237
1901;1;1;237
1902;1;1;237
1903;2;1;237
1904;1;1;238
1905;1;1;238
1906;1;1;238
1907;1;1;238
1908;1;1;238
1909;1;1;238
1910;1;1;238
1911;1;1;238
1912;2;1;239
1913;1;1;239
1914;1;1;239
1915;1;1;239
1916;1;1;239
1917;1;1;239
1918;1;1;239
1919;2;1;239
1920;2;1;240
1921;1;1;240
1922;1;1;240
1923;1;1;240
1924;1;1;240
1925;1;1;240
1926;1;1;240
1927;2;1;240
1928;1;1;241
1929;1;1;241
1930;1;1;241
1931;2;1;241
1932;1;1;241
1933;2;1;241
1934;1;1;241
1935;2;1;241
1936;1;1;242
1937;2;1;242
1938;1;1;242
1939;2;1;242
1940;1;1;242
1941;1;1;242
1942;1;1;242
1943;1;1;242
1944;1;1;243
1945;1;1;243
1946;1;1;243
1947;1;1;243
1948;1;1;243
1949;1;1;243
1950;2;1;243
1951;11;1;243
1952;1;1;244
1953;2;1;244
1954;1;1;244
1955;1;1;244
1956;1;1;244
1957;2;1;244
1958;1;1;244
1959;1;1;244
1960;1;1;245
1961;2;1;245
1962;1;1;245
1963;1;1;245
1964;1;1;245
1965;1;1;245
1966;1;1;245
1967;1;1;245
1968;1;1;246
1969;1;1;246
1970;1;1;246
1971;1;1;246
1972;2;1;246
1973;1;1;246
1974;2;1;246
1975;1;1;246
1976;1;1;247
1977;1;1;247
1978;1;1;247
1979;1;1;247
1980;2;1;247
1981;1;1;247
1982;2;1;247
1983;1;1;247
1984;1;1;248
1985;2;1;248
1986;5;1;248
1987;1;1;248
1988;1;1;248
1989;1;1;248
1990;1;1;248
1991;1;1;248
1992;2;1;249
1993;1;1;249
1994;2;1;249
1995;1;1;249
1996;1;1;249
1997;1;1;249
1998;2;1;249
1999;2;1;249
2000;1;1;250
2001;1;1;250
2002;1;1;250
2003;2;1;250
2004;1;1;250
2005;2;1;250
2006;1;1;250
2007;1;1;250
2008;1;1;251
2009;1;1;251
2010;1;1;251
2011;2;1;251
2012;1;1;251
2013;1;1;251
2014;2;1;251
2015;1;1;251
2016;1;1;252
2017;1;1;252
2018;1;1;252
2019;1;1;252
2020;1;1;252
2021;1;1;252
2022;2;1;252
2023;1;1;252
2024;1;1;253
2025;2;1;253
2026;1;1;253
2027;1;1;253
2032;1;5;254
2033;2;1;254
2034;1;1;254
2035;2;1;254
2036;1;1;254
2037;1;1;254
2038;1;1;254
2039;1;1;254
2040;2;1;255
2041;1;1;255
2042;2;1;255
2043;1;1;255
2044;2;1;255
2045;1;1;255
2046;2;1;255
2047;1;1;255
2048;1;1;256
2049;1;1;256
2050;1;1;256
2051;1;1;256
2052;2;1;256
2053;1;1;256
2054;2;1;256
2055;1;1;256
2056;2;1;257
2057;1;1;257
2058;2;1;257
2059;1;1;257
2060;1;1;257
2061;1;1;257
2062;1;1;257
2063;1;1;257
2064;2;1;258
2065;1;1;258
2066;1;1;258
2067;2;1;258
2068;1;1;258
2069;2;1;258
2070;1;1;258
2071;2;1;258
2072;1;1;259
2073;1;1;259
2074;1;1;259
2075;1;1;259
2076;1;1;259
2077;1;1;259
2078;2;1;259
2079;1;1;259
2080;1;1;260
2081;1;1;260
2082;1;1;260
2083;1;1;260
2084;1;1;260
2085;1;1;260
2086;2;1;260
2087;1;1;260
2088;1;1;261
2089;1;1;261
2090;1;1;261
2091;1;1;261
2092;1;1;261
2093;2;1;261
2094;1;1;261
2095;2;1;261
2096;1;1;262
2097;2;1;262
2098;1;1;262
2099;2;1;262
2100;2;1;262
2101;2;1;262
2102;1;1;262
2103;2;1;262
2104;2;1;263
2105;1;1;263
2106;1;1;263
2107;1;1;263
2108;1;1;263
2109;1;1;263
2110;1;1;263
2111;1;1;263
2112;1;1;264
2113;1;1;264
2114;1;1;264
2115;1;1;264
2116;1;1;264
2117;1;1;264
2118;2;1;264
2119;1;1;264
2120;1;1;265
2121;1;1;265
2122;2;1;265
2123;1;1;265
2124;2;1;265
2125;1;1;265
2128;2;3;266
2129;1;1;266
2130;1;1;266
2136;2;6;267
2137;1;1;267
2138;1;1;267
2139;1;1;267
2140;2;1;267
2141;1;1;267
2142;2;1;267
2143;1;1;267
2144;1;1;268
2145;1;1;268
2146;2;1;268
2147;1;1;268
2148;2;1;268
2149;1;1;268
2150;1;1;268
2151;1;1;268
2152;1;1;269
2153;1;1;269
2154;1;1;269
2155;1;1;269
2156;1;1;269
2157;2;1;269
2158;1;1;269
2159;2;1;269
2160;2;1;270
2161;1;1;270
2162;1;1;270
2163;1;1;270
2164;1;1;270
2165;1;1;270
2166;10;1;270
2167;1;1;270
2168;1;1;271
2169;2;1;271
2176;1;7;272
2177;1;1;272
2178;1;1;272
2179;1;1;272
2180;2;1;272
2181;1;1;272
2182;2;1;272
2184;2;2;273
2185;1;1;273
2186;1;1;273
2187;2;1;273
2188;1;1;273
2189;2;1;273
2190;1;1;273
2191;2;1;273
2192;1;1;274
2193;2;1;274
2194;2;1;274
2195;1;1;274
2196;2;1;274
2197;1;1;274
2198;2;1;274
2199;1;1;274
2200;2;1;275
2201;1;1;275
2202;2;1;275
2203;1;1;275
2204;1;1;275
2205;1;1;275
2206;2;1;275
2207;1;1;275
2208;1;1;276
2209;2;1;276
2210;1;1;276
2211;2;1;276
2212;1;1;276
2213;2;1;276
2214;1;1;276
2215;1;1;276
2216;1;1;277
2217;1;1;277
2218;1;1;277
2219;2;1;277
2220;1;1;277
2221;2;1;277
2222;1;1;277
2223;1;1;277
2224;1;1;278
2225;2;1;278
2226;1;1;278
2227;2;1;278
2228;1;1;278
2229;2;1;278
2230;1;1;278
2231;1;1;278
2232;1;1;279
2233;2;1;279
2234;1;1;279
2235;2;1;279
2236;1;1;279
2237;1;1;279
2238;1;1;279
2239;1;1;279
2240;1;1;280
2241;1;1;280
2242;2;1;280
2243;1;1;280
2244;2;1;280
2245;1;1;280
2246;1;1;280
2247;1;1;280
2248;2;1;281
2249;1;1;281
2250;1;1;281
2251;1;1;281
2252;1;1;281
2253;1;1;281
2254;1;1;281
2255;2;1;281
2256;1;1;282
2257;1;1;282
2258;2;1;282
2259;1;1;282
2260;1;1;282
2261;1;1;282
2262;1;1;282
2263;2;1;282
2264;2;1;283
2265;1;1;283
2266;1;1;283
2267;1;1;283
2268;1;1;283
2269;2;1;283
2270;1;1;283
2271;1;1;283
2280;2;9;285
2288;1;8;286
2289;1;1;286
2290;1;1;286
2291;2;1;286
2292;2;1;286
2293;1;1;286
2294;2;1;286
2295;1;1;286
2296;1;1;287
2297;1;1;287
2298;2;1;287
2299;2;1;287
2300;1;1;287
2301;2;1;287
2304;1;3;288
2305;1;1;288
2306;1;1;288
2307;1;1;288
2308;2;1;288
2309;12;1;288
2310;1;1;288
2311;2;1;288
2312;2;1;289
2313;1;1;289
2314;1;1;289
2315;1;1;289
2316;1;1;289
2317;2;1;289
2318;1;1;289
2319;1;1;289
2320;1;1;290
2321;1;1;290
2322;1;1;290
2323;1;1;290
2324;1;1;290
2325;3;1;290
2326;1;1;290
2327;2;1;290
2328;1;1;291
2329;1;1;291
2330;1;1;291
2331;1;1;291
2332;1;1;291
2333;1;1;291
2334;2;1;291
2335;1;1;291
2336;2;1;292
2337;1;1;292
2338;2;1;292
2339;1;1;292
2340;1;1;292
2341;1;1;292
2344;2;3;293
2345;1;1;293
2346;2;1;293
2347;1;1;293
2348;1;1;293
2349;1;1;293
2350;1;1;293
2351;1;1;293
2352;1;1;294
2353;2;1;294
2354;1;1;294
2355;1;1;294
2356;1;1;294
2357;1;1;294
2358;1;1;294
2359;2;1;294
2360;1;1;295
2361;1;1;295
2362;1;1;295
2363;2;1;295
2364;1;1;295
2365;2;1;295
2366;1;1;295
2367;2;1;295
2368;1;1;296
2369;1;1;296
2370;1;1;296
2371;1;1;296
2372;1;1;296
2373;1;1;296
2374;1;1;296
2375;2;1;296
2376;1;1;297
2377;1;1;297
2378;1;1;297
2379;1;1;297
2380;1;1;297
2381;2;1;297
2382;2;1;297
2383;1;1;297
2384;1;1;298
2385;1;1;298
2386;2;1;298
2387;1;1;298
2388;1;1;298
2392;2;4;299
2393;1;1;299
2394;2;1;299
2395;1;1;299
2396;1;1;299
2397;2;1;299
2398;1;1;299
2399;2;1;299
2400;1;1;300
2401;1;1;300
2402;1;1;300
2403;1;1;300
2404;1;1;300
2405;1;1;300
2406;1;1;300
2407;1;1;300
2408;2;1;301
2409;1;1;301
2410;2;1;301
2411;1;1;301
2412;1;1;301
2413;1;1;301
2414;1;1;301
2415;1;1;301
2416;2;1;302
2417;1;1;302
2418;2;1;302
2419;2;1;302
2420;1;1;302
2421;2;1;302
2422;1;1;302
2423;2;1;302
2424;1;1;303
2425;2;1;303
2426;1;1;303
2427;1;1;303
2428;1;1;303
2429;1;1;303
2430;1;1;303
2431;2;1;303
2432;2;1;304
2433;1;1;304
2434;2;1;304
2435;1;1;304
2436;1;1;304
2437;1;1;304
2438;1;1;304
2439;1;1;304
2440;1;1;305
2441;2;1;305
2442;1;1;305
2443;2;1;305
2444;1;1;305
2445;2;1;305
2446;1;1;305
2447;2;1;305
2448;1;1;306
2449;2;1;306
2450;1;1;306
2451;2;1;306
2452;1;1;306
2453;1;1;306
2454;1;1;306
2455;1;1;306
2456;2;1;307
2457;1;1;307
2458;1;1;307
2459;1;1;307
2460;2;1;307
2461;1;1;307
2462;1;1;307
2463;1;1;307
2464;2;1;308
2465;1;1;308
2466;2;1;308
2467;1;1;308
2468;2;1;308
2469;2;1;308
2470;1;1;308
2471;2;1;308
2472;1;1;309
2473;1;1;309
2474;1;1;309
2475;2;1;309
2476;1;1;309
2477;2;1;309
2478;1;1;309
2479;1;1;309
2488;1;9;311
2489;1;1;311
2490;1;1;311
2491;1;1;311
2492;2;1;311
2493;1;1;311
2494;2;1;311
2495;1;1;311
2496;1;1;312
2504;1;8;313
2505;2;1;313
2506;1;1;313
2507;1;1;313
2508;1;1;313
2509;1;1;313
2510;2;1;313
2511;1;1;313
2512;1;1;314
2513;1;1;314
2514;1;1;314
2515;1;1;314
2516;1;1;314
2517;1;1;314
2518;2;1;314
2520;2;2;315
2521;1;1;315
2522;2;1;315
2523;2;1;315
2524;1;1;315
2525;2;1;315
2526;1;1;315
2528;1;2;316
2529;1;1;316
2530;1;1;316
2531;2;1;316
2532;1;1;316
2533;2;1;316
2534;1;1;316
2535;1;1;316
2536;2;1;317
2537;1;1;317
2538;2;1;317
2539;1;1;317
2544;12;5;318
2545;1;1;318
2546;2;1;318
2547;2;1;318
2548;1;1;318
2549;1;1;318
2550;1;1;318
2551;1;1;318
2552;2;1;319
2553;1;1;319
2554;1;1;319
2555;1;1;319
2556;1;1;319
2557;1;1;319
2558;1;1;319
2559;1;1;319
2560;2;1;320
2561;1;1;320
2562;2;1;320
2563;1;1;320
2564;2;1;320
2565;1;1;320
2566;1;1;320
2567;1;1;320
2568;1;1;321
2569;2;1;321
2570;1;1;321
2571;2;1;321
2572;1;1;321
2573;2;1;321
2574;1;1;321
2575;1;1;321
2576;1;1;322
2577;2;1;322
2578;1;1;322
2579;2;1;322
2580;1;1;322
2581;1;1;322
2584;2;3;323
2585;1;1;323
2586;2;1;323
2587;1;1;323
2588;1;1;323
2589;1;1;323
2590;1;1;323
2592;1;2;324
2593;1;1;324
2594;1;1;324
2595;1;1;324
2596;1;1;324
2597;1;1;324
2598;2;1;324
2599;1;1;324
2600;1;1;325
2601;1;1;325
2602;1;1;325
2603;1;1;325
2604;1;1;325
2605;1;1;325
2606;2;1;325
2607;1;1;325
2608;1;1;326
2609;1;1;326
2610;1;1;326
2611;1;1;326
2612;1;1;326
2613;1;1;326
2614;1;1;326
2615;1;1;326
2616;1;1;327
2617;2;1;327
2618;1;1;327
2619;2;1;327
2620;1;1;327
2621;2;1;327
2622;1;1;327
2623;1;1;327
2624;1;1;328
2625;2;1;328
2626;1;1;328
2627;3;1;328
2628;1;1;328
2629;2;1;328
2630;1;1;328
2631;1;1;328
2632;1;1;329
2633;2;1;329
2634;1;1;329
2635;1;1;329
2636;1;1;329
2637;1;1;329
2638;2;1;329
2639;1;1;329
2640;2;1;330
2641;1;1;330
2642;2;1;330
2643;1;1;330
2644;1;1;330
2645;1;1;330
2646;1;1;330
2647;2;1;330
2648;1;1;331
2649;2;1;331
2650;1;1;331
2651;2;1;331
2652;1;1;331
2653;1;1;331
2654;1;1;331
2655;1;1;331
2656;1;1;332
2657;1;1;332
2658;1;1;332
2659;2;1;332
2660;1;1;332
2661;1;1;332
2662;2;1;332
2663;1;1;332
2664;1;1;333
2665;1;1;333
2666;2;1;333
2667;1;1;333
2668;2;1;333
2669;1;1;333
2670;2;1;333
2671;1;1;333
2672;1;1;334
2673;1;1;334
2674;2;1;334
2675;1;1;334
2676;2;1;334
2677;1;1;334
2678;2;1;334
2679;1;1;334
2680;1;1;335
2681;2;1;335
2682;1;1;335
2683;1;1;335
2684;1;1;335
2685;1;1;335
2686;1;1;335
2687;1;1;335
2688;1;1;336
2689;1;1;336
2690;1;1;336
2691;1;1;336
2692;1;1;336
2693;1;1;336
2694;1;1;336
2695;2;1;336
2696;2;1;337
2697;1;1;337
2698;1;1;337
2699;1;1;337
2700;2;1;337
2701;2;1;337
2702;1;1;337
2703;1;1;337
2704;1;1;338
2705;2;1;338
2706;1;1;338
2707;2;1;338
2708;1;1;338
2709;2;1;338
2710;2;1;338
2711;1;1;338
2712;2;1;339
2713;1;1;339
2714;2;1;339
2715;1;1;339
2716;2;1;339
2717;1;1;339
2720;2;3;340
2721;1;1;340
2722;2;1;340
2723;2;1;340
2724;1;1;340
2725;1;1;340
2726;1;1;340
2727;2;1;340
2728;2;1;341
2729;1;1;341
2736;1;7;342
2737;1;1;342
2738;1;1;342
2739;1;1;342
2740;2;1;342
2741;1;1;342
2742;2;1;342
2743;1;1;342
2744;1;1;343
2745;1;1;343
2746;1;1;343
2747;1;1;343
2748;1;1;343
2749;1;1;343
2750;2;1;343
2752;2;2;344
2753;1;1;344
2754;2;1;344
2755;2;1;344
2756;2;1;344
2757;1;1;344
2758;2;1;344
2759;1;1;344
2760;1;1;345
2761;1;1;345
2762;2;1;345
2763;1;1;345
2764;2;1;345
2765;1;1;345
2766;1;1;345
2767;1;1;345
2768;2;1;346
2769;1;1;346
2770;1;1;346
2771;1;1;346
2772;2;1;346
2773;1;1;346
2774;1;1;346
2775;2;1;346
2776;1;1;347
2777;1;1;347
2778;1;1;347
2779;1;1;347
2780;1;1;347
2781;1;1;347
2782;1;1;347
2783;2;1;347
2784;1;1;348
2785;1;1;348
2786;1;1;348
2787;1;1;348
2788;1;1;348
2789;2;1;348
2790;1;1;348
2791;1;1;348
2792;2;1;349
2793;1;1;349
2794;2;1;349
2795;1;1;349
2796;1;1;349
2797;2;1;349
2798;1;1;349
2799;2;1;349
2800;1;1;350
2801;1;1;350
2802;1;1;350
2803;2;1;350
2804;1;1;350
2805;2;1;350
2806;1;1;350
2807;1;1;350
2808;1;1;351
2809;2;1;351
2810;1;1;351
2811;1;1;351
2812;1;1;351
2813;1;1;351
2814;1;1;351
2815;1;1;351
2816;1;1;352
2817;1;1;352
2818;1;1;352
2819;1;1;352
2820;1;1;352
2821;1;1;352
2822;2;1;352
2823;1;1;352
2824;1;1;353
2825;2;1;353
2826;1;1;353
2827;2;1;353
2828;1;1;353
2829;2;1;353
2830;1;1;353
2831;2;1;353
2832;1;1;354
2833;1;1;354
2834;1;1;354
2835;2;1;354
2836;1;1;354
2837;2;1;354
2838;1;1;354
2839;1;1;354
2840;1;1;355
2841;2;1;355
2842;1;1;355
2843;2;1;355
2844;1;1;355
2845;2;1;355
2846;1;1;355
2847;1;1;355
2848;1;1;356
2849;1;1;356
2850;1;1;356
2851;1;1;356
2852;1;1;356
2853;2;1;356
2854;1;1;356
2855;2;1;356
2856;1;1;357
2857;1;1;357
2858;1;1;357
2859;2;1;357
2860;1;1;357
2861;1;1;357
2862;1;1;357
2863;1;1;357
2864;1;1;358
2865;2;1;358
2866;1;1;358
2867;1;1;358
2868;1;1;358
2869;2;1;358
2870;1;1;358
2871;1;1;358
2872;1;1;359
2873;1;1;359
2874;1;1;359
2875;1;1;359
2876;1;1;359
2877;1;1;359
2878;1;1;359
2879;1;1;359
2880;1;1;360
2881;1;1;360
2882;1;1;360
2883;1;1;360
2884;1;1;360
2885;1;1;360
2886;2;1;360
2887;1;1;360
2888;1;1;361
2889;2;1;361
2890;1;1;361
2891;1;1;361
2892;1;1;361
2893;1;1;361
2894;2;1;361
2895;1;1;361
2896;1;1;362
2897;2;1;362
2898;1;1;362
2899;1;1;362
2900;1;1;362
2901;2;1;362
2902;1;1;362
2903;2;1;362
2904;1;1;363
2905;2;1;363
2906;1;1;363
2907;2;1;363
2908;1;1;363
2909;2;1;363
2910;1;1;363
2911;2;1;363
2912;2;1;364
2913;1;1;364
2920;1;7;365
2921;2;1;365
2922;1;1;365
2923;7;1;365
2924;1;1;365
2925;1;1;365
2926;1;1;365
2927;1;1;365
2928;1;1;366
2929;1;1;366
2930;2;1;366
2931;1;1;366
2932;2;1;366
2933;1;1;366
2934;2;1;366
2935;1;1;366
2936;2;1;367
2937;1;1;367
2938;2;1;367
2939;1;1;367
2940;2;1;367
2941;1;1;367
2942;1;1;367
2943;1;1;367
2944;2;1;368
2945;1;1;368
2946;2;1;368
2947;1;1;368
2948;2;1;368
2949;1;1;368
2950;1;1;368
2951;1;1;368
2952;2;1;369
2953;1;1;369
2954;2;1;369
2955;1;1;369
2956;1;1;369
2957;1;1;369
2958;1;1;369
2959;1;1;369
2960;2;1;370
2961;1;1;370
2962;2;1;370
2963;1;1;370
2964;2;1;370
2965;1;1;370
2966;2;1;370
2967;1;1;370
2968;2;1;371
2969;1;1;371
2970;2;1;371
2971;1;1;371
2972;2;1;371
2973;1;1;371
2974;2;1;371
2975;1;1;371
2976;1;1;372
2977;1;1;372
2978;1;1;372
2979;1;1;372
2980;2;1;372
2981;6;1;372
2982;2;1;372
2983;1;1;372
2984;1;1;373
2985;2;1;373
2986;1;1;373
2987;2;1;373
2988;1;1;373
2989;2;1;373
2990;1;1;373
2991;2;1;373
2992;1;1;374
2993;1;1;374
2994;1;1;374
2995;2;1;374
2996;1;1;374
2997;2;1;374
2998;1;1;374
2999;2;1;374
3000;1;1;375
3001;2;1;375
3002;2;1;375
3003;1;1;375
3004;1;1;375
3005;1;1;375
3006;1;1;375
3007;1;1;375
3008;2;1;376
3009;1;1;376
3010;2;1;376
3011;1;1;376
3012;2;1;376
3013;1;1;376
3014;2;1;376
3015;1;1;376
3016;2;1;377
3017;2;1;377
3018;1;1;377
3019;2;1;377
3020;1;1;377
3021;1;1;377
3022;1;1;377
3023;1;1;377
3024;1;1;378
3025;1;1;378
3026;1;1;378
3027;1;1;378
3028;1;1;378
3029;1;1;378
3030;1;1;378
3031;1;1;378
3032;1;1;379
3033;2;1;379
3034;1;1;379
3035;2;1;379
3036;1;1;379
3037;2;1;379
3038;1;1;379
3039;1;1;379
3040;1;1;380
3041;2;1;380
3042;1;1;380
3043;2;1;380
3044;1;1;380
3045;1;1;380
3046;1;1;380
3047;1;1;380
3048;1;1;381
3049;1;1;381
3050;1;1;381
3051;1;1;381
3052;1;1;381
3053;1;1;381
3054;1;1;381
3055;1;1;381
3056;1;1;382
3057;2;1;382
3058;1;1;382
3059;1;1;382
3060;1;1;382
3061;1;1;382
3062;1;1;382
3063;1;1;382
3064;2;1;383
3065;1;1;383
3066;2;1;383
3067;1;1;383
3068;2;1;383
3069;1;1;383
3070;2;1;383
3071;1;1;383
3072;2;1;384
3073;1;1;384
3074;2;1;384
3075;1;1;384
3076;1;1;384
3077;1;1;384
3078;1;1;384
3079;1;1;384
3080;1;1;385
3081;1;1;385
3082;1;1;385
3083;1;1;385
3084;1;1;385
3085;2;1;385
3086;1;1;385
3087;2;1;385
3088;1;1;386
3089;1;1;386
3090;1;1;386
3091;2;1;386
3092;1;1;386
3093;1;1;386
3094;1;1;386
3095;1;1;386
3096;2;1;387
3097;1;1;387
3098;2;1;387
3099;1;1;387
3100;1;1;387
3101;1;1;387
3102;1;1;387
3103;1;1;387
3104;2;1;388
3105;1;1;388
3106;1;1;388
3107;1;1;388
3108;1;1;388
3109;2;1;388
3110;1;1;388
3111;2;1;388
3112;1;1;389
3113;2;1;389
3114;1;1;389
3115;2;1;389
3116;1;1;389
3117;1;1;389
3118;1;1;389
3119;1;1;389
3120;1;1;390
3121;1;1;390
3122;1;1;390
3123;2;1;390
3124;1;1;390
3125;2;1;390
3126;1;1;390
3127;2;1;390
3128;1;1;391
3129;1;1;391
3130;1;1;391
3131;2;1;391
3132;1;1;391
3133;2;1;391
3134;1;1;391
3135;1;1;391
3136;1;1;392
3137;2;1;392
3138;2;1;392
3139;1;1;392
3140;2;1;392
3141;1;1;392
3142;2;1;392
3143;1;1;392
3144;1;1;393
3145;1;1;393
3146;2;1;393
3147;1;1;393
3148;2;1;393
3149;1;1;393
3150;2;1;393
3151;1;1;393
3152;2;1;394
3153;1;1;394
3154;1;1;394
3155;1;1;394
3156;1;1;394
3157;1;1;394
3158;2;1;394
3159;1;1;394
3160;1;1;395
3161;1;1;395
3162;2;1;395
3163;1;1;395
3164;1;1;395
3165;1;1;395
3166;1;1;395
3167;1;1;395
3168;1;1;396
3169;1;1;396
3170;1;1;396
3171;1;1;396
3172;1;1;396
3173;1;1;396
3174;2;1;396
3175;1;1;396
3176;1;1;397
3177;1;1;397
3178;1;1;397
3179;1;1;397
3180;2;1;397
3181;1;1;397
3182;1;1;397
3183;2;1;397
3184;1;1;398
3185;2;1;398
3186;1;1;398
3187;2;1;398
3188;1;1;398
3189;2;1;398
3190;1;1;398
3191;1;1;398
3192;1;1;399
3193;2;1;399
3194;1;1;399
3195;2;1;399
3196;1;1;399
3197;1;1;399
3198;1;1;399
3199;1;1;399
3200;1;1;400
3201;2;1;400
3202;1;1;400
3203;2;1;400
3204;1;1;400
3208;1;4;401
3209;1;1;401
3216;2;7;402
3217;1;1;402
3218;1;1;402
3219;2;1;402
3220;1;1;402
3221;1;1;402
3222;1;1;402
3223;1;1;402
3232;2;9;404
3233;1;1;404
3234;1;1;404
3235;1;1;404
3236;1;1;404
3237;1;1;404
3238;1;1;404
3239;1;1;404
3240;1;1;405
3241;1;1;405
3242;1;1;405
3243;1;1;405
3244;2;1;405
3245;1;1;405
3246;2;1;405
3247;1;1;405
3248;2;1;406
3249;1;1;406
3250;1;1;406
3251;1;1;406
3252;1;1;406
3253;2;1;406
3254;1;1;406
3255;2;1;406
3256;1;1;407
3257;2;1;407
3258;1;1;407
3259;2;1;407
3260;1;1;407
3261;2;1;407
3262;1;1;407
3263;1;1;407
3264;1;1;408
3265;2;1;408
3266;1;1;408
3267;2;1;408
3268;1;1;408
3269;1;1;408
3270;1;1;408
3271;1;1;408
3272;1;1;409
3273;2;1;409
3274;1;1;409
3275;2;1;409
3276;1;1;409
3277;1;1;409
3278;1;1;409
3279;1;1;409
3280;2;1;410
3281;1;1;410
3288;2;7;411
3289;1;1;411
3290;1;1;411
3291;1;1;411
3292;1;1;411
3293;1;1;411
3294;2;1;411
3295;1;1;411
3296;1;1;412
3297;1;1;412
3298;1;1;412
3299;1;1;412
3300;2;1;412
3301;1;1;412
3302;2;1;412
3303;1;1;412
3304;1;1;413
3305;2;1;413
3306;1;1;413
3307;2;1;413
3308;1;1;413
3309;2;1;413
3310;1;1;413
3311;2;1;413
3312;1;1;414
3313;1;1;414
3314;1;1;414
3315;2;1;414
3316;1;1;414
3317;2;1;414
3318;1;1;414
3319;2;1;414
3320;1;1;415
3321;2;1;415
3322;1;1;415
3323;2;1;415
3324;1;1;415
3325;2;1;415
3326;1;1;415
3327;2;1;415
3328;2;1;416
3329;1;1;416
3330;2;1;416
3331;1;1;416
3332;2;1;416
3333;1;1;416
3334;1;1;416
3335;2;1;416
3336;2;1;417
3337;1;1;417
3338;1;1;417
3339;2;1;417
3340;1;1;417
3341;2;1;417
3342;1;1;417
3343;2;1;417
3344;1;1;418
3345;2;1;418
3346;1;1;418
3347;2;1;418
3348;1;1;418
3349;2;1;418
3350;1;1;418
3351;2;1;418
3352;1;1;419
3353;2;1;419
3354;1;1;419
3355;1;1;419
3356;1;1;419
3357;1;1;419
3358;1;1;419
3359;2;1;419
3360;2;1;420
3361;1;1;420
3362;1;1;420
3363;1;1;420
3364;1;1;420
3365;1;1;420
3366;1;1;420
3367;2;1;420
3368;2;1;421
3369;1;1;421
3370;1;1;421
3371;1;1;421
3372;1;1;421
3373;2;1;421
3374;1;1;421
3375;2;1;421
3376;2;1;422
3377;1;1;422
3378;1;1;422
3379;1;1;422
3380;1;1;422
3381;1;1;422
3382;2;1;422
3383;1;1;422
3384;1;1;423
3385;1;1;423
3386;1;1;423
3387;1;1;423
3388;2;1;423
3389;1;1;423
3390;2;1;423
3391;1;1;423
3392;1;1;424
3393;1;1;424
3394;2;1;424
3395;1;1;424
3396;2;1;424
3397;1;1;424
3398;2;1;424
3399;1;1;424
3400;1;1;425
3401;1;1;425
3402;2;1;425
3403;1;1;425
3404;2;1;425
3405;1;1;425
3406;2;1;425
3407;1;1;425
3408;2;1;426
3409;1;1;426
3410;2;1;426
3411;1;1;426
3412;2;1;426
3413;1;1;426
3414;2;1;426
3415;1;1;426
3416;1;1;427
3417;2;1;427
3418;1;1;427
3419;2;1;427
3420;1;1;427
3421;1;1;427
3422;1;1;427
3423;1;1;427
3424;1;1;428
3425;2;1;428
3426;1;1;428
3427;1;1;428
3428;1;1;428
3429;1;1;428
3430;1;1;428
3431;1;1;428
3432;1;1;429
3433;1;1;429
3434;1;1;429
3435;1;1;429
3436;1;1;429
3437;1;1;429
3438;2;1;429
3439;1;1;429
3440;2;1;430
3441;1;1;430
3442;2;1;430
3443;1;1;430
3444;2;1;430
3445;1;1;430
3446;1;1;430
3447;1;1;430
3448;2;1;431
3449;1;1;431
3450;1;1;431
3451;1;1;431
3452;1;1;431
3453;2;1;431
3454;1;1;431
3456;1;2;432
3457;1;1;432
3458;1;1;432
3459;2;1;432
3460;1;1;432
3461;2;1;432
3462;1;1;432
3463;1;1;432
3464;2;1;433
3465;1;1;433
3466;2;1;433
3467;1;1;433
3468;2;1;433
3469;1;1;433
3470;1;1;433
3471;1;1;433
3472;2;1;434
3473;1;1;434
3474;2;1;434
3475;1;1;434
3476;2;1;434
3477;1;1;434
3478;1;1;434
3479;1;1;434
3480;2;1;435
3481;1;1;435
3482;1;1;435
3483;2;1;435
3484;1;1;435
3485;2;1;435
3486;1;1;435
3487;2;1;435
3488;1;1;436
3489;1;1;436
3490;1;1;436
3491;2;1;436
3492;1;1;436
3493;2;1;436
3494;1;1;436
3495;2;1;436
3496;2;1;437
3497;1;1;437
3498;1;1;437
3499;1;1;437
3500;1;1;437
3501;1;1;437
3502;1;1;437
3503;1;1;437
3504;1;1;438
3512;1;8;439
3513;1;1;439
3514;1;1;439
3515;2;1;439
3516;1;1;439
3517;2;1;439
3518;1;1;439
3519;1;1;439
3520;1;1;440
3521;2;1;440
3522;1;1;440
3523;2;1;440
3524;1;1;440
3525;1;1;440
3528;1;3;441
3529;1;1;441
3530;1;1;441
3531;2;1;441
3532;1;1;441
3533;2;1;441
3534;1;1;441
3535;1;1;441
3536;1;1;442
3537;2;1;442
3538;1;1;442
3539;2;1;442
3540;1;1;442
3541;2;1;442
3542;1;1;442
3543;1;1;442
3544;1;1;443
3545;2;1;443
3546;1;1;443
3547;1;1;443
3548;1;1;443
3549;1;1;443
3550;1;1;443
3551;2;1;443
3552;1;1;444
3553;1;1;444
3554;1;1;444
3555;1;1;444
3556;1;1;444
3557;2;1;444
3558;1;1;444
3559;2;1;444
3560;1;1;445
3561;1;1;445
3562;1;1;445
3563;1;1;445
3564;1;1;445
3565;1;1;445
3566;1;1;445
3567;2;1;445
3568;2;1;446
3569;1;1;446
3570;1;1;446
3571;1;1;446
3572;1;1;446
3573;2;1;446
3574;1;1;446
3575;2;1;446
3576;1;1;447
3577;1;1;447
3578;2;1;447
3579;1;1;447
3580;2;1;447
3584;2;4;448
3585;1;1;448
3586;1;1;448
3587;2;1;448
3588;1;1;448
3589;10;1;448
3590;1;1;448
3591;1;1;448
3592;1;1;449
3593;1;1;449
3594;1;1;449
3595;1;1;449
3596;1;1;449
3597;1;1;449
3598;2;1;449
3599;1;1;449
3600;1;1;450
3601;1;1;450
3602;1;1;450
3603;1;1;450
3604;2;1;450
3605;1;1;450
3606;2;1;450
3607;1;1;450
3608;1;1;451
3609;2;1;451
3610;1;1;451
3611;2;1;451
3612;1;1;451
3613;2;1;451
3614;1;1;451
3615;1;1;451
3616;1;1;452
3617;2;1;452
3618;1;1;452
3619;2;1;452
3620;1;1;452
3621;2;1;452
3622;1;1;452
3623;1;1;452
3624;2;1;453
3625;1;1;453
3626;2;1;453
3627;1;1;453
3628;2;1;453
3629;1;1;453
3630;1;1;453
3631;1;1;453
3632;2;1;454
3633;1;1;454
3634;2;1;454
3635;1;1;454
3636;2;1;454
3637;1;1;454
3638;2;1;454
3639;1;1;454
3640;1;1;455
3641;1;1;455
3642;1;1;455
3643;1;1;455
3644;1;1;455
3645;1;1;455
3646;2;1;455
3647;1;1;455
3648;1;1;456
3649;1;1;456
3650;2;1;456
3651;1;1;456
3652;2;1;456
3653;1;1;456
3654;2;1;456
3655;1;1;456
3656;1;1;457
3657;1;1;457
3658;1;1;457
3659;1;1;457
3660;1;1;457
3661;1;1;457
3662;2;1;457
3663;1;1;457
3664;1;1;458
3665;1;1;458
3666;2;1;458
3667;1;1;458
3668;1;1;458
3669;1;1;458
3670;1;1;458
3671;2;1;458
3672;1;1;459
3673;1;1;459
3674;1;1;459
3675;2;1;459
3676;1;1;459
3677;1;1;459
3678;1;1;459
3679;1;1;459
3680;1;1;460
3681;2;1;460
3682;1;1;460
3683;2;1;460
3684;1;1;460
3685;1;1;460
3686;1;1;460
3687;1;1;460
3688;1;1;461
3689;2;1;461
3690;1;1;461
3691;1;1;461
3692;1;1;461
3693;1;1;461
3694;1;1;461
3695;1;1;461
3704;2;9;463
3705;1;1;463
3706;1;1;463
3707;1;1;463
3708;1;1;463
3709;2;1;463
3710;1;1;463
3711;2;1;463
3712;2;1;464
3713;1;1;464
3714;2;1;464
3715;1;1;464
3716;2;1;464
3717;1;1;464
3718;2;1;464
3719;1;1;464
3720;2;1;465
3721;5;1;465
3722;1;1;465
3723;1;1;465
3724;1;1;465
3725;1;1;465
3726;1;1;465
3727;1;1;465
3728;1;1;466
3729;1;1;466
3730;1;1;466
3731;2;1;466
3732;1;1;466
3733;1;1;466
3734;1;1;466
3735;1;1;466
3736;1;1;467
3737;1;1;467
3738;2;1;467
3739;1;1;467
3740;1;1;467
3741;1;1;467
3742;2;1;467
3743;1;1;467
3744;1;1;468
3745;1;1;468
3746;1;1;468
3747;1;1;468
3748;1;1;468
3749;1;1;468
3750;2;1;468
3751;1;1;468
3752;1;1;469
3753;1;1;469
3754;1;1;469
3755;1;1;469
3756;1;1;469
