1;1;1;0
2;1;1;0
3;1;1;0
4;0;1;0
5;0;1;0
6;1;1;0
7;0;1;0
8;0;1;0
9;1;1;0
10;1;1;0
11;0;1;0
12;1;1;0
13;1;1;0
14;1;1;0
15;0;1;0
16;1;1;0
17;1;1;0
18;0;1;0
20;1;2;0
21;0;1;0
22;1;1;0
23;1;1;0
24;0;1;0
25;1;1;0
26;0;1;0
27;1;1;0
28;1;1;0
29;0;1;0
30;1;1;0
31;1;1;0
32;1;1;0
33;0;1;0
34;2;1;0
35;2;1;0
36;1;1;0
37;1;1;0
38;2;1;0
40;1;2;0
41;1;1;0
42;0;1;0
43;0;1;0
44;2;1;0
45;0;1;0
46;1;1;0
47;0;1;0
48;1;1;0
49;1;1;0
50;0;1;0
51;1;1;0
52;1;1;0
53;0;1;0
54;1;1;0
55;1;1;0
56;0;1;0
57;1;1;0
58;1;1;0
60;0;2;0
61;1;1;0
62;0;1;0
63;0;1;0
64;1;1;0
65;1;1;0
66;1;1;0
67;0;1;0
68;1;1;0
69;1;1;0
70;0;1;0
71;1;1;0
72;1;1;0
73;0;1;0
74;1;1;0
75;1;1;0
76;0;1;0
77;1;1;0
78;0;1;0
81;1;1;0
82;0;1;0
83;0;1;0
84;1;1;0
85;0;1;0
86;1;1;0
87;1;1;0
88;1;1;0
89;1;1;0
90;0;1;0
91;1;1;0
92;1;1;0
93;0;1;0
94;0;1;0
95;1;1;0
96;0;1;0
97;0;1;0
98;1;1;0
101;1;1;0
102;1;1;0
103;0;1;0
104;0;1;0
105;0;1;0
106;1;1;0
107;1;1;0
108;0;1;0
109;1;1;0
110;1;1;0
111;0;1;0
112;1;1;0
113;1;1;0
114;0;1;0
115;1;1;0
116;1;1;0
117;0;1;0
118;1;1;0
120;0;2;0
121;0;1;0
122;1;1;0
123;0;1;0
124;0;1;0
125;1;1;0
126;0;1;0
127;1;1;0
128;0;1;0
129;1;1;0
130;0;1;0
131;0;1;0
132;1;1;0
133;1;1;0
134;0;1;0
135;1;1;0
136;1;1;0
137;0;1;0
138;1;1;0
140;0;2;0
141;0;1;0
142;1;1;0
143;1;1;0
144;0;1;0
145;1;1;0
146;1;1;0
147;0;1;0
148;1;1;0
149;1;1;0
150;0;1;0
151;1;1;0
152;1;1;0
153;0;1;0
154;1;1;0
155;1;1;0
156;0;1;0
157;1;1;0
158;1;1;0
160;0;2;0
161;1;1;0
162;1;1;0
163;1;1;0
164;1;1;0
165;0;1;0
166;1;1;0
167;1;1;0
168;0;1;0
169;0;1;0
170;1;1;0
171;0;1;0
172;1;1;0
173;1;1;0
174;0;1;0
175;1;1;0
176;0;1;0
177;1;1;0
178;1;1;0
181;1;1;0
182;1;1;0
183;0;1;0
184;1;1;0
185;1;1;0
186;0;1;0
187;1;1;0
188;1;1;0
189;0;1;0
190;1;1;0
191;1;1;0
192;0;1;0
193;0;1;0
194;1;1;0
195;0;1;0
196;0;1;0
197;1;1;0
198;0;1;0
200;0;2;0
201;1;1;0
202;0;1;0
203;0;1;0
204;1;1;0
205;0;1;0
206;1;1;0
207;1;1;0
208;0;1;0
209;1;1;0
210;0;1;0
211;0;1;0
212;1;1;0
213;0;1;0
214;1;1;0
215;1;1;0
216;0;1;0
217;1;1;0
218;1;1;0
220;0;2;0
221;1;1;0
222;1;1;0
223;0;1;0
224;1;1;0
225;1;1;0
226;0;1;0
227;1;1;0
228;1;1;0
229;0;1;0
230;1;1;0
231;0;1;0
232;0;1;0
233;1;1;0
234;0;1;0
235;0;1;0
236;1;1;0
237;0;1;0
238;0;1;0
240;1;2;0
241;0;1;0
242;1;1;0
243;0;1;0
244;0;1;0
245;1;1;0
246;0;1;0
247;0;1;0
248;1;1;0
249;1;1;0
250;0;1;0
251;1;1;0
252;0;1;0
253;0;1;0
254;1;1;0
255;1;1;0
256;0;1;0
257;1;1;0
258;1;1;0
260;0;2;0
261;1;1;0
262;1;1;0
263;0;1;0
264;1;1;0
265;1;1;0
266;1;1;0
267;0;1;0
268;1;1;0
269;1;1;0
270;0;1;0
271;1;1;0
272;1;1;0
273;0;1;0
274;3;1;0
275;2;1;0
276;2;1;0
277;2;1;0
278;1;1;0
280;1;2;0
281;1;1;0
282;0;1;0
283;1;1;0
284;1;1;0
285;0;1;0
286;1;1;0
287;1;1;0
288;1;1;0
289;1;1;0
290;0;1;0
291;2;1;0
292;2;1;0
293;1;1;0
294;1;1;0
295;2;1;0
296;1;1;0
297;1;1;0
298;1;1;0
300;0;2;0
301;1;1;0
302;0;1;0
303;1;1;0
304;1;1;0
305;0;1;0
306;0;1;0
307;1;1;0
308;1;1;0
309;2;1;0
310;2;1;0
311;1;1;0
312;1;1;0
313;1;1;0
314;0;1;0
315;0;1;0
316;1;1;0
317;1;1;0
318;1;1;0
320;1;2;0
321;1;1;0
322;1;1;0
323;0;1;0
324;1;1;0
325;1;1;0
326;0;1;0
327;1;1;0
328;1;1;0
329;0;1;0
330;0;1;0
331;1;1;0
332;0;1;0
333;1;1;0
334;2;1;0
335;1;1;0
336;1;1;0
337;1;1;0
338;0;1;0
340;1;2;0
341;0;1;0
342;1;1;0
343;1;1;0
344;0;1;0
345;1;1;0
346;1;1;0
347;0;1;0
348;1;1;0
349;0;1;0
350;0;1;0
351;1;1;0
352;0;1;0
353;1;1;0
354;1;1;0
355;0;1;0
356;1;1;0
357;1;1;0
358;1;1;0
360;0;2;0
361;1;1;0
362;0;1;0
363;1;1;0
364;1;1;0
365;0;1;0
366;0;1;0
367;1;1;0
368;0;1;0
369;0;1;0
370;1;1;0
371;0;1;0
372;0;1;0
373;1;1;0
375;1;2;0
376;0;1;0
377;1;1;0
378;1;1;0
381;1;1;0
382;1;1;0
383;0;1;0
384;1;1;0
385;1;1;0
386;0;1;0
387;1;1;0
388;1;1;0
389;0;1;0
390;1;1;0
391;1;1;0
392;0;1;0
393;1;1;0
394;1;1;0
395;6;1;0
396;6;1;0
397;6;1;0
398;6;1;0
400;5;2;0
401;5;1;0
402;5;1;0
403;4;1;0
404;4;1;0
405;3;1;0
406;3;1;0
407;3;1;0
408;2;1;0
409;2;1;0
410;2;1;0
411;1;1;0
412;1;1;0
414;1;2;0
415;3;1;0
416;2;1;0
417;2;1;0
418;2;1;0
420;1;2;0
421;1;1;0
422;0;1;0
423;1;1;0
424;1;1;0
425;0;1;0
426;1;1;0
427;1;1;0
428;0;1;0
429;0;1;0
430;1;1;0
431;1;1;0
432;0;1;0
433;1;1;0
434;0;1;0
435;1;1;0
436;0;1;0
437;0;1;0
438;1;1;0
441;1;3;0
442;1;1;0
443;0;1;0
444;0;1;0
445;1;1;0
446;0;1;0
447;1;1;0
448;1;1;0
449;0;1;0
450;1;1;0
451;1;1;0
452;0;1;0
453;1;1;0
454;1;1;0
455;1;1;0
456;1;1;0
457;1;1;0
458;1;1;0
460;1;2;0
461;0;1;0
462;1;1;0
463;1;1;0
464;0;1;0
465;1;1;0
466;1;1;0
467;0;1;0
468;1;1;0
469;1;1;0
470;1;1;0
471;0;1;0
472;0;1;0
473;2;1;0
474;1;1;0
475;1;1;0
476;6;1;0
477;5;1;0
478;5;1;0
480;4;2;0
481;4;1;0
482;4;1;0
483;3;1;0
484;3;1;0
485;3;1;0
486;2;1;0
487;2;1;0
488;2;1;0
489;1;1;0
490;1;1;0
491;0;1;0
492;0;1;0
493;1;1;0
494;1;1;0
495;0;1;0
497;0;2;0
498;6;1;0
500;5;2;0
501;5;1;0
502;4;1;0
503;4;1;0
504;4;1;0
505;3;1;0
506;3;1;0
507;3;1;0
508;2;1;0
509;2;1;0
510;2;1;0
511;1;1;0
512;1;1;0
513;1;1;0
514;0;1;0
515;0;1;0
516;1;1;0
517;0;1;0
518;1;1;0
520;1;2;0
521;0;1;0
522;1;1;0
523;1;1;0
524;0;1;0
525;0;1;0
526;4;1;0
527;1;1;0
528;0;1;0
529;0;1;0
530;1;1;0
531;0;1;0
532;1;1;0
533;1;1;0
534;0;1;0
535;0;1;0
536;1;1;0
537;0;1;0
538;0;1;0
540;1;2;0
541;0;1;0
542;1;1;0
543;0;1;0
544;0;1;0
545;1;1;0
546;0;1;0
547;0;1;0
548;1;1;0
549;0;1;0
550;0;1;0
551;1;1;0
552;0;1;0
553;0;1;0
554;1;1;0
555;0;1;0
556;0;1;0
557;1;1;0
558;0;1;0
560;1;2;0
561;1;1;0
562;0;1;0
563;1;1;0
564;1;1;0
565;0;1;0
566;0;1;0
567;1;1;0
568;0;1;0
569;0;1;0
570;1;1;0
571;0;1;0
572;0;1;0
573;1;1;0
574;1;1;0
575;0;1;0
576;1;1;0
577;1;1;0
578;0;1;0
580;1;2;0
581;1;1;0
582;0;1;0
583;1;1;0
584;0;1;0
585;0;1;0
586;1;1;0
587;0;1;0
588;0;1;0
589;1;1;0
590;0;1;0
591;1;1;0
592;1;1;0
593;0;1;0
594;1;1;0
595;0;1;0
596;0;1;0
597;1;1;0
598;0;1;0
600;1;2;0
601;1;1;0
602;0;1;0
603;1;1;0
604;1;1;0
605;1;1;0
606;4;1;0
607;4;1;0
608;3;1;0
609;3;1;0
610;3;1;0
611;2;1;0
612;2;1;0
613;0;1;0
614;1;1;0
615;0;1;0
616;0;1;0
617;1;1;0
618;0;1;0
621;1;1;0
622;0;1;0
623;5;1;0
624;5;1;0
625;4;1;0
626;4;1;0
627;4;1;0
628;4;1;0
629;3;1;0
630;3;1;0
631;3;1;0
632;2;1;0
633;2;1;0
634;1;1;0
635;1;1;0
636;1;1;0
637;0;1;0
638;1;1;0
641;3;1;0
642;3;1;0
643;2;1;0
644;2;1;0
645;2;1;0
646;1;1;0
647;1;1;0
648;0;1;0
649;0;1;0
650;1;1;0
651;0;1;0
652;1;1;0
653;1;1;0
654;1;1;0
655;0;1;0
656;3;1;0
657;3;1;0
658;2;1;0
660;2;2;0
661;1;1;0
662;0;1;0
663;1;1;0
664;1;1;0
665;1;1;0
666;0;1;0
667;1;1;0
668;1;1;0
669;0;1;0
670;1;1;0
671;1;1;0
672;1;1;0
673;1;1;0
674;0;1;0
675;1;1;0
676;0;1;0
677;0;1;0
678;1;1;0
680;0;2;0
681;1;1;0
682;1;1;0
683;0;1;0
684;1;1;0
685;1;1;0
686;0;1;0
687;1;1;0
688;1;1;0
689;0;1;0
690;0;1;0
691;0;1;0
692;1;1;0
693;0;1;0
694;1;1;0
695;1;1;0
696;0;1;0
697;1;1;0
698;1;1;0
701;1;1;0
702;1;1;0
703;0;1;0
704;1;1;0
705;1;1;0
706;0;1;0
707;0;1;0
708;1;1;0
709;0;1;0
710;1;1;0
711;1;1;0
712;0;1;0
713;0;1;0
714;1;1;0
715;0;1;0
716;0;1;0
717;1;1;0
718;0;1;0
720;2;2;0
721;1;1;0
722;1;1;0
798;84;1;0
801;83;1;0
802;83;1;0
803;82;1;0
804;82;1;0
805;81;1;0
806;81;1;0
807;81;1;0
808;80;1;0
809;80;1;0
810;80;1;0
811;79;1;0
812;79;1;0
813;79;1;0
814;79;1;0
815;78;1;0
816;78;1;0
817;78;1;0
818;77;1;0
820;77;2;0
821;77;1;0
822;76;1;0
823;76;1;0
824;75;1;0
825;75;1;0
826;75;1;0
827;74;1;0
828;74;1;0
829;73;1;0
830;73;1;0
831;73;1;0
832;72;1;0
833;72;1;0
834;72;1;0
835;71;1;0
836;71;1;0
837;71;1;0
838;71;1;0
840;70;2;0
841;16;1;0
842;16;1;0
843;15;1;0
883;1;1;0
884;0;1;0
885;0;1;0
886;1;1;0
887;1;1;0
888;0;1;0
889;1;1;0
890;1;1;0
891;0;1;0
892;1;1;0
893;1;1;0
894;0;1;0
895;1;1;0
896;1;1;0
897;0;1;0
898;1;1;0
900;1;2;0
901;0;1;0
902;1;1;0
903;0;1;0
904;1;1;0
905;1;1;0
906;0;1;0
907;1;1;0
908;1;1;0
909;0;1;0
910;0;1;0
911;1;1;0
912;0;1;0
913;0;1;0
914;1;1;0
915;0;1;0
916;0;1;0
917;1;1;0
918;0;1;0
920;1;2;0
921;1;1;0
922;0;1;0
923;0;1;0
924;1;1;0
925;0;1;0
926;1;1;0
927;0;1;0
928;1;1;0
929;1;1;0
930;0;1;0
931;1;1;0
932;1;1;0
933;0;1;0
934;1;1;0
935;1;1;0
936;0;1;0
937;1;1;0
938;1;1;0
940;0;2;0
941;1;1;0
942;1;1;0
943;0;1;0
944;1;1;0
945;1;1;0
946;0;1;0
947;1;1;0
948;1;1;0
949;0;1;0
950;1;1;0
951;0;1;0
952;1;1;0
953;1;1;0
954;0;1;0
955;1;1;0
956;0;1;0
957;0;1;0
958;1;1;0
961;1;1;0
962;1;1;0
963;0;1;0
964;1;1;0
965;1;1;0
966;0;1;0
967;0;1;0
968;1;1;0
969;0;1;0
970;0;1;0
971;2;1;0
972;2;1;0
973;1;1;0
974;1;1;0
975;1;1;0
976;0;1;0
977;1;1;0
978;1;1;0
980;1;2;0
981;1;1;0
982;1;1;0
983;0;1;0
984;1;1;0
985;1;1;0
986;0;1;0
987;1;1;0
988;1;1;0
989;0;1;0
990;1;1;0
991;1;1;0
992;0;1;0
993;1;1;0
994;1;1;0
995;0;1;0
996;1;1;0
997;1;1;0
998;0;1;0
1001;1;1;0
1002;1;1;0
1003;0;1;0
1004;1;1;0
1005;1;1;0
1006;0;1;0
1007;1;1;0
1008;1;1;0
1009;0;1;0
1010;1;1;0
1011;1;1;0
1012;0;1;0
1013;0;1;0
1014;0;1;0
1015;0;1;0
1016;1;1;0
1017;0;1;0
1018;1;1;0
1020;1;2;0
1021;0;1;0
1022;1;1;0
1023;1;1;0
1024;0;1;0
1025;1;1;0
1026;1;1;0
1027;1;1;0
1028;1;1;0
1029;1;1;0
1030;0;1;0
1031;1;1;0
1032;1;1;0
1033;1;1;0
1034;1;1;0
1035;0;1;0
1036;1;1;0
1037;1;1;0
1038;0;1;0
1040;1;2;0
1041;1;1;0
1042;0;1;0
1043;0;1;0
1044;1;1;0
1045;0;1;0
1046;1;1;0
1047;1;1;0
1048;0;1;0
1049;1;1;0
1050;1;1;0
1051;0;1;0
1052;1;1;0
1053;1;1;0
1054;0;1;0
1055;1;1;0
1056;0;1;0
1057;1;1;0
1058;1;1;0
1060;0;2;0
1061;1;1;0
1062;1;1;0
1063;0;1;0
1064;1;1;0
1065;1;1;0
1066;0;1;0
1067;0;1;0
1068;1;1;0
1069;0;1;0
1070;1;1;0
1071;1;1;0
1072;0;1;0
1073;0;1;0
1074;1;1;0
1075;1;1;0
1076;0;1;0
1077;1;1;0
1078;1;1;0
1081;1;1;0
1082;0;1;0
1083;1;1;0
1084;0;1;0
1085;0;1;0
1086;1;1;0
1087;0;1;0
1088;1;1;0
1089;1;1;0
1090;0;1;0
1091;0;1;0
1092;1;1;0
1093;1;1;0
1094;0;1;0
1095;1;1;0
1096;1;1;0
1097;0;1;0
1098;1;1;0
1100;1;2;0
1101;0;1;0
1102;1;1;0
1103;0;1;0
1104;0;1;0
1105;1;1;0
1106;1;1;0
1107;0;1;0
1108;1;1;0
1109;1;1;0
1110;0;1;0
1111;1;1;0
1112;1;1;0
1113;0;1;0
1114;1;1;0
1115;1;1;0
1116;0;1;0
1117;0;1;0
1118;1;1;0
1120;0;2;0
1121;1;1;0
1122;0;1;0
1123;1;1;0
1124;1;1;0
1125;0;1;0
1126;1;1;0
1127;1;1;0
1128;0;1;0
1129;0;1;0
1130;1;1;0
1131;0;1;0
1132;1;1;0
1133;1;1;0
1134;0;1;0
1135;1;1;0
1136;1;1;0
1137;0;1;0
1138;1;1;0
1140;1;2;0
1141;0;1;0
1142;0;1;0
1143;1;1;0
1144;0;1;0
1145;0;1;0
1146;1;1;0
1147;0;1;0
1148;0;1;0
1149;1;1;0
1150;0;1;0
1151;0;1;0
1152;0;1;0
1153;1;1;0
1154;0;1;0
1155;0;1;0
1156;1;1;0
1157;0;1;0
1158;0;1;0
1160;1;2;0
1161;0;1;0
1162;1;1;0
1163;1;1;0
1164;0;1;0
1165;1;1;0
1166;1;1;0
1167;0;1;0
1168;1;1;0
1169;1;1;0
1170;0;1;0
1171;1;1;0
1172;1;1;0
1173;0;1;0
1174;0;1;0
1175;1;1;0
1176;1;1;0
1177;0;1;0
1178;1;1;0
1181;1;1;0
1182;4;1;0
1183;3;1;0
1184;3;1;0
1185;2;1;0
1186;2;1;0
1187;2;1;0
1188;1;1;0
1189;0;1;0
1190;1;1;0
1191;0;1;0
1192;0;1;0
1193;1;1;0
1194;0;1;0
1195;1;1;0
1196;1;1;0
1197;0;1;0
1198;1;1;0
1200;1;2;0
1201;0;1;0
1202;1;1;0
1203;1;1;0
1204;0;1;0
1205;1;1;0
1206;0;1;0
1207;1;1;0
1208;1;1;0
1209;0;1;0
1210;0;1;0
1211;1;1;0
1212;0;1;0
1213;0;1;0
1214;1;1;0
1215;1;1;0
1216;0;1;0
1217;1;1;0
1218;1;1;0
1220;0;2;0
1221;1;1;0
1222;0;1;0
1223;1;1;0
1224;0;1;0
1225;0;1;0
1226;1;1;0
1227;0;1;0
1228;0;1;0
1229;1;1;0
1230;0;1;0
1231;0;1;0
1232;1;1;0
1233;1;1;0
1234;0;1;0
1235;1;1;0
1236;1;1;0
1237;0;1;0
1238;1;1;0
1241;1;1;0
1242;1;1;0
1243;0;1;0
1244;1;1;0
1245;0;1;0
1246;1;1;0
1247;1;1;0
1248;0;1;0
1249;1;1;0
1250;1;1;0
1251;0;1;0
1252;1;1;0
1253;1;1;0
1254;0;1;0
1255;0;1;0
1256;1;1;0
1257;1;1;0
1258;0;1;0
1261;0;1;0
1262;0;1;0
1263;1;1;0
1264;1;1;0
1265;0;1;0
1266;1;1;0
1267;1;1;0
1268;0;1;0
1269;1;1;0
1270;0;1;0
1271;1;1;0
1272;2;1;0
1273;1;1;0
1274;1;1;0
1275;1;1;0
1276;0;1;0
1277;1;1;0
1278;1;1;0
1280;0;2;0
1281;1;1;0
1282;1;1;0
1283;0;1;0
1284;1;1;0
1285;1;1;0
1286;0;1;0
1287;1;1;0
1288;1;1;0
1289;0;1;0
1290;0;1;0
1291;1;1;0
1292;0;1;0
1293;0;1;0
1294;1;1;0
1295;0;1;0
1296;1;1;0
1297;0;1;0
1298;1;1;0
1300;0;2;0
1301;0;1;0
1302;1;1;0
1303;0;1;0
1304;1;1;0
1305;1;1;0
1306;0;1;0
1307;0;1;0
1308;1;1;0
1309;0;1;0
1310;1;1;0
1311;1;1;0
1312;0;1;0
1313;0;1;0
1314;1;1;0
1315;0;1;0
1316;0;1;0
1317;1;1;0
1318;1;1;0
1321;1;1;0
1322;0;1;0
1323;0;1;0
1324;1;1;0
1325;0;1;0
1326;1;1;0
1327;1;1;0
1328;0;1;0
1329;1;1;0
1330;0;1;0
1331;0;1;0
1332;1;1;0
1333;0;1;0
1334;1;1;0
1335;1;1;0
1336;0;1;0
1337;1;1;0
1338;1;1;0
1341;1;1;0
1342;1;1;0
1343;0;1;0
1344;0;1;0
1345;1;1;0
1346;0;1;0
1347;0;1;0
1348;1;1;0
1349;0;1;0
1350;1;1;0
1351;0;1;0
1352;1;1;0
1353;1;1;0
1354;0;1;0
1355;1;1;0
1356;1;1;0
1357;0;1;0
1358;1;1;0
1360;1;2;0
1361;0;1;0
1362;1;1;0
1363;1;1;0
1364;0;1;0
1365;1;1;0
1366;1;1;0
1367;0;1;0
1368;0;1;0
1369;1;1;0
1370;0;1;0
1371;1;1;0
1372;1;1;0
1373;0;1;0
1374;1;1;0
1375;1;1;0
1376;0;1;0
1377;1;1;0
1378;0;1;0
1380;1;2;0
1381;1;1;0
1382;0;1;0
1383;0;1;0
1384;1;1;0
1385;0;1;0
1386;0;1;0
1387;1;1;0
1388;1;1;0
1389;0;1;0
1390;1;1;0
1391;1;1;0
1392;0;1;0
1393;1;1;0
1394;1;1;0
1395;0;1;0
1396;1;1;0
1397;1;1;0
1398;0;1;0
1400;1;2;0
1401;0;1;0
1402;0;1;0
1403;1;1;0
1404;0;1;0
1405;1;1;0
1406;1;1;0
1407;0;1;0
1408;1;1;0
1409;1;1;0
1410;0;1;0
1411;1;1;0
1412;1;1;0
1413;0;1;0
1414;1;1;0
1415;1;1;0
1416;0;1;0
1417;0;1;0
1418;1;1;0
1420;1;2;0
1421;0;1;0
1422;1;1;0
1423;1;1;0
1424;0;1;0
1425;1;1;0
1426;1;1;0
1427;0;1;0
1428;1;1;0
1429;1;1;0
1430;0;1;0
1431;1;1;0
1432;1;1;0
1433;0;1;0
1434;1;1;0
1435;1;1;0
1436;0;1;0
1437;0;1;0
1438;1;1;0
1440;0;2;0
1441;1;1;0
1442;0;1;0
1443;1;1;0
1444;1;1;0
1445;0;1;0
1446;1;1;0
1447;0;1;0
1448;1;1;0
1449;0;1;0
1450;1;1;0
1451;1;1;0
1452;0;1;0
1453;1;1;0
1454;1;1;0
1455;0;1;0
1456;0;1;0
1457;1;1;0
1458;1;1;0
1461;1;1;0
1462;0;1;0
1463;0;1;0
1464;1;1;0
1465;1;1;0
1466;1;1;0
1467;1;1;0
1468;0;1;0
1469;0;1;0
1470;1;1;0
1471;0;1;0
1472;1;1;0
1473;0;1;0
1474;1;1;0
1475;1;1;0
1476;0;1;0
1477;1;1;0
1478;1;1;0
1480;0;2;0
1481;1;1;0
1482;0;1;0
1483;0;1;0
1484;1;1;0
1485;1;1;0
1486;0;1;0
1487;1;1;0
1488;0;1;0
1489;1;1;0
1490;1;1;0
1491;0;1;0
1492;1;1;0
1493;1;1;0
1494;0;1;0
1495;0;1;0
1496;1;1;0
1497;0;1;0
1498;0;1;0
1501;0;1;0
1502;1;1;0
1503;1;1;0
1504;0;1;0
1505;1;1;0
1506;1;1;0
1507;0;1;0
1508;1;1;0
1509;0;1;0
1510;0;1;0
1511;1;1;0
1512;0;1;0
1513;1;1;0
1514;1;1;0
1515;0;1;0
1516;0;1;0
1517;1;1;0
1518;0;1;0
1520;0;2;0
1521;1;1;0
1522;0;1;0
1523;0;1;0
1524;1;1;0
1525;0;1;0
1526;1;1;0
1527;0;1;0
1528;1;1;0
1529;1;1;0
1530;0;1;0
1531;1;1;0
1532;1;1;0
1533;0;1;0
1534;1;1;0
1535;1;1;0
1536;0;1;0
1537;1;1;0
1538;1;1;0
1540;0;2;0
1541;1;1;0
1542;1;1;0
1543;0;1;0
1544;1;1;0
1545;1;1;0
1546;0;1;0
1547;0;1;0
1548;1;1;0
1549;0;1;0
1550;0;1;0
1551;1;1;0
1552;0;1;0
1553;1;1;0
1554;0;1;0
1555;0;1;0
1556;1;1;0
1557;0;1;0
1558;0;1;0
1560;1;2;0
1561;0;1;0
1562;1;1;0
1563;1;1;0
1564;0;1;0
1565;1;1;0
1566;1;1;0
1567;0;1;0
1568;1;1;0
1569;1;1;0
1570;0;1;0
1571;1;1;0
1572;1;1;0
1573;0;1;0
1574;1;1;0
1575;1;1;0
1576;0;1;0
1577;0;1;0
1578;1;1;0
1580;0;2;0
1581;0;1;0
1582;1;1;0
1583;0;1;0
1584;1;1;0
1585;1;1;0
1586;0;1;0
1587;1;1;0
1588;1;1;0
1589;0;1;0
1590;1;1;0
1591;1;1;0
1592;0;1;0
1593;1;1;0
1594;0;1;0
1595;0;1;0
1596;1;1;0
1597;0;1;0
1598;0;1;0
1600;0;2;0
1601;0;1;0
1602;1;1;0
1603;0;1;0
1604;0;1;0
1605;1;1;0
1606;0;1;0
1607;0;1;0
1608;1;1;0
1609;0;1;0
1610;1;1;0
1611;2;1;0
1612;1;1;0
1613;1;1;0
1614;1;1;0
1615;0;1;0
1616;1;1;0
1617;0;1;0
1618;1;1;0
1620;1;2;0
1621;0;1;0
1622;1;1;0
1623;1;1;0
1624;0;1;0
1625;1;1;0
1626;1;1;0
1627;0;1;0
1628;0;1;0
1629;1;1;0
1630;1;1;0
1631;0;1;0
1632;1;1;0
1633;1;1;0
1634;0;1;0
1635;1;1;0
1636;1;1;0
1637;0;1;0
1638;1;1;0
1640;1;2;0
1641;1;1;0
1642;0;1;0
1643;1;1;0
1644;1;1;0
1645;0;1;0
1646;0;1;0
1647;1;1;0
1648;0;1;0
1649;1;1;0
1650;1;1;0
1651;0;1;0
1652;0;1;0
1653;1;1;0
1654;0;1;0
1655;0;1;0
1656;1;1;0
1657;0;1;0
1658;0;1;0
1660;1;2;0
1661;0;1;0
1662;0;1;0
1663;1;1;0
1664;0;1;0
1665;0;1;0
1666;1;1;0
1667;0;1;0
1668;1;1;0
1669;0;1;0
1670;0;1;0
1671;1;1;0
1672;1;1;0
1673;0;1;0
1674;1;1;0
1675;1;1;0
1676;0;1;0
1677;0;1;0
1678;1;1;0
1680;0;2;0
1681;0;1;0
1682;1;1;0
1683;0;1;0
1684;0;1;0
1685;1;1;0
1686;0;1;0
1687;1;1;0
1688;0;1;0
1689;0;1;0
1690;1;1;0
1691;1;1;0
1692;0;1;0
1693;1;1;0
1694;1;1;0
1695;0;1;0
1696;1;1;0
1697;1;1;0
1698;0;1;0
1701;1;1;0
1702;0;1;0
1703;1;1;0
1704;0;1;0
1705;1;1;0
1706;1;1;0
1707;0;1;0
1708;1;1;0
1709;0;1;0
1710;0;1;0
1711;1;1;0
1712;1;1;0
1713;0;1;0
1714;1;1;0
1715;1;1;0
1716;0;1;0
1717;1;1;0
1718;1;1;0
1720;0;2;0
1721;1;1;0
1722;1;1;0
1723;0;1;0
1724;0;1;0
1725;1;1;0
1726;1;1;0
1727;0;1;0
1728;1;1;0
1729;0;1;0
1730;0;1;0
1731;1;1;0
1732;1;1;0
1733;0;1;0
1734;1;1;0
1735;1;1;0
1736;0;1;0
1737;1;1;0
1738;1;1;0
1740;0;2;0
1741;1;1;0
1742;1;1;0
1743;0;1;0
1744;1;1;0
1745;0;1;0
1746;0;1;0
1747;1;1;0
1748;0;1;0
1749;1;1;0
1750;1;1;0
1751;0;1;0
1752;1;1;0
1753;1;1;0
1754;0;1;0
1755;0;1;0
1756;1;1;0
1757;0;1;0
1758;1;1;0
1760;1;2;0
1761;0;1;0
1762;1;1;0
1763;1;1;0
1764;0;1;0
1765;1;1;0
1766;0;1;0
1767;0;1;0
1768;1;1;0
1769;0;1;0
1770;1;1;0
1771;1;1;0
1772;0;1;0
1773;0;1;0
1774;1;1;0
1775;1;1;0
1776;0;1;0
1777;1;1;0
1778;0;1;0
1780;1;2;0
1781;1;1;0
1782;0;1;0
1783;1;1;0
1784;1;1;0
1785;0;1;0
1786;1;1;0
1787;1;1;0
1788;0;1;0
1789;1;1;0
1790;1;1;0
1791;0;1;0
1792;0;1;0
1793;1;1;0
1794;0;1;0
1795;0;1;0
1796;1;1;0
1797;2;1;0
1798;1;1;0
1800;1;2;0
1801;1;1;0
1802;0;1;0
1803;1;1;0
1804;0;1;0
1805;1;1;0
1806;0;1;0
1807;1;1;0
1808;1;1;0
1809;0;1;0
1810;1;1;0
1811;1;1;0
1812;1;1;0
1813;0;1;0
1814;1;1;0
1815;1;1;0
1816;0;1;0
1817;1;1;0
1818;1;1;0
1820;0;2;0
1821;1;1;0
1822;1;1;0
1823;0;1;0
1824;1;1;0
1825;1;1;0
1826;0;1;0
1827;0;1;0
1828;1;1;0
1829;0;1;0
1830;1;1;0
1831;1;1;0
1832;0;1;0
1833;0;1;0
1834;1;1;0
1835;0;1;0
1836;0;1;0
1837;1;1;0
1838;0;1;0
1840;1;2;0
1841;1;1;0
1842;1;1;0
1843;1;1;0
1844;0;1;0
1845;1;1;0
1846;1;1;0
1847;0;1;0
1848;1;1;0
1849;1;1;0
1850;0;1;0
1851;1;1;0
1852;1;1;0
1853;0;1;0
1854;0;1;0
1855;1;1;0
1856;0;1;0
1857;1;1;0
1858;1;1;0
1860;0;2;0
1861;1;1;0
1862;1;1;0
1863;0;1;0
1864;1;1;0
1865;1;1;0
1866;0;1;0
1867;1;1;0
1868;1;1;0
1869;0;1;0
1870;1;1;0
1871;1;1;0
1872;0;1;0
1873;1;1;0
1874;1;1;0
1875;0;1;0
1876;1;1;0
1877;1;1;0
1878;0;1;0
1881;1;1;0
1882;0;1;0
1883;1;1;0
1884;1;1;0
1885;0;1;0
1886;1;1;0
1887;0;1;0
1888;1;1;0
1889;1;1;0
1890;0;1;0
1891;1;1;0
1892;1;1;0
1893;0;1;0
1894;0;1;0
1895;1;1;0
1896;0;1;0
1897;0;1;0
1898;1;1;0
1900;0;2;0
1901;1;1;0
1902;1;1;0
1903;0;1;0
1904;1;1;0
1905;0;1;0
1906;0;1;0
1907;1;1;0
1908;0;1;0
1909;1;1;0
1910;1;1;0
1911;0;1;0
1912;1;1;0
1913;1;1;0
1914;0;1;0
1915;1;1;0
1916;1;1;0
1917;0;1;0
1918;1;1;0
1920;1;2;0
1921;0;1;0
1922;1;1;0
1923;1;1;0
1924;0;1;0
1925;0;1;0
1926;1;1;0
1927;0;1;0
1928;1;1;0
1929;1;1;0
1930;0;1;0
1931;1;1;0
1932;0;1;0
1933;1;1;0
1934;1;1;0
1935;0;1;0
1936;1;1;0
1937;1;1;0
1938;0;1;0
1940;1;2;0
1941;1;1;0
1942;0;1;0
1943;1;1;0
1944;1;1;0
1945;0;1;0
1946;1;1;0
1947;1;1;0
1948;0;1;0
1949;1;1;0
1950;0;1;0
1951;1;1;0
1952;1;1;0
1953;0;1;0
1954;1;1;0
1955;0;1;0
1956;1;1;0
1957;1;1;0
1958;0;1;0
1960;1;2;0
1961;1;1;0
1962;0;1;0
1963;1;1;0
1964;1;1;0
1965;0;1;0
1966;1;1;0
1967;1;1;0
1968;0;1;0
1969;1;1;0
1970;1;1;0
1971;0;1;0
1972;0;1;0
1973;1;1;0
1974;0;1;0
1975;1;1;0
1976;0;1;0
1977;0;1;0
1978;1;1;0
1980;0;2;0
1981;1;1;0
1982;1;1;0
1983;0;1;0
1984;1;1;0
1985;1;1;0
1986;0;1;0
1987;1;1;0
1988;1;1;0
1989;0;1;0
1990;1;1;0
1991;1;1;0
1992;0;1;0
1993;0;1;0
1994;1;1;0
1995;1;1;0
1996;0;1;0
1997;1;1;0
1998;0;1;0
2000;1;2;0
2001;1;1;0
2002;0;1;0
2003;1;1;0
2004;0;1;0
2005;1;1;0
2006;1;1;0
2007;0;1;0
2008;1;1;0
2009;1;1;0
2010;1;1;0
2011;0;1;0
2012;1;1;0
2013;1;1;0
2014;0;1;0
2015;1;1;0
2016;1;1;0
2017;0;1;0
2018;1;1;0
2020;0;2;0
2021;0;1;0
2022;1;1;0
2023;0;1;0
2024;0;1;0
2025;1;1;0
2026;1;1;0
2027;0;1;0
2028;1;1;0
2029;1;1;0
2030;0;1;0
2031;1;1;0
2032;1;1;0
2033;0;1;0
2034;0;1;0
2035;1;1;0
2036;0;1;0
2037;0;1;0
2038;1;1;0
2040;0;2;0
2041;0;1;0
2042;1;1;0
2043;0;1;0
2044;1;1;0
2045;1;1;0
2046;0;1;0
2047;0;1;0
2048;1;1;0
2049;0;1;0
2050;1;1;0
2051;1;1;0
2052;0;1;0
2053;0;1;0
2054;1;1;0
2055;0;1;0
2056;0;1;0
2057;1;1;0
2058;1;1;0
2060;1;2;0
2061;1;1;0
2062;1;1;0
2063;0;1;0
2064;1;1;0
2065;1;1;0
2066;0;1;0
2067;1;1;0
2068;0;1;0
2069;0;1;0
2070;1;1;0
2071;0;1;0
2072;1;1;0
2073;0;1;0
2074;0;1;0
2075;1;1;0
2076;0;1;0
2077;0;1;0
2078;0;1;0
2081;0;1;0
2082;1;1;0
2083;1;1;0
2084;0;1;0
2085;1;1;0
2086;1;1;0
2087;0;1;0
2088;1;1;0
2089;1;1;0
2090;0;1;0
2091;1;1;0
2092;1;1;0
2093;0;1;0
2094;1;1;0
2095;1;1;0
2096;0;1;0
2097;1;1;0
2098;1;1;0
2100;1;2;0
2101;0;1;0
2102;1;1;0
2103;1;1;0
2104;0;1;0
2105;1;1;0
2106;1;1;0
2107;0;1;0
2108;0;1;0
2109;1;1;0
2110;1;1;0
2111;0;1;0
2112;0;1;0
2113;1;1;0
2114;0;1;0
2115;1;1;0
2116;1;1;0
2117;0;1;0
2118;1;1;0
2120;1;2;0
2121;1;1;0
2122;1;1;0
2123;0;1;0
2124;0;1;0
2125;1;1;0
2126;0;1;0
2127;0;1;0
2128;1;1;0
2129;0;1;0
2130;1;1;0
2131;0;1;0
2132;0;1;0
2133;1;1;0
2134;0;1;0
2135;1;1;0
2136;1;1;0
2137;0;1;0
2138;1;1;0
2140;0;2;0
2141;0;1;0
2142;1;1;0
2143;0;1;0
2144;0;1;0
2145;1;1;0
2146;0;1;0
2147;1;1;0
2148;1;1;0
2149;0;1;0
2150;1;1;0
2151;1;1;0
2152;1;1;0
2153;0;1;0
2154;1;1;0
2155;1;1;0
2156;0;1;0
2157;1;1;0
2158;1;1;0
2160;0;2;0
2161;1;1;0
2162;1;1;0
2163;0;1;0
2164;1;1;0
2165;0;1;0
2166;1;1;0
2167;0;1;0
2168;1;1;0
2169;1;1;0
2170;1;1;0
2171;0;1;0
2172;1;1;0
2173;1;1;0
2174;0;1;0
2175;1;1;0
2176;1;1;0
2177;0;1;0
2178;1;1;0
2181;0;1;0
2182;1;1;0
2183;1;1;0
2184;0;1;0
2185;1;1;0
2186;1;1;0
2187;0;1;0
2188;1;1;0
2189;1;1;0
2190;0;1;0
2191;0;1;0
2192;1;1;0
2193;0;1;0
2194;0;1;0
2195;1;1;0
2196;0;1;0
2197;1;1;0
2198;0;1;0
2200;1;2;0
2201;1;1;0
2202;0;1;0
2203;1;1;0
2204;1;1;0
2205;0;1;0
2206;1;1;0
2207;0;1;0
2208;1;1;0
2209;1;1;0
2210;0;1;0
2211;1;1;0
2212;1;1;0
2213;0;1;0
2214;1;1;0
2215;1;1;0
2216;0;1;0
2217;1;1;0
2218;0;1;0
2220;1;2;0
2221;0;1;0
2222;0;1;0
2223;1;1;0
2224;0;1;0
2225;1;1;0
2226;1;1;0
2227;0;1;0
2228;1;1;0
2229;1;1;0
2230;0;1;0
2231;1;1;0
2232;1;1;0
2233;1;1;0
2234;1;1;0
2235;0;1;0
2236;0;1;0
2237;1;1;0
2238;1;1;0
2240;0;2;0
2241;1;1;0
2242;0;1;0
2243;1;1;0
2244;1;1;0
2245;1;1;0
2246;0;1;0
2247;1;1;0
2248;0;1;0
2250;0;2;0
2251;1;1;0
2252;1;1;0
2253;0;1;0
2254;1;1;0
2255;0;1;0
2256;0;1;0
2257;1;1;0
2258;0;1;0
2260;1;2;0
2261;0;1;0
2262;1;1;0
2263;1;1;0
2264;0;1;0
2265;0;1;0
2266;1;1;0
2267;0;1;0
2268;1;1;0
2269;1;1;0
2270;1;1;0
2271;0;1;0
2272;1;1;0
2273;3;1;0
2274;3;1;0
2275;2;1;0
2276;2;1;0
2277;2;1;0
2278;1;1;0
2280;1;2;0
2281;33;1;0
2282;32;1;0
2283;32;1;0
2284;32;1;0
2285;31;1;0
2286;31;1;0
2287;31;1;0
2288;30;1;0
2289;30;1;0
2290;30;1;0
2291;29;1;0
2292;29;1;0
2293;29;1;0
2294;28;1;0
2295;28;1;0
2296;28;1;0
2297;28;1;0
2298;27;1;0
2300;27;2;0
2301;26;1;0
2302;26;1;0
2303;26;1;0
2304;22;1;0
2305;22;1;0
2306;22;1;0
2307;21;1;0
2308;21;1;0
2309;21;1;0
2310;1;1;0
2311;0;1;0
2312;0;1;0
2313;29;1;0
2314;28;1;0
2315;28;1;0
2316;28;1;0
2317;27;1;0
2318;27;1;0
2320;27;2;0
2321;26;1;0
2322;26;1;0
2323;26;1;0
2324;25;1;0
2325;25;1;0
2326;25;1;0
2327;24;1;0
2328;24;1;0
2329;24;1;0
2330;23;1;0
2331;23;1;0
2332;23;1;0
2333;22;1;0
2334;22;1;0
2335;22;1;0
2336;21;1;0
2337;21;1;0
2338;21;1;0
2340;20;2;0
2341;20;1;0
2342;20;1;0
2343;19;1;0
2344;0;1;0
2345;1;1;0
2346;1;1;0
2347;0;1;0
2348;1;1;0
2349;1;1;0
2350;0;1;0
2351;0;1;0
2352;1;1;0
2353;0;1;0
2354;0;1;0
2355;1;1;0
2356;0;1;0
2357;0;1;0
2358;1;1;0
2360;0;2;0
2361;1;1;0
2362;1;1;0
2363;0;1;0
2364;0;1;0
2365;0;1;0
2366;1;1;0
2367;1;1;0
2368;0;1;0
2369;0;1;0
2370;1;1;0
2371;1;1;0
2372;0;1;0
2373;1;1;0
2374;0;1;0
2375;0;1;0
2376;1;1;0
2377;0;1;0
2378;0;1;0
2380;1;2;0
2381;0;1;0
2382;0;1;0
2383;1;1;0
2384;0;1;0
2385;1;1;0
2386;0;1;0
2387;1;1;0
2388;1;1;0
2389;0;1;0
2390;1;1;0
2391;0;1;0
2392;1;1;0
2393;0;1;0
2394;0;1;0
2395;1;1;0
2396;0;1;0
2397;1;1;0
2398;1;1;0
2401;1;1;0
2402;1;1;0
2403;0;1;0
2404;1;1;0
2405;1;1;0
2406;0;1;0
2407;1;1;0
2408;1;1;0
2409;0;1;0
2410;1;1;0
2411;1;1;0
2412;0;1;0
2413;1;1;0
2414;1;1;0
2415;0;1;0
2416;1;1;0
2417;1;1;0
2418;0;1;0
2420;1;2;0
2421;0;1;0
2422;0;1;0
2423;1;1;0
2424;1;1;0
2425;0;1;0
2426;1;1;0
2427;1;1;0
2428;0;1;0
2429;1;1;0
2430;1;1;0
2431;0;1;0
2432;1;1;0
2433;1;1;0
2434;0;1;0
2435;0;1;0
2436;1;1;0
2437;0;1;0
2438;1;1;0
2440;1;2;0
2441;0;1;0
2442;1;1;0
2443;1;1;0
2444;1;1;0
2445;0;1;0
2446;1;1;0
2447;1;1;0
2448;0;1;0
2449;1;1;0
2450;1;1;0
2451;0;1;0
2452;1;1;0
2453;1;1;0
2454;0;1;0
2455;0;1;0
2456;1;1;0
2457;0;1;0
2458;1;1;0
2460;1;2;0
2461;0;1;0
2462;1;1;0
2463;1;1;0
2464;0;1;0
2465;1;1;0
2466;1;1;0
2467;0;1;0
2468;1;1;0
2469;0;1;0
2470;1;1;0
2471;1;1;0
2472;0;1;0
2473;1;1;0
2474;1;1;0
2475;0;1;0
2476;1;1;0
2477;1;1;0
2478;0;1;0
2480;1;2;0
2481;1;1;0
2482;0;1;0
2483;1;1;0
2484;1;1;0
2485;1;1;0
2486;1;1;0
2487;1;1;0
2488;1;1;0
2489;1;1;0
2490;1;1;0
2491;0;1;0
2492;1;1;0
2493;1;1;0
2494;0;1;0
2495;1;1;0
2496;1;1;0
2497;0;1;0
2498;1;1;0
2500;0;2;0
2501;0;1;0
2502;1;1;0
2503;1;1;0
2504;0;1;0
2505;1;1;0
2506;1;1;0
2507;0;1;0
2508;1;1;0
2509;1;1;0
2510;0;1;0
2511;1;1;0
2512;1;1;0
2513;0;1;0
2514;1;1;0
2515;1;1;0
2516;0;1;0
2517;1;1;0
2518;1;1;0
2520;0;2;0
2521;1;1;0
2522;1;1;0
2523;0;1;0
2524;1;1;0
2525;1;1;0
2526;0;1;0
2527;1;1;0
2528;1;1;0
2529;0;1;0
2530;0;1;0
2531;1;1;0
2532;0;1;0
2533;1;1;0
2534;0;1;0
2535;0;1;0
2536;1;1;0
2537;0;1;0
2538;0;1;0
2541;0;1;0
2542;1;1;0
2543;1;1;0
2544;0;1;0
2545;1;1;0
2546;1;1;0
2547;0;1;0
2548;0;1;0
2549;1;1;0
2550;0;1;0
2551;0;1;0
2552;1;1;0
2553;1;1;0
2554;0;1;0
2555;1;1;0
2556;1;1;0
2557;0;1;0
2558;1;1;0
2560;0;2;0
2561;1;1;0
2562;0;1;0
2563;0;1;0
2564;0;1;0
2565;1;1;0
2566;1;1;0
2567;0;1;0
2568;1;1;0
2569;0;1;0
2570;1;1;0
2571;1;1;0
2572;0;1;0
2573;0;1;0
2574;1;1;0
2575;0;1;0
2576;0;1;0
2577;1;1;0
2578;1;1;0
2580;0;2;0
2581;1;1;0
2582;0;1;0
2583;0;1;0
2584;1;1;0
2585;1;1;0
2586;0;1;0
2587;1;1;0
2588;1;1;0
2589;0;1;0
2590;1;1;0
2591;1;1;0
2592;0;1;0
2593;1;1;0
2594;1;1;0
2595;0;1;0
2596;0;1;0
2597;1;1;0
2598;1;1;0
2600;0;2;0
2601;1;1;0
2602;1;1;0
2603;0;1;0
2604;0;1;0
2605;1;1;0
2606;0;1;0
2607;1;1;0
2608;1;1;0
2609;0;1;0
2610;1;1;0
2611;1;1;0
2612;0;1;0
2613;1;1;0
2614;1;1;0
2615;0;1;0
2616;1;1;0
2617;1;1;0
2618;0;1;0
2620;1;2;0
2621;0;1;0
2622;1;1;0
2623;1;1;0
2624;0;1;0
2625;1;1;0
2626;1;1;0
2627;0;1;0
2628;1;1;0
2629;1;1;0
2630;1;1;0
2631;0;1;0
2632;1;1;0
2633;1;1;0
2634;0;1;0
2636;0;2;0
2637;1;1;0
2638;1;1;0
2640;1;2;0
2641;1;1;0
2642;1;1;0
2644;0;2;0
2645;1;1;0
2646;0;1;0
2647;0;1;0
2648;1;1;0
2649;0;1;0
2650;1;1;0
2651;0;1;0
2652;1;1;0
2653;1;1;0
2654;0;1;0
2655;1;1;0
2656;1;1;0
2657;0;1;0
2658;1;1;0
2660;0;2;0
2661;0;1;0
2662;1;1;0
2663;0;1;0
2664;0;1;0
2665;1;1;0
2666;0;1;0
2667;1;1;0
2668;1;1;0
2669;0;1;0
2670;1;1;0
2671;1;1;0
2672;0;1;0
2673;1;1;0
2674;1;1;0
2675;0;1;0
2676;1;1;0
2677;1;1;0
2678;0;1;0
2680;1;2;0
2681;1;1;0
2682;0;1;0
2683;1;1;0
2684;1;1;0
2685;1;1;0
2686;1;1;0
2687;0;1;0
2688;1;1;0
2689;1;1;0
2690;0;1;0
2691;1;1;0
2692;1;1;0
2693;0;1;0
2694;1;1;0
2695;1;1;0
2696;0;1;0
2697;1;1;0
2698;1;1;0
2700;0;2;0
2701;1;1;0
2702;1;1;0
2703;0;1;0
2704;1;1;0
2705;1;1;0
2706;0;1;0
2707;1;1;0
2708;1;1;0
2709;0;1;0
2710;1;1;0
2711;1;1;0
2712;0;1;0
2713;1;1;0
2714;1;1;0
2715;0;1;0
2716;1;1;0
2717;1;1;0
2718;0;1;0
2720;1;2;0
2721;1;1;0
2722;0;1;0
2723;1;1;0
2724;1;1;0
2725;0;1;0
2726;1;1;0
2727;1;1;0
2728;0;1;0
2729;1;1;0
2730;1;1;0
2731;0;1;0
2732;0;1;0
2733;1;1;0
2734;0;1;0
2735;0;1;0
2736;1;1;0
2737;0;1;0
2738;1;1;0
2740;1;2;0
2741;0;1;0
2742;1;1;0
2743;1;1;0
2744;0;1;0
2745;0;1;0
2746;1;1;0
2747;0;1;0
2748;0;1;0
2749;1;1;0
2750;0;1;0
2751;0;1;0
2752;1;1;0
2753;0;1;0
2754;1;1;0
2755;1;1;0
2756;2;1;0
2757;1;1;0
2758;1;1;0
2760;0;2;0
2761;0;1;0
2762;1;1;0
2763;1;1;0
2764;0;1;0
2765;1;1;0
2766;1;1;0
2767;0;1;0
2768;1;1;0
2769;0;1;0
2770;1;1;0
2771;0;1;0
2772;1;1;0
2773;0;1;0
2774;1;1;0
2775;1;1;0
2776;0;1;0
2777;1;1;0
2778;1;1;0
2780;1;2;0
2781;1;1;0
2782;1;1;0
2783;0;1;0
2784;1;1;0
2785;2;1;0
2786;1;1;0
2787;1;1;0
2788;1;1;0
2789;0;1;0
2790;1;1;0
2791;1;1;0
2792;0;1;0
2793;0;1;0
2794;1;1;0
2795;0;1;0
2796;1;1;0
2797;1;1;0
2798;0;1;0
2800;1;2;0
2801;1;1;0
2802;0;1;0
2803;1;1;0
2804;1;1;0
2805;0;1;0
2806;1;1;0
2807;1;1;0
2808;0;1;0
2809;0;1;0
2810;1;1;0
2811;0;1;0
2812;0;1;0
2813;1;1;0
2814;0;1;0
2815;0;1;0
2816;1;1;0
2817;0;1;0
2818;0;1;0
2820;1;2;0
2821;0;1;0
2822;1;1;0
2823;1;1;0
2824;0;1;0
2825;1;1;0
2826;1;1;0
2827;1;1;0
2828;1;1;0
2829;0;1;0
2830;1;1;0
2831;1;1;0
2832;0;1;0
2833;1;1;0
2834;1;1;0
2835;0;1;0
2836;0;1;0
2837;0;1;0
2838;1;1;0
2840;0;2;0
2841;1;1;0
2842;1;1;0
2843;0;1;0
2844;0;1;0
2845;1;1;0
2846;0;1;0
2847;1;1;0
2848;0;1;0
2849;1;1;0
2850;1;1;0
2851;0;1;0
2852;1;1;0
2853;1;1;0
2854;0;1;0
2855;0;1;0
2856;1;1;0
2857;0;1;0
2858;1;1;0
2860;1;2;0
2861;0;1;0
2862;1;1;0
2863;1;1;0
2864;0;1;0
2865;1;1;0
2866;1;1;0
2867;0;1;0
2868;1;1;0
2869;1;1;0
2870;0;1;0
2871;1;1;0
2872;1;1;0
2873;0;1;0
2874;1;1;0
2875;1;1;0
2876;0;1;0
2877;0;1;0
2878;1;1;0
2881;0;1;0
2882;1;1;0
2883;0;1;0
2884;0;1;0
2885;1;1;0
2886;0;1;0
2887;0;1;0
2888;1;1;0
2889;0;1;0
2890;0;1;0
2891;1;1;0
2892;1;1;0
2893;1;1;0
2894;0;1;0
2895;1;1;0
2896;1;1;0
2897;0;1;0
2898;1;1;0
2900;0;2;0
2901;0;1;0
2902;1;1;0
2903;1;1;0
2904;0;1;0
2905;0;1;0
2906;1;1;0
2907;0;1;0
2908;0;1;0
2909;1;1;0
2910;0;1;0
2911;0;1;0
2912;1;1;0
2913;0;1;0
2914;0;1;0
2915;1;1;0
2916;1;1;0
2917;0;1;0
2918;1;1;0
2920;0;2;0
2921;1;1;0
2922;1;1;0
2923;0;1;0
2924;1;1;0
2925;0;1;0
2926;0;1;0
2927;1;1;0
2928;1;1;0
2929;0;1;0
2930;1;1;0
2931;1;1;0
2932;0;1;0
2933;1;1;0
2934;0;1;0
2935;0;1;0
2936;1;1;0
2937;0;1;0
2938;1;1;0
2940;1;2;0
2941;1;1;0
2942;0;1;0
2943;1;1;0
2944;1;1;0
2945;0;1;0
2946;0;1;0
2947;1;1;0
2948;1;1;0
2949;0;1;0
2950;1;1;0
2951;0;1;0
2952;0;1;0
2953;1;1;0
2954;1;1;0
2955;0;1;0
2956;1;1;0
2957;0;1;0
2958;0;1;0
2961;0;1;0
2962;1;1;0
2963;1;1;0
2964;0;1;0
2965;1;1;0
2966;1;1;0
2967;0;1;0
2968;0;1;0
2969;1;1;0
2970;1;1;0
2971;0;1;0
2972;1;1;0
2973;0;1;0
2974;1;1;0
2975;1;1;0
2976;0;1;0
2977;1;1;0
2978;1;1;0
2980;0;2;0
2981;1;1;0
2982;0;1;0
2983;1;1;0
2984;1;1;0
2985;0;1;0
2986;1;1;0
2987;1;1;0
2988;0;1;0
2989;1;1;0
2990;1;1;0
2991;0;1;0
2992;1;1;0
2993;1;1;0
2994;0;1;0
2995;1;1;0
2996;1;1;0
2997;0;1;0
2998;0;1;0
3000;1;2;0
3001;0;1;0
3002;1;1;0
3003;1;1;0
3004;0;1;0
3005;1;1;0
3006;0;1;0
3007;1;1;0
3008;0;1;0
3009;1;1;0
3010;0;1;0
3011;0;1;0
3012;1;1;0
3013;0;1;0
3014;0;1;0
3015;1;1;0
3016;1;1;0
3017;0;1;0
3018;1;1;0
3020;0;2;0
3021;1;1;0
3022;1;1;0
3023;0;1;0
3024;1;1;0
3025;0;1;0
3026;1;1;0
3027;0;1;0
3028;0;1;0
3029;1;1;0
3030;0;1;0
3031;0;1;0
3032;1;1;0
3033;1;1;0
3034;0;1;0
3035;1;1;0
3036;1;1;0
3037;0;1;0
3038;1;1;0
3040;1;2;0
3041;0;1;0
3042;1;1;0
3043;1;1;0
3044;0;1;0
3045;0;1;0
3046;1;1;0
3047;1;1;0
3048;0;1;0
3049;1;1;0
3050;1;1;0
3051;0;1;0
3052;1;1;0
3053;1;1;0
3054;0;1;0
3055;1;1;0
3056;1;1;0
3057;0;1;0
3058;1;1;0
3060;1;2;0
3061;0;1;0
3062;1;1;0
3063;1;1;0
3064;0;1;0
3065;1;1;0
3066;1;1;0
3067;0;1;0
3068;1;1;0
3069;1;1;0
3070;0;1;0
3071;1;1;0
3072;0;1;0
3073;0;1;0
3074;1;1;0
3075;0;1;0
3076;1;1;0
3077;1;1;0
3078;0;1;0
3081;0;1;0
3082;1;1;0
3083;1;1;0
3084;0;1;0
3085;1;1;0
3086;1;1;0
3087;0;1;0
3088;1;1;0
3089;1;1;0
3090;0;1;0
3091;1;1;0
3092;1;1;0
3093;0;1;0
3094;1;1;0
3095;1;1;0
3096;0;1;0
3097;1;1;0
3098;1;1;0
3100;0;2;0
3101;1;1;0
3102;1;1;0
3103;1;1;0
3104;1;1;0
3105;0;1;0
3106;1;1;0
3107;1;1;0
3108;0;1;0
3109;1;1;0
3110;1;1;0
3111;0;1;0
3112;1;1;0
3113;1;1;0
3114;0;1;0
3115;1;1;0
3116;1;1;0
3117;1;1;0
3118;1;1;0
3121;1;1;0
3122;1;1;0
3123;0;1;0
3124;1;1;0
3125;1;1;0
3126;0;1;0
3127;1;1;0
3128;1;1;0
3129;0;1;0
3130;1;1;0
3131;1;1;0
3132;0;1;0
3133;1;1;0
3134;1;1;0
3135;0;1;0
3136;1;1;0
3137;1;1;0
3138;0;1;0
3140;1;2;0
3141;0;1;0
3142;0;1;0
3143;0;1;0
3144;1;1;0
3145;0;1;0
3146;0;1;0
3147;1;1;0
3148;1;1;0
3149;0;1;0
3150;1;1;0
3151;1;1;0
3152;0;1;0
3153;1;1;0
3154;1;1;0
3155;0;1;0
3156;1;1;0
3157;1;1;0
3158;0;1;0
3160;1;2;0
3161;1;1;0
3162;0;1;0
3163;1;1;0
3164;1;1;0
3165;0;1;0
3166;1;1;0
3167;1;1;0
3168;0;1;0
3169;1;1;0
3170;0;1;0
3171;1;1;0
3172;1;1;0
3173;0;1;0
3174;0;1;0
3175;1;1;0
3176;0;1;0
3177;0;1;0
3178;1;1;0
3180;0;2;0
3181;1;1;0
3182;1;1;0
3183;0;1;0
3184;1;1;0
3185;0;1;0
3186;0;1;0
3187;0;1;0
3188;1;1;0
3189;0;1;0
3190;0;1;0
3191;1;1;0
3192;0;1;0
3193;0;1;0
3194;1;1;0
3195;0;1;0
3196;0;1;0
3197;1;1;0
3198;0;1;0
3200;1;2;0
3201;1;1;0
3202;0;1;0
3203;1;1;0
3204;0;1;0
3207;0;1;0
3208;0;1;0
3209;1;1;0
3210;2;1;0
3211;2;1;0
3212;2;1;0
3213;1;1;0
3214;1;1;0
3215;1;1;0
3216;1;1;0
3217;0;1;0
3218;1;1;0
3220;1;2;0
3221;0;1;0
3222;1;1;0
3223;1;1;0
3224;0;1;0
3225;1;1;0
3226;1;1;0
3227;0;1;0
3228;1;1;0
3229;1;1;0
3230;0;1;0
3231;1;1;0
3232;1;1;0
3233;0;1;0
3234;1;1;0
3235;1;1;0
3236;0;1;0
3237;1;1;0
3238;1;1;0
3240;1;2;0
3241;1;1;0
3242;0;1;0
3243;1;1;0
3244;0;1;0
3245;0;1;0
3246;1;1;0
3247;0;1;0
3248;1;1;0
3249;1;1;0
3250;0;1;0
3251;1;1;0
3252;1;1;0
3253;0;1;0
3254;0;1;0
3255;1;1;0
3256;0;1;0
3257;0;1;0
3258;1;1;0
3261;1;1;0
3262;1;1;0
3263;1;1;0
3264;0;1;0
3265;1;1;0
3266;1;1;0
3267;0;1;0
3268;1;1;0
3269;1;1;0
3270;0;1;0
3271;1;1;0
3272;1;1;0
3273;0;1;0
3274;1;1;0
3275;1;1;0
3276;0;1;0
3277;1;1;0
3278;1;1;0
3280;0;2;0
3281;1;1;0
3282;0;1;0
3283;1;1;0
3284;0;1;0
3285;1;1;0
3286;0;1;0
3287;0;1;0
3288;1;1;0
3289;0;1;0
3290;1;1;0
3291;1;1;0
3292;0;1;0
3293;1;1;0
3294;0;1;0
3295;1;1;0
3296;1;1;0
3297;0;1;0
3298;1;1;0
3301;0;1;0
3302;1;1;0
3303;1;1;0
3304;0;1;0
3305;1;1;0
3306;1;1;0
3307;0;1;0
3308;1;1;0
3309;1;1;0
3310;0;1;0
3311;1;1;0
3312;0;1;0
3313;0;1;0
3314;1;1;0
3315;1;1;0
3316;0;1;0
3317;1;1;0
3318;1;1;0
3320;0;2;0
3321;1;1;0
3322;1;1;0
3323;0;1;0
3324;1;1;0
3325;0;1;0
3326;1;1;0
3327;1;1;0
3328;0;1;0
3329;1;1;0
3330;1;1;0
3331;0;1;0
3332;1;1;0
3333;1;1;0
3334;0;1;0
3335;0;1;0
3336;1;1;0
3337;0;1;0
3338;0;1;0
3340;1;2;0
3341;0;1;0
3342;0;1;0
3343;1;1;0
3344;0;1;0
3345;0;1;0
3346;1;1;0
3347;0;1;0
3348;0;1;0
3349;1;1;0
3350;1;1;0
3351;0;1;0
3352;1;1;0
3353;1;1;0
3354;0;1;0
3355;1;1;0
3356;1;1;0
3357;0;1;0
3358;1;1;0
3361;0;1;0
3362;1;1;0
3363;0;1;0
3364;1;1;0
3365;0;1;0
3366;0;1;0
3367;1;1;0
3368;0;1;0
3369;0;1;0
3370;1;1;0
3371;1;1;0
3372;0;1;0
3373;1;1;0
3374;0;1;0
3375;1;1;0
3376;1;1;0
3377;0;1;0
3378;1;1;0
3380;1;2;0
3381;0;1;0
3382;1;1;0
3383;1;1;0
3384;0;1;0
3385;1;1;0
3386;0;1;0
3387;1;1;0
3388;1;1;0
3389;0;1;0
3390;1;1;0
3391;1;1;0
3392;0;1;0
3393;1;1;0
3394;1;1;0
3395;0;1;0
3396;1;1;0
3397;1;1;0
3398;0;1;0
3401;1;1;0
3402;0;1;0
3403;1;1;0
3404;0;1;0
3405;1;1;0
3406;1;1;0
3407;0;1;0
3408;0;1;0
3409;1;1;0
3410;0;1;0
3411;2;1;0
3412;2;1;0
3413;1;1;0
3414;1;1;0
3415;1;1;0
3416;0;1;0
3417;0;1;0
3418;1;1;0
3421;1;1;0
3422;0;1;0
3423;0;1;0
3424;1;1;0
3425;1;1;0
3426;0;1;0
3427;1;1;0
3428;0;1;0
3429;0;1;0
3430;1;1;0
3431;1;1;0
3432;0;1;0
3433;1;1;0
3434;1;1;0
3435;0;1;0
3436;1;1;0
3437;1;1;0
3438;0;1;0
3440;1;2;0
3441;0;1;0
3442;0;1;0
3443;1;1;0
3444;0;1;0
3445;1;1;0
3446;1;1;0
3447;0;1;0
3448;1;1;0
3449;1;1;0
3450;0;1;0
3451;1;1;0
3452;1;1;0
3453;0;1;0
3454;0;1;0
3455;1;1;0
3456;0;1;0
3457;0;1;0
3458;1;1;0
3460;0;2;0
3461;0;1;0
3462;1;1;0
3463;0;1;0
3464;1;1;0
3465;1;1;0
3466;0;1;0
3467;1;1;0
3468;0;1;0
3469;0;1;0
3470;1;1;0
3471;0;1;0
3472;1;1;0
3473;1;1;0
3474;0;1;0
3475;0;1;0
3476;1;1;0
3477;0;1;0
3478;1;1;0
3480;1;2;0
3481;0;1;0
3482;1;1;0
3483;1;1;0
3484;0;1;0
3485;0;1;0
3486;1;1;0
3487;0;1;0
3488;1;1;0
3489;1;1;0
3490;0;1;0
3491;1;1;0
3492;1;1;0
3493;0;1;0
3494;0;1;0
3495;1;1;0
3496;0;1;0
3497;0;1;0
3498;1;1;0
3500;0;2;0
3501;1;1;0
3502;0;1;0
3503;1;1;0
3504;1;1;0
3505;0;1;0
3506;0;1;0
3507;1;1;0
3508;0;1;0
3509;0;1;0
3510;1;1;0
3511;1;1;0
3512;0;1;0
3513;1;1;0
3514;1;1;0
3515;0;1;0
3516;1;1;0
3517;1;1;0
3518;0;1;0
3520;1;2;0
3521;1;1;0
3522;0;1;0
3523;1;1;0
3524;1;1;0
3525;0;1;0
3526;1;1;0
3527;1;1;0
3528;0;1;0
3529;0;1;0
3530;1;1;0
3531;0;1;0
3532;0;1;0
3533;1;1;0
3534;0;1;0
3535;1;1;0
3536;0;1;0
3537;1;1;0
3538;1;1;0
3540;0;2;0
3541;1;1;0
3542;0;1;0
3543;0;1;0
3544;0;1;0
3545;1;1;0
3546;1;1;0
3547;0;1;0
3548;1;1;0
3549;1;1;0
3550;0;1;0
3551;1;1;0
3552;1;1;0
3553;0;1;0
3554;0;1;0
3555;1;1;0
3556;0;1;0
3557;0;1;0
3558;1;1;0
3560;0;2;0
3561;1;1;0
3562;0;1;0
3563;0;1;0
3564;1;1;0
3565;0;1;0
3566;1;1;0
3567;1;1;0
3568;0;1;0
3569;0;1;0
3570;1;1;0
3573;0;1;0
3574;0;1;0
3575;1;1;0
3576;1;1;0
3577;0;1;0
3578;0;1;0
3580;1;2;0
3581;0;1;0
3582;0;1;0
3583;1;1;0
3584;0;1;0
3585;0;1;0
3586;1;1;0
3587;1;1;0
3588;0;1;0
3589;1;1;0
3590;1;1;0
3591;0;1;0
3592;1;1;0
3593;1;1;0
3594;0;1;0
3595;1;1;0
3596;1;1;0
3597;0;1;0
3598;1;1;0
3600;1;2;0
3601;0;1;0
3602;1;1;0
3603;0;1;0
3604;1;1;0
3605;1;1;0
3606;0;1;0
3607;1;1;0
3608;1;1;0
3609;0;1;0
3610;1;1;0
3611;1;1;0
3612;0;1;0
3613;0;1;0
3614;0;1;0
3615;1;1;0
3616;0;1;0
3617;1;1;0
3618;1;1;0
3621;1;1;0
3622;1;1;0
3623;0;1;0
3624;1;1;0
3625;1;1;0
3626;0;1;0
3627;0;1;0
3628;1;1;0
3629;0;1;0
3630;0;1;0
3631;1;1;0
3632;0;1;0
3633;1;1;0
3634;1;1;0
3635;0;1;0
3636;1;1;0
3637;1;1;0
3638;0;1;0
3640;1;2;0
3641;0;1;0
3642;1;1;0
3643;0;1;0
3644;0;1;0
3645;1;1;0
3646;1;1;0
3647;0;1;0
3648;0;1;0
3649;1;1;0
3650;0;1;0
3651;1;1;0
3652;1;1;0
3653;0;1;0
3654;0;1;0
3655;1;1;0
3656;0;1;0
3657;0;1;0
3658;1;1;0
3660;0;2;0
3661;1;1;0
3662;1;1;0
3663;0;1;0
3664;1;1;0
3665;1;1;0
3666;0;1;0
3667;0;1;0
3668;1;1;0
3669;0;1;0
3670;0;1;0
3671;1;1;0
3672;0;1;0
3673;1;1;0
3674;1;1;0
3675;0;1;0
3676;1;1;0
3677;1;1;0
3678;0;1;0
3680;1;2;0
3681;1;1;0
3682;1;1;0
3683;0;1;0
3684;1;1;0
3685;1;1;0
3686;0;1;0
3687;1;1;0
3688;1;1;0
3689;0;1;0
3690;1;1;0
3691;1;1;0
3692;0;1;0
3693;1;1;0
3694;1;1;0
3695;0;1;0
3696;1;1;0
3697;1;1;0
3698;0;1;0
3700;1;2;0
3701;1;1;0
3702;0;1;0
3703;1;1;0
3704;0;1;0
3705;0;1;0
3706;1;1;0
3707;0;1;0
3708;0;1;0
3709;1;1;0
3710;0;1;0
3711;0;1;0
3712;1;1;0
3713;1;1;0
3714;0;1;0
3715;1;1;0
3716;1;1;0
3717;0;1;0
3718;1;1;0
3720;0;2;0
3721;0;1;0
3722;1;1;0
3723;0;1;0
3724;0;1;0
3725;1;1;0
3726;0;1;0
3727;0;1;0
3728;1;1;0
3729;0;1;0
3730;1;1;0
3731;0;1;0
3732;1;1;0
3733;1;1;0
3734;0;1;0
3735;1;1;0
3736;0;1;0
3737;1;1;0
3738;1;1;0
3740;0;2;0
3741;1;1;0
3742;1;1;0
3743;0;1;0
3744;1;1;0
3745;1;1;0
3746;0;1;0
3747;1;1;0
3748;1;1;0
3749;0;1;0
3750;0;1;0
3751;1;1;0
3752;1;1;0
3753;0;1;0
3754;0;1;0
3755;1;1;0
3756;0;1;0
3757;1;1;0
3758;1;1;0
3760;0;2;0
3761;0;1;0
3762;1;1;0
3763;0;1;0
3764;1;1;0
3765;0;1;0
3766;0;1;0
3767;1;1;0
3768;1;1;0
3769;0;1;0
3770;1;1;0
3771;1;1;0
3772;0;1;0
3773;1;1;0
3774;1;1;0
3775;0;1;0
3776;1;1;0
3777;1;1;0
3778;0;1;0
3780;1;2;0
3781;0;1;0
3782;0;1;0
3783;1;1;0
3784;0;1;0
3785;1;1;0
3786;0;1;0
3787;1;1;0
3788;1;1;0
3789;0;1;0
3790;1;1;0
3791;1;1;0
3792;0;1;0
3793;1;1;0
3794;1;1;0
3795;0;1;0
3796;1;1;0
3797;1;1;0
3798;0;1;0
3801;1;1;0
3802;0;1;0
3803;1;1;0
3804;1;1;0
3805;0;1;0
3806;0;1;0
3807;1;1;0
3808;0;1;0
3809;1;1;0
3810;1;1;0
3811;1;1;0
3812;0;1;0
3813;0;1;0
3814;1;1;0
3815;0;1;0
3816;0;1;0
3817;1;1;0
3818;1;1;0
3820;1;2;0
3821;0;1;0
3822;1;1;0
3823;0;1;0
3824;0;1;0
3825;1;1;0
3826;1;1;0
3827;0;1;0
3828;1;1;0
3829;1;1;0
3830;0;1;0
3831;1;1;0
3832;1;1;0
3833;0;1;0
3834;1;1;0
3835;0;1;0
3836;0;1;0
3837;1;1;0
3838;0;1;0
3840;1;2;0
3841;0;1;0
3842;0;1;0
3843;1;1;0
3844;0;1;0
3845;0;1;0
3846;1;1;0
3847;0;1;0
3848;0;1;0
3849;1;1;0
3850;1;1;0
3851;0;1;0
3852;1;1;0
3853;1;1;0
3854;1;1;0
3855;0;1;0
3856;1;1;0
3857;0;1;0
3858;1;1;0
3860;1;2;0
3861;0;1;0
3862;1;1;0
3863;1;1;0
3864;0;1;0
3865;0;1;0
3866;1;1;0
3867;0;1;0
3868;1;1;0
3869;1;1;0
3870;0;1;0
3871;1;1;0
3872;1;1;0
3873;0;1;0
3874;1;1;0
3875;1;1;0
3876;0;1;0
3877;1;1;0
3878;0;1;0
3880;1;2;0
3881;1;1;0
3882;0;1;0
3883;1;1;0
3884;1;1;0
3885;0;1;0
3886;1;1;0
3887;1;1;0
3888;0;1;0
3889;1;1;0
3890;1;1;0
3891;0;1;0
3892;1;1;0
3893;1;1;0
3894;0;1;0
3895;1;1;0
3896;0;1;0
3897;0;1;0
3898;1;1;0
3900;0;2;0
3901;0;1;0
3902;1;1;0
3903;0;1;0
3904;0;1;0
3905;1;1;0
3906;0;1;0
3907;0;1;0
3908;1;1;0
3909;1;1;0
3910;0;1;0
3911;1;1;0
3912;1;1;0
3913;0;1;0
3914;1;1;0
3915;0;1;0
3916;1;1;0
3917;1;1;0
3918;0;1;0
3920;1;2;0
3921;0;1;0
3922;1;1;0
3923;1;1;0
3924;0;1;0
3925;1;1;0
3926;1;1;0
3927;0;1;0
3928;1;1;0
3929;1;1;0
3930;0;1;0
3931;1;1;0
3932;1;1;0
3933;0;1;0
3934;0;1;0
3935;1;1;0
3936;0;1;0
3937;0;1;0
3938;1;1;0
3941;1;1;0
3942;1;1;0
3943;0;1;0
3944;1;1;0
3945;1;1;0
3946;0;1;0
3947;1;1;0
3948;1;1;0
3949;0;1;0
3950;1;1;0
3951;1;1;0
3952;0;1;0
3953;0;1;0
3954;1;1;0
3955;0;1;0
3956;0;1;0
3957;1;1;0
3958;0;1;0
3960;1;2;0
3961;0;1;0
3962;1;1;0
3963;1;1;0
3964;0;1;0
3965;1;1;0
3966;1;1;0
3967;0;1;0
3968;0;1;0
3969;0;1;0
3970;0;1;0
3971;1;1;0
3972;1;1;0
3973;0;1;0
3974;1;1;0
3975;1;1;0
3976;0;1;0
3977;1;1;0
3978;1;1;0
3981;1;1;0
3982;1;1;0
3983;0;1;0
3984;1;1;0
3985;0;1;0
3986;1;1;0
3987;1;1;0
3988;0;1;0
3989;1;1;0
3990;1;1;0
3991;0;1;0
3992;1;1;0
3993;1;1;0
3994;0;1;0
3995;1;1;0
3996;1;1;0
3997;0;1;0
3998;1;1;0
4000;0;2;0
4001;0;1;0
4002;1;1;0
4003;0;1;0
4004;0;1;0
4005;1;1;0
4006;0;1;0
4007;0;1;0
4008;1;1;0
4009;0;1;0
4010;1;1;0
4011;0;1;0
4012;0;1;0
4013;1;1;0
4014;1;1;0
4015;0;1;0
4016;2;1;0
4017;2;1;0
4018;1;1;0
4020;1;2;0
4021;0;1;0
4022;0;1;0
4023;1;1;0
4024;1;1;0
4025;0;1;0
4026;1;1;0
4027;1;1;0
4028;0;1;0
4029;1;1;0
4030;0;1;0
4031;1;1;0
4032;0;1;0
4033;0;1;0
4034;1;1;0
4035;0;1;0
4036;1;1;0
4037;1;1;0
4038;0;1;0
4040;0;2;0
4041;1;1;0
4042;0;1;0
4043;0;1;0
4044;1;1;0
4045;0;1;0
4046;0;1;0
4047;1;1;0
4048;0;1;0
4049;0;1;0
4050;1;1;0
4051;1;1;0
4052;0;1;0
4053;1;1;0
4054;1;1;0
4055;0;1;0
4056;1;1;0
4057;1;1;0
4058;0;1;0
4060;1;2;0
4061;1;1;0
4062;0;1;0
4063;1;1;0
4064;0;1;0
4065;1;1;0
4066;0;1;0
4067;0;1;0
4068;1;1;0
4069;0;1;0
4070;0;1;0
4071;1;1;0
4072;1;1;0
4073;0;1;0
4074;1;1;0
4075;0;1;0
4076;0;1;0
4077;1;1;0
4078;0;1;0
4080;0;2;0
4081;1;1;0
4082;0;1;0
4083;1;1;0
4084;0;1;0
4085;0;1;0
4086;1;1;0
4087;0;1;0
4088;1;1;0
4089;1;1;0
4090;0;1;0
4091;1;1;0
4092;0;1;0
4093;0;1;0
4094;1;1;0
4095;0;1;0
4096;0;1;0
4097;1;1;0
4098;0;1;0
4100;0;2;0
4101;1;1;0
4102;0;1;0
4103;1;1;0
4104;1;1;0
4105;0;1;0
4106;1;1;0
4107;1;1;0
4108;0;1;0
4109;1;1;0
4110;1;1;0
4111;0;1;0
4112;1;1;0
4113;1;1;0
4114;0;1;0
4115;0;1;0
4116;1;1;0
4117;1;1;0
4118;0;1;0
4120;1;2;0
4121;0;1;0
4122;0;1;0
4123;1;1;0
4124;1;1;0
4125;0;1;0
4126;1;1;0
4127;1;1;0
4128;0;1;0
4129;1;1;0
4130;1;1;0
4131;0;1;0
4132;1;1;0
4133;1;1;0
4136;1;1;0
4137;0;1;0
4138;1;1;0
4140;0;2;0
4141;1;1;0
4142;1;1;0
4143;0;1;0
4144;1;1;0
4145;0;1;0
4146;1;1;0
4147;1;1;0
4148;0;1;0
4149;1;1;0
4150;1;1;0
4151;0;1;0
4152;1;1;0
4153;1;1;0
4154;0;1;0
4155;1;1;0
4156;1;1;0
4157;0;1;0
4158;1;1;0
4161;0;1;0
4162;1;1;0
4163;1;1;0
4164;0;1;0
4165;0;1;0
4166;1;1;0
4167;0;1;0
4168;1;1;0
4169;1;1;0
4170;0;1;0
4171;1;1;0
4172;0;1;0
4173;0;1;0
4174;1;1;0
4175;0;1;0
4176;0;1;0
4177;1;1;0
4178;1;1;0
4180;1;2;0
4181;0;1;0
4182;1;1;0
4183;1;1;0
4184;0;1;0
4185;1;1;0
4186;1;1;0
4187;0;1;0
4188;1;1;0
4189;1;1;0
4190;0;1;0
4191;0;1;0
4192;1;1;0
4193;0;1;0
4194;1;1;0
4195;0;1;0
4196;1;1;0
4197;1;1;0
4198;0;1;0
4201;0;1;0
4202;0;1;0
4203;1;1;0
4204;1;1;0
4205;0;1;0
4206;1;1;0
4207;1;1;0
4208;0;1;0
4209;1;1;0
4210;1;1;0
4211;1;1;0
4212;0;1;0
4213;0;1;0
4214;1;1;0
4215;0;1;0
4216;1;1;0
4217;1;1;0
4218;0;1;0
4221;1;1;0
4222;0;1;0
4223;0;1;0
4224;1;1;0
4225;0;1;0
4226;0;1;0
4227;1;1;0
4228;0;1;0
4229;0;1;0
4230;1;1;0
4231;0;1;0
4232;0;1;0
4233;1;1;0
4234;1;1;0
4235;0;1;0
4236;1;1;0
4237;0;1;0
4238;1;1;0
4240;0;2;0
4241;0;1;0
4242;1;1;0
4243;0;1;0
4244;1;1;0
4245;1;1;0
4246;0;1;0
4247;1;1;0
4248;1;1;0
4249;0;1;0
4250;1;1;0
4251;1;1;0
4252;0;1;0
4253;0;1;0
4254;1;1;0
4255;0;1;0
4256;0;1;0
4257;1;1;0
4258;0;1;0
4260;1;2;0
4261;1;1;0
4262;0;1;0
4263;1;1;0
4264;1;1;0
4265;0;1;0
4266;1;1;0
4267;1;1;0
4268;0;1;0
4269;1;1;0
4270;1;1;0
4271;0;1;0
4272;1;1;0
4273;0;1;0
4274;0;1;0
4275;1;1;0
4276;0;1;0
4277;1;1;0
4278;1;1;0
4280;1;2;0
4281;1;1;0
4282;0;1;0
4283;1;1;0
4284;1;1;0
4285;0;1;0
4286;0;1;0
4287;1;1;0
4288;0;1;0
4289;0;1;0
4290;0;1;0
4291;0;1;0
4292;1;1;0
4293;0;1;0
4294;1;1;0
4295;1;1;0
4296;0;1;0
4297;0;1;0
4298;1;1;0
4300;1;2;0
4301;1;1;0
4302;0;1;0
4303;1;1;0
4304;0;1;0
4305;1;1;0
4306;1;1;0
4307;0;1;0
4308;0;1;0
4309;1;1;0
4310;0;1;0
4311;0;1;0
4312;1;1;0
4313;1;1;0
4314;0;1;0
4315;1;1;0
4316;1;1;0
4317;0;1;0
4318;1;1;0
4320;1;2;0
4321;0;1;0
4322;1;1;0
4323;0;1;0
4324;0;1;0
4325;1;1;0
4326;1;1;0
4327;0;1;0
4328;1;1;0
4329;0;1;0
4330;0;1;0
4331;1;1;0
4332;1;1;0
4333;0;1;0
4334;1;1;0
4335;1;1;0
4336;0;1;0
4337;1;1;0
4338;0;1;0
4341;0;1;0
4342;0;1;0
4343;1;1;0
4344;0;1;0
4345;1;1;0
4346;1;1;0
4347;0;1;0
4348;1;1;0
4349;1;1;0
4350;0;1;0
4351;1;1;0
4352;1;1;0
4353;1;1;0
4354;1;1;0
4355;1;1;0
4356;0;1;0
4357;1;1;0
4358;1;1;0
4360;0;2;0
4361;1;1;0
4362;0;1;0
4363;0;1;0
4364;1;1;0
4365;1;1;0
4366;0;1;0
4367;1;1;0
4368;1;1;0
4369;0;1;0
4370;1;1;0
4371;1;1;0
4372;0;1;0
4373;1;1;0
4374;0;1;0
4375;0;1;0
4376;1;1;0
4377;1;1;0
4378;0;1;0
4381;0;1;0
4382;1;1;0
4383;1;1;0
4384;0;1;0
4385;1;1;0
4386;0;1;0
4387;0;1;0
4388;1;1;0
4389;0;1;0
4390;1;1;0
4391;1;1;0
4392;0;1;0
4393;1;1;0
4394;1;1;0
4395;0;1;0
4396;1;1;0
4397;0;1;0
4398;0;1;0
4400;1;2;0
4401;0;1;0
4402;1;1;0
4403;1;1;0
4404;0;1;0
4405;1;1;0
4406;0;1;0
4407;1;1;0
4408;1;1;0
4409;0;1;0
4410;1;1;0
4411;1;1;0
4412;0;1;0
4413;0;1;0
4414;1;1;0
4415;0;1;0
4416;0;1;0
4417;1;1;0
4418;1;1;0
4420;1;2;0
4421;1;1;0
4422;0;1;0
4423;0;1;0
4424;1;1;0
4425;0;1;0
4426;0;1;0
4427;1;1;0
4428;0;1;0
4429;1;1;0
4430;1;1;0
4431;0;1;0
4432;1;1;0
4433;1;1;0
4434;0;1;0
4435;1;1;0
4436;0;1;0
4437;0;1;0
4438;1;1;0
4440;0;2;0
4441;0;1;0
4442;1;1;0
4443;0;1;0
4444;1;1;0
4445;1;1;0
4446;0;1;0
4447;0;1;0
4448;1;1;0
4449;0;1;0
4450;0;1;0
4451;1;1;0
4452;0;1;0
4453;0;1;0
4454;1;1;0
4455;1;1;0
4456;0;1;0
4457;1;1;0
4458;0;1;0
4460;0;2;0
4461;1;1;0
4462;0;1;0
4463;1;1;0
4464;1;1;0
4465;0;1;0
4466;1;1;0
4467;1;1;0
4468;0;1;0
4469;1;1;0
4470;1;1;0
4471;0;1;0
4472;0;1;0
4473;1;1;0
4474;0;1;0
4475;1;1;0
4476;1;1;0
4477;0;1;0
4478;1;1;0
4480;1;2;0
4481;0;1;0
4482;1;1;0
4483;1;1;0
4484;0;1;0
4485;1;1;0
4486;1;1;0
4487;0;1;0
4488;1;1;0
4489;1;1;0
4490;0;1;0
4491;1;1;0
4492;1;1;0
4493;0;1;0
4494;1;1;0
4495;1;1;0
4496;0;1;0
4497;0;1;0
4498;1;1;0
4501;1;1;0
4502;1;1;0
4503;0;1;0
4504;1;1;0
4505;1;1;0
4506;0;1;0
4507;2;1;0
4508;2;1;0
4509;1;1;0
4510;1;1;0
4511;1;1;0
4512;0;1;0
4513;1;1;0
4514;1;1;0
4515;0;1;0
4516;0;1;0
4517;1;1;0
4518;0;1;0
4520;0;2;0
4521;1;1;0
4522;1;1;0
4523;0;1;0
4524;0;1;0
4525;1;1;0
4526;0;1;0
4527;1;1;0
4528;1;1;0
4529;1;1;0
4530;0;1;0
4531;1;1;0
4532;0;1;0
4533;1;1;0
4534;1;1;0
4535;1;1;0
4536;0;1;0
4537;1;1;0
4538;0;1;0
4540;1;2;0
4541;1;1;0
4542;0;1;0
4543;0;1;0
4544;1;1;0
4545;1;1;0
4546;0;1;0
4547;0;1;0
4548;1;1;0
4549;0;1;0
4550;0;1;0
4551;1;1;0
4552;1;1;0
4553;0;1;0
4554;2;1;0
4555;1;1;0
4556;1;1;0
4557;1;1;0
4558;0;1;0
4560;1;2;0
4561;1;1;0
4562;1;1;0
4563;1;1;0
4564;1;1;0
4565;0;1;0
4566;1;1;0
4567;1;1;0
4568;0;1;0
4569;1;1;0
4570;0;1;0
4571;0;1;0
4572;1;1;0
4573;0;1;0
4574;1;1;0
4575;0;1;0
4576;0;1;0
4577;1;1;0
4578;0;1;0
4580;1;2;0
4581;0;1;0
4582;1;1;0
4583;1;1;0
4584;0;1;0
4585;0;1;0
4586;1;1;0
4587;0;1;0
4588;0;1;0
4589;1;1;0
4590;0;1;0
4591;0;1;0
4592;1;1;0
4593;1;1;0
4594;0;1;0
4595;1;1;0
4596;1;1;0
4597;0;1;0
4598;1;1;0
4600;0;2;0
4601;0;1;0
4602;0;1;0
4603;0;1;0
4604;0;1;0
4605;0;1;0
4606;1;1;0
4607;0;1;0
4608;0;1;0
4609;1;1;0
4610;0;1;0
4611;1;1;0
4612;1;1;0
4613;0;1;0
4614;0;1;0
4615;1;1;0
4616;1;1;0
4617;0;1;0
4618;1;1;0
4620;0;2;0
4621;1;1;0
4622;1;1;0
4623;0;1;0
4624;0;1;0
4625;1;1;0
4626;0;1;0
4627;0;1;0
4628;1;1;0
4629;0;1;0
4630;0;1;0
4631;1;1;0
4632;0;1;0
4633;1;1;0
4634;1;1;0
4635;1;1;0
4636;0;1;0
4637;1;1;0
4638;1;1;0
4640;0;2;0
4641;1;1;0
4642;1;1;0
4643;0;1;0
4644;0;1;0
4645;1;1;0
4646;0;1;0
4647;0;1;0
4648;1;1;0
4649;1;1;0
4650;0;1;0
4651;1;1;0
4652;0;1;0
4655;0;1;0
4656;1;1;0
4657;1;1;0
4658;0;1;0
4661;0;1;0
4662;0;1;0
4663;1;1;0
4664;0;1;0
4665;0;1;0
4666;1;1;0
4667;1;1;0
4668;0;1;0
4669;1;1;0
4670;1;1;0
4671;0;1;0
4672;1;1;0
4673;1;1;0
4674;0;1;0
4675;0;1;0
4676;1;1;0
4677;0;1;0
4678;1;1;0
4680;0;2;0
4681;1;1;0
4682;0;1;0
4683;0;1;0
4684;1;1;0
4685;1;1;0
4686;0;1;0
4687;1;1;0
4688;0;1;0
4689;1;1;0
4690;1;1;0
4691;0;1;0
4692;1;1;0
4693;1;1;0
4694;0;1;0
4695;0;1;0
4696;1;1;0
4697;0;1;0
4698;0;1;0
4701;0;1;0
4702;1;1;0
4703;1;1;0
4704;0;1;0
4705;1;1;0
4706;1;1;0
4707;0;1;0
4708;0;1;0
4709;1;1;0
4710;0;1;0
4711;1;1;0
4712;1;1;0
4713;0;1;0
4714;1;1;0
4715;1;1;0
4716;0;1;0
4717;1;1;0
4718;1;1;0
4720;0;2;0
4721;1;1;0
4722;1;1;0
4723;0;1;0
4724;0;1;0
4725;1;1;0
4726;0;1;0
4727;0;1;0
4728;1;1;0
4729;0;1;0
4730;0;1;0
4731;1;1;0
4732;1;1;0
4733;0;1;0
4734;1;1;0
4735;1;1;0
4736;0;1;0
4737;1;1;0
4738;1;1;0
4740;0;2;0
4741;1;1;0
4742;1;1;0
4743;0;1;0
4744;1;1;0
4745;0;1;0
4746;0;1;0
4747;1;1;0
4748;0;1;0
4749;1;1;0
4750;1;1;0
4751;0;1;0
4752;0;1;0
4753;1;1;0
4754;0;1;0
4755;0;1;0
4756;1;1;0
4757;0;1;0
4758;1;1;0
4760;1;2;0
4761;0;1;0
4762;1;1;0
4763;1;1;0
4764;0;1;0
4765;1;1;0
4766;1;1;0
4767;0;1;0
4768;1;1;0
4769;1;1;0
4770;0;1;0
4771;1;1;0
4772;1;1;0
4773;0;1;0
4774;1;1;0
4775;0;1;0
4776;0;1;0
4777;0;1;0
4778;0;1;0
4780;1;2;0
4781;1;1;0
4782;1;1;0
4783;0;1;0
4784;1;1;0
4785;1;1;0
4786;0;1;0
4787;1;1;0
4788;1;1;0
4789;0;1;0
4790;0;1;0
4791;1;1;0
4792;0;1;0
4793;1;1;0
4794;1;1;0
4795;0;1;0
4796;1;1;0
4797;1;1;0
4798;0;1;0
4800;1;2;0
4801;1;1;0
4802;0;1;0
4803;0;1;0
4804;1;1;0
4805;0;1;0
4806;1;1;0
4807;0;1;0
4808;0;1;0
4809;1;1;0
4810;0;1;0
4811;1;1;0
4812;1;1;0
4813;0;1;0
4814;1;1;0
4815;1;1;0
4816;1;1;0
4817;1;1;0
4818;1;1;0
4820;1;2;0
4821;1;1;0
4822;0;1;0
4823;1;1;0
4824;0;1;0
4825;1;1;0
4826;1;1;0
4827;0;1;0
4828;1;1;0
4829;0;1;0
4830;1;1;0
4831;1;1;0
4832;0;1;0
4833;1;1;0
4834;1;1;0
4835;0;1;0
4836;1;1;0
4837;1;1;0
4838;0;1;0
4840;1;2;0
4841;1;1;0
4842;0;1;0
4843;1;1;0
4844;1;1;0
4845;0;1;0
4846;1;1;0
4847;1;1;0
4848;0;1;0
4849;1;1;0
4850;1;1;0
4851;0;1;0
4852;1;1;0
4853;1;1;0
4854;0;1;0
4855;1;1;0
4856;1;1;0
4857;0;1;0
4858;1;1;0
4860;1;2;0
4861;0;1;0
4862;1;1;0
4863;1;1;0
4864;0;1;0
4865;1;1;0
4866;1;1;0
4867;0;1;0
4868;1;1;0
4869;0;1;0
4870;0;1;0
4871;1;1;0
4872;0;1;0
4873;0;1;0
4874;1;1;0
4875;0;1;0
4876;1;1;0
4877;2;1;0
4878;2;1;0
4880;2;2;0
4881;1;1;0
4884;1;1;0
4885;1;1;0
4886;1;1;0
4887;0;1;0
4888;1;1;0
4889;1;1;0
4890;0;1;0
4891;1;1;0
4892;1;1;0
4893;0;1;0
4894;1;1;0
4895;1;1;0
4896;0;1;0
4897;0;1;0
4898;1;1;0
4900;0;2;0
4901;1;1;0
4902;0;1;0
4903;1;1;0
4904;1;1;0
4905;0;1;0
4906;1;1;0
4907;1;1;0
4908;1;1;0
4909;1;1;0
4910;0;1;0
4911;1;1;0
4914;0;1;0
4915;1;1;0
4916;0;1;0
4917;0;1;0
4918;1;1;0
4920;0;2;0
4921;0;1;0
4922;1;1;0
4923;1;1;0
4924;0;1;0
4925;1;1;0
4926;1;1;0
4927;0;1;0
4928;1;1;0
4929;1;1;0
4930;0;1;0
4931;1;1;0
4932;1;1;0
4933;0;1;0
4934;1;1;0
4935;0;1;0
4936;1;1;0
4937;1;1;0
4938;0;1;0
4940;1;2;0
4941;0;1;0
4942;0;1;0
4943;0;1;0
4944;0;1;0
4945;1;1;0
4946;0;1;0
4947;0;1;0
4948;1;1;0
4949;0;1;0
4950;0;1;0
4951;1;1;0
4952;0;1;0
4953;0;1;0
4954;1;1;0
4955;0;1;0
4956;1;1;0
4957;1;1;0
4958;0;1;0
4960;1;2;0
4961;1;1;0
4962;0;1;0
4963;1;1;0
4964;1;1;0
4965;0;1;0
4966;1;1;0
4967;0;1;0
4968;0;1;0
4969;1;1;0
4970;0;1;0
4971;1;1;0
4972;1;1;0
4973;0;1;0
4974;1;1;0
4975;0;1;0
4976;1;1;0
4977;1;1;0
4978;0;1;0
4980;1;2;0
4981;0;1;0
4982;0;1;0
4983;1;1;0
4984;1;1;0
4985;2;1;0
4986;2;1;0
4987;2;1;0
4988;1;1;0
4989;1;1;0
4990;1;1;0
4991;0;1;0
4992;0;1;0
4993;1;1;0
4994;0;1;0
4995;1;1;0
4996;0;1;0
4997;0;1;0
4998;1;1;0
5000;0;2;0
5001;1;1;0
5002;0;1;0
5003;0;1;0
5004;1;1;0
5005;0;1;0
5006;0;1;0
5007;1;1;0
5008;1;1;0
5009;0;1;0
5010;0;1;0
5011;1;1;0
5012;0;1;0
5013;0;1;0
5014;1;1;0
5015;0;1;0
5016;0;1;0
5017;1;1;0
5018;1;1;0
5020;0;2;0
5021;1;1;0
5022;0;1;0
5023;0;1;0
5024;1;1;0
5025;1;1;0
5026;0;1;0
5027;1;1;0
5028;1;1;0
5029;0;1;0
5030;1;1;0
5031;1;1;0
5032;0;1;0
5033;1;1;0
5034;0;1;0
5035;1;1;0
5036;0;1;0
5037;1;1;0
5038;1;1;0
5040;0;2;0
5041;1;1;0
5042;1;1;0
5043;0;1;0
5044;0;1;0
5045;1;1;0
5046;0;1;0
5047;0;1;0
5048;1;1;0
5049;0;1;0
5050;0;1;0
5051;1;1;0
5052;0;1;0
5053;0;1;0
5054;1;1;0
5055;0;1;0
5056;0;1;0
5057;1;1;0
5058;0;1;0
5060;1;2;0
5061;0;1;0
5062;1;1;0
5063;1;1;0
5064;0;1;0
5065;1;1;0
5066;1;1;0
5067;0;1;0
5068;1;1;0
5069;0;1;0
5070;1;1;0
5071;1;1;0
5072;0;1;0
5073;1;1;0
5074;1;1;0
5075;0;1;0
5076;1;1;0
5077;1;1;0
5078;0;1;0
5080;1;2;0
5081;0;1;0
5082;0;1;0
5083;1;1;0
5084;1;1;0
5085;0;1;0
5086;1;1;0
5087;1;1;0
5088;0;1;0
5089;1;1;0
5090;1;1;0
5091;0;1;0
5092;1;1;0
5093;1;1;0
5094;0;1;0
5095;1;1;0
5096;1;1;0
5097;0;1;0
5098;1;1;0
5100;0;2;0
5101;0;1;0
5102;1;1;0
5103;0;1;0
5104;1;1;0
5105;1;1;0
5106;0;1;0
5107;1;1;0
5108;0;1;0
5109;0;1;0
5110;1;1;0
5111;0;1;0
5112;1;1;0
5113;1;1;0
5114;0;1;0
5115;1;1;0
5116;1;1;0
5117;0;1;0
5118;0;1;0
5120;1;2;0
5121;0;1;0
5122;0;1;0
5123;1;1;0
5124;0;1;0
5125;1;1;0
5126;1;1;0
5127;1;1;0
5128;0;1;0
5129;1;1;0
5130;0;1;0
5131;1;1;0
5132;0;1;0
5133;0;1;0
5134;1;1;0
5135;0;1;0
5136;1;1;0
5137;1;1;0
5138;0;1;0
5140;1;2;0
5141;1;1;0
5142;0;1;0
5143;0;1;0
5144;1;1;0
5145;0;1;0
5146;0;1;0
5147;0;1;0
5148;1;1;0
5149;1;1;0
5150;0;1;0
5151;0;1;0
5152;1;1;0
5153;0;1;0
5154;1;1;0
5155;0;1;0
5156;1;1;0
5157;1;1;0
5158;1;1;0
5161;0;1;0
5162;0;1;0
5163;1;1;0
5164;0;1;0
5165;0;1;0
5166;1;1;0
5167;0;1;0
5168;0;1;0
5169;1;1;0
5171;1;2;0
5174;0;3;0
5183;1;5;0
5189;0;6;0
5204;1;8;0
